action,align_mode,ask,bid,bos,bos_strength,breakevens,delta,dte,dtf_dir,entry,entry_model,expiry,greeks_conf,greeks_max_lots,htf_align,htf_dir,is_live,iv,iv_pct,iv_samples,kite_symbol,legs_json,lot_size,ltf_dir,ltp,margin_est,max_loss,max_lots,max_profit,mid,mkt_bias,mkt_risk_off,mkt_strength,net_premium,notes,pass_caps,quote_ts,reason,regime,regime_conf,right,risk_lots,score,sent_mult,session,side,signal_strength,sl,spot_symbol,spread_pct,strategy_type,strike,target,theta_day,time_stop_min,tradingsymbol,ts_signal,underlying,vega_1pct
BUY_PE,hard,56.85,55.35,NONE,0.0,,-0.8919895112610855,0,,56.85,ask,2026-02-24,high,0,True,DOWN,False,1.9872671430740358,0.5,2,NFO:ADANIGREEN26FEB1020PE,"[{""side"":""BUY"",""right"":""PE"",""strike"":1020,""tradingsymbol"":""ADANIGREEN26FEB1020PE"",""instrument_token"":15104514,""bid"":55.35,""ask"":56.85,""mid"":56.1,""ltp"":56.1,""oi"":53400.0,""volume"":60600.0,""spread_pct"":0.026737967914438502,""price_used"":56.85,""tag"":""long"",""iv"":1.9872671430740358,""delta"":-0.8919895112610855,""gamma"":0.0044482316882516835,""vega_1pct"":0.03896199408311818,""theta_day"":-22.305077993882247,""greeks_conf"":""high""}]",600,DOWN,56.1,34110.0,56.85,0,,56.1,BEARISH,True,0.6875,56.85,adx=16.5 | ivp=0.50 | dte=0 | spr=0.027 | fallback single-leg,False,,Trend DOWN but ADX<18. Trigger SHORT when ADX>=18 AND RSI<=48.,TREND,0.829445165073893,PE,0,-0.9826075762065555,1.136625,MID,SHORT,0.9826075762065555,28.425,NSE:ADANIGREEN,0.026737967914438502,BUY_PE,1020,102.33,-22.305077993882247,90,ADANIGREEN26FEB1020PE,None,ADANIGREEN,0.03896199408311818
BUY_CE,hard,8.2,7.8,NONE,0.0,,0.8101242341918662,0,,8.2,ask,2026-02-24,high,0,True,UP,False,0.2431879020462036,1.0,2,NFO:ADANIPORTS26FEB1540CE,"[{""side"":""BUY"",""right"":""CE"",""strike"":1540,""tradingsymbol"":""ADANIPORTS26FEB1540CE"",""instrument_token"":15358722,""bid"":7.8,""ask"":8.2,""mid"":8.0,""ltp"":8.0,""oi"":146775.0,""volume"":480225.0,""spread_pct"":0.04999999999999993,""quote_ts"":""2026-02-24T11:21:45"",""price_used"":8.2,""tag"":""long"",""iv"":0.2431879020462036,""delta"":0.8101242341918662,""gamma"":0.033175442443082806,""vega_1pct"":0.09120121007007716,""theta_day"":-6.637729005573502,""greeks_conf"":""high""}]",475,UP,8.0,3894.9999999999995,8.2,0,,8.0,BEARISH,True,0.6875,8.2,adx=17.7 | ivp=1.00 | dte=0 | spr=0.050 | watch-mode single-leg,False,2026-02-24T11:21:45,Trend UP but ADX<18. Trigger LONG when ADX>=18 AND RSI>=52.,VOLATILE,1.0,CE,0,0.665469551905233,0.8195,MID,LONG,0.665469551905233,4.1,NSE:ADANIPORTS,0.04999999999999993,BUY_CE,1540,14.76,-6.637729005573502,90,ADANIPORTS26FEB1540CE,None,ADANIPORTS,0.09120121007007716
BUY_PE,hard,37.05,36.6,NONE,0.0,,-0.9042575882387287,0,,37.05,ask,2026-02-24,high,0,True,DOWN,False,2.3188024161224368,0.5,2,NFO:AMBUJACEM26FEB550PE,"[{""side"":""BUY"",""right"":""PE"",""strike"":550,""tradingsymbol"":""AMBUJACEM26FEB550PE"",""instrument_token"":18565122,""bid"":36.6,""ask"":37.05,""mid"":36.825,""ltp"":36.825,""oi"":393750.0,""volume"":196350.0,""spread_pct"":0.012219959266802327,""price_used"":37.05,""tag"":""long"",""iv"":2.3188024161224368,""delta"":-0.9042575882387287,""gamma"":0.006559921165724731,""vega_1pct"":0.01899693228859485,""theta_day"":-12.697658593696218,""greeks_conf"":""high""}]",1050,DOWN,36.825,38902.5,37.05,0,,36.825,BEARISH,True,0.6875,37.05,adx=15.6 | ivp=0.50 | dte=0 | spr=0.012 | fallback single-leg,False,,Trend DOWN but ADX<18. Trigger SHORT when ADX>=18 AND RSI<=48.,TREND,0.944898854329014,PE,0,-0.9666010234362146,1.136625,MID,SHORT,0.9666010234362146,18.525,NSE:AMBUJACEM,0.012219959266802327,BUY_PE,550,66.69,-12.697658593696218,90,AMBUJACEM26FEB550PE,None,AMBUJACEM,0.01899693228859485
BUY_PE,hard,22.35,21.05,NONE,0.0,,-0.648507273248278,0,,22.35,ask,2026-02-24,high,0,True,DOWN,False,0.6432065140590668,1.0,2,NFO:ANGELONE26FEB2500PE,"[{""side"":""BUY"",""right"":""PE"",""strike"":2500,""tradingsymbol"":""ANGELONE26FEB2500PE"",""instrument_token"":18608642,""bid"":21.05,""ask"":22.35,""mid"":21.700000000000003,""ltp"":21.700000000000003,""oi"":105250.0,""volume"":204500.0,""spread_pct"":0.059907834101382514,""quote_ts"":""2026-02-24T11:21:50"",""price_used"":22.35,""tag"":""long"",""iv"":0.6432065140590668,""delta"":-0.648507273248278,""gamma"":0.010675643442213747,""vega_1pct"":0.2004175919813895,""theta_day"":-37.13502957164408,""greeks_conf"":""high""}]",250,DOWN,21.700000000000003,5587.5,22.35,0,,21.700000000000003,BEARISH,True,0.6875,22.35,adx=15.4 | ivp=1.00 | dte=0 | spr=0.060 | watch-mode single-leg,False,2026-02-24T11:21:50,Trend DOWN but ADX<18. Trigger SHORT when ADX>=18 AND RSI<=48.,VOLATILE,1.0,PE,0,-0.8861925369176997,1.136625,MID,SHORT,0.8861925369176997,11.175,NSE:ANGELONE,0.059907834101382514,BUY_PE,2500,40.230000000000004,-37.13502957164408,90,ANGELONE26FEB2500PE,None,ANGELONE,0.2004175919813895
BUY_PE,hard,23.25,21.8,NONE,0.0,,-0.6910189072344045,0,,23.25,ask,2026-02-24,high,0,True,DOWN,False,0.6677445493125915,0.5,2,NFO:APLAPOLLO26FEB2220PE,"[{""side"":""BUY"",""right"":""PE"",""strike"":2220,""tradingsymbol"":""APLAPOLLO26FEB2220PE"",""instrument_token"":16849922,""bid"":21.8,""ask"":23.25,""mid"":22.525,""ltp"":22.525,""oi"":33250.0,""volume"":18900.0,""spread_pct"":0.06437291897891229,""price_used"":23.25,""tag"":""long"",""iv"":0.6677445493125915,""delta"":-0.6910189072344045,""gamma"":0.011018650298197622,""vega_1pct"":0.16867629381265964,""theta_day"":-32.4296720427576,""greeks_conf"":""high""}]",350,DOWN,22.525,8137.5,23.25,0,,22.525,BEARISH,True,0.6875,23.25,adx=14.1 | ivp=0.50 | dte=0 | spr=0.064 | fallback single-leg,False,,Trend DOWN but ADX<18. Trigger SHORT when ADX>=18 AND RSI<=48.,TREND,0.75747005417566,PE,0,-0.940485192256535,1.136625,MID,SHORT,0.940485192256535,11.625,NSE:APLAPOLLO,0.06437291897891229,BUY_PE,2220,41.85,-32.4296720427576,90,APLAPOLLO26FEB2220PE,None,APLAPOLLO,0.16867629381265964
BUY_CE,hard,91.1,88.0,NONE,0.0,,0.8981601354462039,0,,91.1,ask,2026-02-24,low,0,True,UP,True,0.5,0.5,2,NFO:APOLLOHOSP26FEB7600CE,"[{""side"":""BUY"",""right"":""CE"",""strike"":7600,""tradingsymbol"":""APOLLOHOSP26FEB7600CE"",""instrument_token"":18855938,""bid"":88.0,""ask"":91.1,""mid"":89.55,""ltp"":89.55,""oi"":80250.0,""volume"":43625.0,""spread_pct"":0.03461753210496923,""price_used"":91.1,""tag"":""long"",""iv"":0.5,""delta"":0.8981601354462039,""gamma"":0.002124797267961719,""vega_1pct"":0.29771703684982925,""theta_day"":-44.31924367286482,""greeks_conf"":""low""}]",125,UP,89.55,11387.5,91.1,0,,89.55,BEARISH,True,0.6875,91.1,adx=20.0 | ivp=0.50 | dte=0 | spr=0.035 | fallback single-leg,False,,LIVE signal,TREND,0.8899931202181903,CE,0,0.7964104199472344,0.8195,MID,LONG,0.7964104199472344,45.55,NSE:APOLLOHOSP,0.03461753210496923,BUY_CE,7600,163.98,-44.31924367286482,90,APOLLOHOSP26FEB7600CE,None,APOLLOHOSP,0.29771703684982925
BUY_CE,hard,20.84,20.48,NONE,0.0,,0.9549332784467988,0,,20.84,ask,2026-02-24,low,0,True,UP,True,2.8231815877075195,1.0,2,NFO:ASHOKLEY26FEB190CE,"[{""side"":""BUY"",""right"":""CE"",""strike"":190,""tradingsymbol"":""ASHOKLEY26FEB190CE"",""instrument_token"":9237506,""bid"":20.48,""ask"":20.84,""mid"":20.66,""ltp"":20.66,""oi"":1335000.0,""volume"":50000.0,""spread_pct"":0.017424975798644698,""price_used"":20.84,""tag"":""long"",""iv"":2.8231815877075195,""delta"":0.9549332784467988,""gamma"":0.0073535070271911,""vega_1pct"":0.0043380849527533145,""theta_day"":-3.584161760125352,""greeks_conf"":""low""}]",5000,UP,20.66,104200.0,20.84,0,,20.66,BEARISH,True,0.6875,20.84,adx=20.7 | ivp=1.00 | dte=0 | spr=0.017 | fallback single-leg,False,,LIVE signal,VOLATILE,1.0,CE,0,0.7394560737775584,0.8195,MID,LONG,0.7394560737775584,10.42,NSE:ASHOKLEY,0.017424975798644698,BUY_CE,190,37.512,-3.584161760125352,90,ASHOKLEY26FEB190CE,None,ASHOKLEY,0.0043380849527533145
BUY_CE,hard,148.25,144.4,NONE,0.0,,1.0,0,,148.25,ask,2026-02-24,low,0,True,UP,False,0.5,1.0,2,NFO:ASTRAL26FEB1500CE,"[{""side"":""BUY"",""right"":""CE"",""strike"":1500,""tradingsymbol"":""ASTRAL26FEB1500CE"",""instrument_token"":17910274,""bid"":144.4,""ask"":148.25,""mid"":146.325,""ltp"":146.325,""oi"":67150.0,""volume"":9775.0,""spread_pct"":0.026311293353835603,""price_used"":148.25,""tag"":""long"",""iv"":0.5,""delta"":1.0,""gamma"":5.04893287476004e-19,""vega_1pct"":3.2413710936981414e-18,""theta_day"":-0.2465683609574182,""greeks_conf"":""low""}]",425,UP,146.325,63006.25,148.25,0,,146.325,BEARISH,True,0.6875,148.25,adx=18.0 | ivp=1.00 | dte=0 | spr=0.026 | fallback single-leg,False,,Trend UP but ADX<18. Trigger LONG when ADX>=18 AND RSI>=52.,VOLATILE,1.0,CE,0,0.5685933722419074,0.8195,MID,LONG,0.5685933722419074,74.125,NSE:ASTRAL,0.026311293353835603,BUY_CE,1500,266.85,-0.2465683609574182,90,ASTRAL26FEB1500CE,None,ASTRAL,3.2413710936981414e-18
BUY_PE,hard,22.0,21.15,NONE,0.0,,-0.8337695715910958,0,,22.0,ask,2026-02-24,high,0,True,DOWN,False,0.9410866272125245,1.0,2,NFO:AUBANK26FEB1000PE,"[{""side"":""BUY"",""right"":""PE"",""strike"":1000,""tradingsymbol"":""AUBANK26FEB1000PE"",""instrument_token"":19355906,""bid"":21.15,""ask"":22.0,""mid"":21.575,""ltp"":21.575,""oi"":243000.0,""volume"":46000.0,""spread_pct"":0.039397450753186625,""price_used"":22.0,""tag"":""long"",""iv"":0.9410866272125245,""delta"":-0.8337695715910958,""gamma"":0.012448474826632491,""vega_1pct"":0.05310635793163922,""theta_day"":-14.371119263560052,""greeks_conf"":""high""}]",1000,DOWN,21.575,22000.0,22.0,0,,21.575,BEARISH,True,0.6875,22.0,adx=22.2 | ivp=1.00 | dte=0 | spr=0.039 | fallback single-leg,False,,Trigger SHORT when RSI closes <= 48 AND price closes below EMA_fast.,VOLATILE,1.0,PE,0,-0.9949721860562817,1.136625,MID,SHORT,0.9949721860562817,11.0,NSE:AUBANK,0.039397450753186625,BUY_PE,1000,39.6,-14.371119263560052,90,AUBANK26FEB1000PE,None,AUBANK,0.05310635793163922
BUY_PE,hard,17.9,17.2,NONE,0.0,,-0.9749629594507895,0,,17.9,ask,2026-02-24,high,0,True,DOWN,False,0.34973237536621093,1.0,2,NFO:AUROPHARMA26FEB1180PE,"[{""side"":""BUY"",""right"":""PE"",""strike"":1180,""tradingsymbol"":""AUROPHARMA26FEB1180PE"",""instrument_token"":18218498,""bid"":17.2,""ask"":17.9,""mid"":17.549999999999997,""ltp"":17.549999999999997,""oi"":128700.0,""volume"":640200.0,""spread_pct"":0.03988603988603985,""price_used"":17.9,""tag"":""long"",""iv"":0.34973237536621093,""delta"":-0.9749629594507895,""gamma"":0.0066262815669419425,""vega_1pct"":0.014776382427875061,""theta_day"":-1.311195265121683,""greeks_conf"":""high""}]",550,DOWN,17.549999999999997,9845.0,17.9,0,,17.549999999999997,BEARISH,True,0.6875,17.9,adx=18.7 | ivp=1.00 | dte=0 | spr=0.040 | fallback single-leg,False,,Trigger SHORT when RSI closes <= 48 AND price closes below EMA_fast.,VOLATILE,1.0,PE,0,-0.9386395416330272,1.136625,MID,SHORT,0.9386395416330272,8.95,NSE:AUROPHARMA,0.03988603988603985,BUY_PE,1180,32.22,-1.311195265121683,90,AUROPHARMA26FEB1180PE,None,AUROPHARMA,0.014776382427875061
BUY_CE,hard,19.3,18.8,NONE,0.0,,0.9415003411955147,0,,19.3,ask,2026-02-24,low,0,True,UP,False,0.5,1.0,2,NFO:AXISBANK26FEB1370CE,"[{""side"":""BUY"",""right"":""CE"",""strike"":1370,""tradingsymbol"":""AXISBANK26FEB1370CE"",""instrument_token"":18434818,""bid"":18.8,""ask"":19.3,""mid"":19.05,""ltp"":19.05,""oi"":1510000.0,""volume"":264375.0,""spread_pct"":0.026246719160104987,""price_used"":19.3,""tag"":""long"",""iv"":0.5,""delta"":0.9415003411955147,""gamma"":0.007717141940855118,""vega_1pct"":0.035344035002762564,""theta_day"":-5.343011495970557,""greeks_conf"":""low""}]",625,UP,19.05,12062.5,19.3,0,,19.05,BEARISH,True,0.6875,19.3,adx=15.6 | ivp=1.00 | dte=0 | spr=0.026 | fallback single-leg,False,,Trend UP but ADX<18. Trigger LONG when ADX>=18 AND RSI>=52.,VOLATILE,1.0,CE,0,0.5451076517528295,0.8195,MID,LONG,0.5451076517528295,9.65,NSE:AXISBANK,0.026246719160104987,BUY_CE,1370,34.74,-5.343011495970557,90,AXISBANK26FEB1370CE,None,AXISBANK,0.035344035002762564
BUY_CE,hard,32.88,32.43,NONE,0.0,,1.0,0,,32.88,ask,2026-02-24,low,0,True,UP,True,0.5,1.0,2,NFO:BANDHANBNK26FEB145CE,"[{""side"":""BUY"",""right"":""CE"",""strike"":145,""tradingsymbol"":""BANDHANBNK26FEB145CE"",""instrument_token"":19932418,""bid"":32.43,""ask"":32.88,""mid"":32.655,""ltp"":32.655,""oi"":529200.0,""volume"":21600.0,""spread_pct"":0.01378043178686274,""price_used"":32.88,""tag"":""long"",""iv"":0.5,""delta"":1.0,""gamma"":1.7490263684785506e-77,""vega_1pct"":1.3016235539894408e-78,""theta_day"":-0.023834942048208876,""greeks_conf"":""low""}]",3600,UP,32.655,118368.00000000001,32.88,0,,32.655,BEARISH,True,0.6875,32.88,adx=26.2 | ivp=1.00 | dte=0 | spr=0.014 | fallback single-leg,False,,LIVE signal,VOLATILE,1.0,CE,0,0.792853978339269,0.8195,MID,LONG,0.792853978339269,16.44,NSE:BANDHANBNK,0.01378043178686274,BUY_CE,145,59.184000000000005,-0.023834942048208876,90,BANDHANBNK26FEB145CE,None,BANDHANBNK,1.3016235539894408e-78
BUY_CE,hard,8.55,8.3,NONE,0.0,,0.9089147654105225,0,,8.55,ask,2026-02-24,high,0,True,UP,True,0.9181221542663576,1.0,2,NFO:BANKBARODA26FEB305CE,"[{""side"":""BUY"",""right"":""CE"",""strike"":305,""tradingsymbol"":""BANKBARODA26FEB305CE"",""instrument_token"":20000002,""bid"":8.3,""ask"":8.55,""mid"":8.425,""ltp"":8.425,""oi"":704925.0,""volume"":988650.0,""spread_pct"":0.029673590504451036,""price_used"":8.55,""tag"":""long"",""iv"":0.9181221542663576,""delta"":0.9089147654105225,""gamma"":0.026243403375498565,""vega_1pct"":0.011141152089605985,""theta_day"":-3.0170899881054325,""greeks_conf"":""high""}]",2925,UP,8.425,25008.750000000004,8.55,0,,8.425,BEARISH,True,0.6875,8.55,adx=23.3 | ivp=1.00 | dte=0 | spr=0.030 | fallback single-leg,False,,LIVE signal,VOLATILE,1.0,CE,0,0.8996026962883509,0.8195,MID,LONG,0.8996026962883509,4.275,NSE:BANKBARODA,0.029673590504451036,BUY_CE,305,15.390000000000002,-3.0170899881054325,90,BANKBARODA26FEB305CE,None,BANKBARODA,0.011141152089605985
BUY_CE,hard,10.29,10.02,BOS_UP,0.20556414219474345,,0.9999999931402102,0,,10.29,ask,2026-02-24,low,0,True,UP,True,0.5,1.0,2,NFO:BANKINDIA26FEB167CE,"[{""side"":""BUY"",""right"":""CE"",""strike"":167,""tradingsymbol"":""BANKINDIA26FEB167CE"",""instrument_token"":19607298,""bid"":10.02,""ask"":10.29,""mid"":10.155,""ltp"":10.155,""oi"":244400.0,""volume"":306800.0,""spread_pct"":0.0265878877400295,""price_used"":10.29,""tag"":""long"",""iv"":0.5,""delta"":0.9999999931402102,""gamma"":2.079090466284488e-08,""vega_1pct"":1.5456792080459452e-09,""theta_day"":-0.027451502732889696,""greeks_conf"":""low""}]",5200,UP,10.155,53507.99999999999,10.29,0,,10.155,BEARISH,True,0.6875,10.29,adx=25.8 | ivp=1.00 | dte=0 | spr=0.027 | fallback single-leg,False,,LIVE signal,VOLATILE,1.0,CE,0,0.7896578698229438,0.8195,MID,LONG,0.7896578698229438,5.145,NSE:BANKINDIA,0.0265878877400295,BUY_CE,167,18.522,-0.027451502732889696,90,BANKINDIA26FEB167CE,None,BANKINDIA,1.5456792080459452e-09
BUY_CE,hard,128.0,127.7,NONE,0.0,,0.47777351199954654,0,,128.0,ask,2026-02-24,high,0,True,UP,False,0.25903796601486206,1.0,2,NFO:BANKNIFTY26FEB61400CE,"[{""side"":""BUY"",""right"":""CE"",""strike"":61400,""tradingsymbol"":""BANKNIFTY26FEB61400CE"",""instrument_token"":15433986,""bid"":127.7,""ask"":128.0,""mid"":127.85,""ltp"":127.85,""oi"":1100070.0,""volume"":18231330.0,""spread_pct"":0.0023464998044583274,""quote_ts"":""2026-02-24T11:22:17"",""price_used"":128.0,""tag"":""long"",""iv"":0.25903796601486206,""delta"":0.47777351199954654,""gamma"":0.0011540281009612234,""vega_1pct"":5.307510718735404,""theta_day"":-404.4188781011958,""greeks_conf"":""high""}]",30,UP,127.85,3840.0,128.0,0,,127.85,BEARISH,True,0.6875,128.0,adx=10.2 | ivp=1.00 | dte=0 | spr=0.002 | watch-mode single-leg,False,2026-02-24T11:22:17,Trend UP but ADX<18. Trigger LONG when ADX>=18 AND RSI>=52.,VOLATILE,1.0,CE,0,0.5793859016045736,0.8195,MID,LONG,0.5793859016045736,64.0,NSE:NIFTY BANK,0.0023464998044583274,BUY_CE,61400,230.4,-404.4188781011958,90,BANKNIFTY26FEB61400CE,None,BANKNIFTY,5.307510718735404
BUY_PE,hard,48.85,47.35,NONE,0.0,,-0.9998205517621334,0,,48.85,ask,2026-02-24,low,0,True,DOWN,True,0.5,1.0,2,NFO:BDL26FEB1300PE,"[{""side"":""BUY"",""right"":""PE"",""strike"":1300,""tradingsymbol"":""BDL26FEB1300PE"",""instrument_token"":19752450,""bid"":47.35,""ask"":48.85,""mid"":48.1,""ltp"":48.1,""oi"":240450.0,""volume"":65100.0,""spread_pct"":0.031185031185031183,""price_used"":48.85,""tag"":""long"",""iv"":0.5,""delta"":-0.9998205517621334,""gamma"":5.045326127860242e-05,""vega_1pct"":0.00018589486502484297,""theta_day"":0.18663651842315246,""greeks_conf"":""low""}]",350,DOWN,48.1,17097.5,48.85,0,,48.1,BEARISH,True,0.6875,48.85,adx=39.2 | ivp=1.00 | dte=0 | spr=0.031 | fallback single-leg,False,,LIVE signal,VOLATILE,1.0,PE,0,-1.2770363672904823,1.136625,MID,SHORT,1.2770363672904823,24.425,NSE:BDL,0.031185031185031183,BUY_PE,1300,87.93,0.18663651842315246,90,BDL26FEB1300PE,None,BDL,0.00018589486502484297
BUY_PE,hard,12.1,11.95,NONE,0.0,,-0.8581552805607049,0,,12.1,ask,2026-02-24,high,0,True,DOWN,True,1.0919960208587645,1.0,2,NFO:BEL26FEB445PE,"[{""side"":""BUY"",""right"":""PE"",""strike"":445,""tradingsymbol"":""BEL26FEB445PE"",""instrument_token"":19888130,""bid"":11.95,""ask"":12.1,""mid"":12.024999999999999,""ltp"":12.024999999999999,""oi"":356250.0,""volume"":115425.0,""spread_pct"":0.012474012474012504,""price_used"":12.1,""tag"":""long"",""iv"":1.0919960208587645,""delta"":-0.8581552805607049,""gamma"":0.021843884715973195,""vega_1pct"":0.02114080421312475,""theta_day"":-6.64847216257372,""greeks_conf"":""high""}]",1425,DOWN,12.024999999999999,17242.5,12.1,0,,12.024999999999999,BEARISH,True,0.6875,12.1,adx=30.1 | ivp=1.00 | dte=0 | spr=0.012 | fallback single-leg,False,,LIVE signal,VOLATILE,1.0,PE,0,-1.3562961980037511,1.136625,MID,SHORT,1.3562961980037511,6.05,NSE:BEL,0.012474012474012504,BUY_PE,445,21.78,-6.64847216257372,90,BEL26FEB445PE,None,BEL,0.02114080421312475
BUY_CE,hard,229.25,226.0,NONE,0.0,,1.0,0,,229.25,ask,2026-02-24,low,0,True,UP,True,0.5,1.0,2,NFO:BHARATFORG26FEB1600CE,"[{""side"":""BUY"",""right"":""CE"",""strike"":1600,""tradingsymbol"":""BHARATFORG26FEB1600CE"",""instrument_token"":20338178,""bid"":226.0,""ask"":229.25,""mid"":227.625,""ltp"":227.625,""oi"":61500.0,""volume"":16000.0,""spread_pct"":0.014277869302580999,""price_used"":229.25,""tag"":""long"",""iv"":0.5,""delta"":1.0,""gamma"":6.093374925617485e-36,""vega_1pct"":4.811306448820986e-35,""theta_day"":-0.2630062637017959,""greeks_conf"":""low""}]",500,UP,227.625,114625.0,229.25,0,,227.625,BEARISH,True,0.6875,229.25,adx=35.4 | ivp=1.00 | dte=0 | spr=0.014 | fallback single-leg,False,,LIVE signal,VOLATILE,1.0,CE,0,0.8839768423204399,0.8195,MID,LONG,0.8839768423204399,114.625,NSE:BHARATFORG,0.014277869302580999,BUY_CE,1600,412.65000000000003,-0.2630062637017959,90,BHARATFORG26FEB1600CE,None,BHARATFORG,4.811306448820986e-35
BUY_PE,hard,58.3,57.4,NONE,0.0,,-0.8497338858268623,0,,58.3,ask,2026-02-24,high,0,True,DOWN,True,1.2016685453109743,1.0,2,NFO:BHARTIARTL26FEB2000PE,"[{""side"":""BUY"",""right"":""PE"",""strike"":2000,""tradingsymbol"":""BHARTIARTL26FEB2000PE"",""instrument_token"":20431618,""bid"":57.4,""ask"":58.3,""mid"":57.849999999999994,""ltp"":57.849999999999994,""oi"":309225.0,""volume"":198550.0,""spread_pct"":0.015557476231633512,""price_used"":58.3,""tag"":""long"",""iv"":1.2016685453109743,""delta"":-0.8497338858268623,""gamma"":0.004599140098700495,""vega_1pct"":0.09859809015676214,""theta_day"":-34.17022437925199,""greeks_conf"":""high""}]",475,DOWN,57.849999999999994,27692.5,58.3,0,,57.849999999999994,BEARISH,True,0.6875,58.3,adx=38.8 | ivp=1.00 | dte=0 | spr=0.016 | fallback single-leg,False,,LIVE signal,VOLATILE,1.0,PE,0,-1.4958998574543625,1.136625,MID,SHORT,1.4958998574543625,29.15,NSE:BHARTIARTL,0.015557476231633512,BUY_PE,2000,104.94,-34.17022437925199,90,BHARTIARTL26FEB2000PE,None,BHARTIARTL,0.09859809015676214
BUY_PE,hard,22.4,21.95,NONE,0.0,,-0.9782060745978345,0,,22.4,ask,2026-02-24,high,0,True,DOWN,False,1.857910784667969,1.0,2,NFO:BHEL26FEB280PE,"[{""side"":""BUY"",""right"":""PE"",""strike"":280,""tradingsymbol"":""BHEL26FEB280PE"",""instrument_token"":20515330,""bid"":21.95,""ask"":22.4,""mid"":22.174999999999997,""ltp"":22.174999999999997,""oi"":637875.0,""volume"":94500.0,""spread_pct"":0.020293122886133004,""price_used"":22.4,""tag"":""long"",""iv"":1.857910784667969,""delta"":-0.9782060745978345,""gamma"":0.005006865202126834,""vega_1pct"":0.00291463471217459,""theta_day"":-1.5295755284596753,""greeks_conf"":""high""}]",2625,DOWN,22.174999999999997,58799.99999999999,22.4,0,,22.174999999999997,BEARISH,True,0.6875,22.4,adx=12.1 | ivp=1.00 | dte=0 | spr=0.020 | fallback single-leg,False,,Trend DOWN but ADX<18. Trigger SHORT when ADX>=18 AND RSI<=48.,VOLATILE,1.0,PE,0,-0.8341931980062073,1.136625,MID,SHORT,0.8341931980062073,11.2,NSE:BHEL,0.020293122886133004,BUY_PE,280,40.32,-1.5295755284596753,90,BHEL26FEB280PE,None,BHEL,0.00291463471217459
BUY_CE,hard,17.45,16.95,NONE,0.0,,0.9999931866698537,0,,17.45,ask,2026-02-24,low,0,True,UP,False,0.5,0.5,2,NFO:BIOCON26FEB370CE,"[{""side"":""BUY"",""right"":""CE"",""strike"":370,""tradingsymbol"":""BIOCON26FEB370CE"",""instrument_token"":20613122,""bid"":16.95,""ask"":17.45,""mid"":17.2,""ltp"":17.2,""oi"":1155000.0,""volume"":25000.0,""spread_pct"":0.029069767441860465,""price_used"":17.45,""tag"":""long"",""iv"":0.5,""delta"":0.9999931866698537,""gamma"":7.381946480349929e-06,""vega_1pct"":2.6153333611519306e-06,""theta_day"":-0.061200054107162775,""greeks_conf"":""low""}]",2500,UP,17.2,43625.0,17.45,0,,17.2,BEARISH,True,0.6875,17.45,adx=8.7 | ivp=0.50 | dte=0 | spr=0.029 | fallback single-leg,False,,Trend UP but ADX<18. Trigger LONG when ADX>=18 AND RSI>=52.,TREND,0.8256774453133844,CE,0,0.5186061634562108,0.8195,MID,LONG,0.5186061634562108,8.725,NSE:BIOCON,0.029069767441860465,BUY_CE,370,31.41,-0.061200054107162775,90,BIOCON26FEB370CE,None,BIOCON,2.6153333611519306e-06
BUY_CE,hard,134.2,128.35,NONE,0.0,,0.9787567254856918,0,,134.2,ask,2026-02-24,low,0,True,UP,False,0.5,0.5,2,NFO:BRITANNIA26FEB6000CE,"[{""side"":""BUY"",""right"":""CE"",""strike"":6000,""tradingsymbol"":""BRITANNIA26FEB6000CE"",""instrument_token"":21001986,""bid"":128.35,""ask"":134.2,""mid"":131.27499999999998,""ltp"":131.27499999999998,""oi"":31875.0,""volume"":18500.0,""spread_pct"":0.04456294039230619,""price_used"":134.2,""tag"":""long"",""iv"":0.5,""delta"":0.9787567254856918,""gamma"":0.0007657560994696694,""vega_1pct"":0.06781521108748297,""theta_day"":-10.828781389832265,""greeks_conf"":""low""}]",125,UP,131.27499999999998,16775.0,134.2,0,,131.27499999999998,BEARISH,True,0.6875,134.2,adx=15.6 | ivp=0.50 | dte=0 | spr=0.045 | fallback single-leg,False,,Trend UP but ADX<18. Trigger LONG when ADX>=18 AND RSI>=52.,TREND,0.8019737371841089,CE,0,0.5930951139563017,0.8195,MID,LONG,0.5930951139563017,67.1,NSE:BRITANNIA,0.04456294039230619,BUY_CE,6000,241.55999999999997,-10.828781389832265,90,BRITANNIA26FEB6000CE,None,BRITANNIA,0.06781521108748297
BUY_PE,hard,271.5,270.2,NONE,0.0,,-0.9259322405840252,0,,271.5,ask,2026-02-24,low,0,True,DOWN,False,2.8882984570083616,1.0,2,NFO:BSE26FEB3000PE,"[{""side"":""BUY"",""right"":""PE"",""strike"":3000,""tradingsymbol"":""BSE26FEB3000PE"",""instrument_token"":21083906,""bid"":270.2,""ask"":271.5,""mid"":270.85,""ltp"":270.85,""oi"":344250.0,""volume"":55500.0,""spread_pct"":0.004799704633561054,""price_used"":271.5,""tag"":""long"",""iv"":2.8882984570083616,""delta"":-0.9259322405840252,""gamma"":0.0008180950633275201,""vega_1pct"":0.08319827589259136,""theta_day"":-69.45140006617194,""greeks_conf"":""low""}]",375,DOWN,270.85,101812.5,271.5,0,,270.85,BEARISH,True,0.6875,271.5,adx=14.5 | ivp=1.00 | dte=0 | spr=0.005 | fallback single-leg,False,,Trend DOWN but ADX<18. Trigger SHORT when ADX>=18 AND RSI<=48.,VOLATILE,1.0,PE,0,-0.740610323912096,1.136625,MID,SHORT,0.740610323912096,135.75,NSE:BSE,0.004799704633561054,BUY_PE,3000,488.7,-69.45140006617194,90,BSE26FEB3000PE,None,BSE,0.08319827589259136
BUY_PE,hard,86.95,85.55,NONE,0.0,,-0.9804672807173119,0,,86.95,ask,2026-02-24,low,0,True,DOWN,True,2.506409190124512,1.0,2,NFO:CAMS26FEB800PE,"[{""side"":""BUY"",""right"":""PE"",""strike"":800,""tradingsymbol"":""CAMS26FEB800PE"",""instrument_token"":21199106,""bid"":85.55,""ask"":86.95,""mid"":86.25,""ltp"":86.25,""oi"":22500.0,""volume"":6750.0,""spread_pct"":0.01623188405797108,""price_used"":86.95,""tag"":""long"",""iv"":2.506409190124512,""delta"":-0.9804672807173119,""gamma"":0.0012221419464304877,""vega_1pct"":0.007352111553695745,""theta_day"":-5.232403254692407,""greeks_conf"":""low""}]",750,DOWN,86.25,65212.5,86.95,0,,86.25,BEARISH,True,0.6875,86.95,adx=32.1 | ivp=1.00 | dte=0 | spr=0.016 | fallback single-leg,False,,LIVE signal,VOLATILE,1.0,PE,0,-1.1805270451969603,1.136625,MID,SHORT,1.1805270451969603,43.475,NSE:CAMS,0.01623188405797108,BUY_PE,800,156.51000000000002,-5.232403254692407,90,CAMS26FEB800PE,None,CAMS,0.007352111553695745
BUY_CE,hard,12.6,12.5,BOS_UP,0.050059594755664155,,0.9616931113704223,0,,12.6,ask,2026-02-24,high,0,True,UP,True,2.1704107221679694,1.0,2,NFO:CANBK26FEB145CE,"[{""side"":""BUY"",""right"":""CE"",""strike"":145,""tradingsymbol"":""CANBK26FEB145CE"",""instrument_token"":21338626,""bid"":12.5,""ask"":12.6,""mid"":12.55,""ltp"":12.55,""oi"":1755000.0,""volume"":216000.0,""spread_pct"":0.007968127490039813,""price_used"":12.6,""tag"":""long"",""iv"":2.1704107221679694,""delta"":0.9616931113704223,""gamma"":0.011221601624208632,""vega_1pct"":0.0028416797239834033,""theta_day"":-1.8175202883675423,""greeks_conf"":""high""}]",6750,UP,12.55,85050.0,12.6,0,,12.55,BEARISH,True,0.6875,12.6,adx=23.2 | ivp=1.00 | dte=0 | spr=0.008 | fallback single-leg,False,,LIVE signal,VOLATILE,1.0,CE,0,0.8988116412107721,0.8195,MID,LONG,0.8988116412107721,6.3,NSE:CANBK,0.007968127490039813,BUY_CE,145,22.68,-1.8175202883675423,90,CANBK26FEB145CE,None,CANBK,0.0028416797239834033
BUY_CE,hard,117.55,115.2,NONE,0.0,,0.9774868341861701,0,,117.55,ask,2026-02-24,low,0,True,UP,False,4.1520692613830565,1.0,2,NFO:CGPOWER26FEB600CE,"[{""side"":""BUY"",""right"":""CE"",""strike"":600,""tradingsymbol"":""CGPOWER26FEB600CE"",""instrument_token"":21404418,""bid"":115.2,""ask"":117.55,""mid"":116.375,""ltp"":116.375,""oi"":273700.0,""volume"":11900.0,""spread_pct"":0.020193340494092327,""price_used"":117.55,""tag"":""long"",""iv"":4.1520692613830565,""delta"":0.9774868341861701,""gamma"":0.0008299827090065515,""vega_1pct"":0.00831078365680581,""theta_day"":-10.138777647169125,""greeks_conf"":""low""}]",850,UP,116.375,99917.5,117.55,0,,116.375,BEARISH,True,0.6875,117.55,adx=11.6 | ivp=1.00 | dte=0 | spr=0.020 | fallback single-leg,False,,Trend UP but ADX<18. Trigger LONG when ADX>=18 AND RSI>=52.,VOLATILE,1.0,CE,0,0.505490905203584,0.8195,MID,LONG,0.505490905203584,58.775,NSE:CGPOWER,0.020193340494092327,BUY_CE,600,211.59,-10.138777647169125,90,CGPOWER26FEB600CE,None,CGPOWER,0.00831078365680581
BUY_PE,hard,76.55,76.05,NONE,0.0,,-0.8756111565826913,0,,76.55,ask,2026-02-24,high,0,True,DOWN,False,2.0891958336257934,1.0,2,NFO:CIPLA26FEB1400PE,"[{""side"":""BUY"",""right"":""PE"",""strike"":1400,""tradingsymbol"":""CIPLA26FEB1400PE"",""instrument_token"":21702146,""bid"":76.05,""ask"":76.55,""mid"":76.3,""ltp"":76.3,""oi"":98625.0,""volume"":15750.0,""spread_pct"":0.006553079947575361,""price_used"":76.55,""tag"":""long"",""iv"":2.0891958336257934,""delta"":-0.8756111565826913,""gamma"":0.0034103471506772153,""vega_1pct"":0.059069530175350236,""theta_day"":-35.719379903836504,""greeks_conf"":""high""}]",375,DOWN,76.3,28706.25,76.55,0,,76.3,BEARISH,True,0.6875,76.55,adx=20.7 | ivp=1.00 | dte=0 | spr=0.007 | fallback single-leg,False,,Trigger SHORT when RSI closes <= 48 AND price closes below EMA_fast.,VOLATILE,1.0,PE,0,-0.9717334239577521,1.136625,MID,SHORT,0.9717334239577521,38.275,NSE:CIPLA,0.006553079947575361,BUY_PE,1400,137.79,-35.719379903836504,90,CIPLA26FEB1400PE,None,CIPLA,0.059069530175350236
BUY_CE,hard,10.4,10.1,NONE,0.0,,0.9889916034234507,0,,10.4,ask,2026-02-24,low,0,True,UP,False,0.5,1.0,2,NFO:COALINDIA26FEB415CE,"[{""side"":""BUY"",""right"":""CE"",""strike"":415,""tradingsymbol"":""COALINDIA26FEB415CE"",""instrument_token"":21931010,""bid"":10.1,""ask"":10.4,""mid"":10.25,""ltp"":10.25,""oi"":186300.0,""volume"":64800.0,""spread_pct"":0.029268292682926897,""price_used"":10.4,""tag"":""long"",""iv"":0.5,""delta"":0.9889916034234507,""gamma"":0.0062808609419767215,""vega_1pct"":0.0026741885676280913,""theta_day"":-0.456696978823166,""greeks_conf"":""low""}]",1350,UP,10.25,14040.0,10.4,0,,10.25,BEARISH,True,0.6875,10.4,adx=15.3 | ivp=1.00 | dte=0 | spr=0.029 | fallback single-leg,False,,Trend UP but ADX<18. Trigger LONG when ADX>=18 AND RSI>=52.,VOLATILE,1.0,CE,0,0.542389128754944,0.8195,MID,LONG,0.542389128754944,5.2,NSE:COALINDIA,0.029268292682926897,BUY_CE,415,18.720000000000002,-0.456696978823166,90,COALINDIA26FEB415CE,None,COALINDIA,0.0026741885676280913
BUY_PE,hard,57.7,56.65,NONE,0.0,,-0.9540217580230584,0,,57.7,ask,2026-02-24,high,0,True,DOWN,True,1.226807395263672,1.0,2,NFO:COFORGE26FEB1280PE,"[{""side"":""BUY"",""right"":""PE"",""strike"":1280,""tradingsymbol"":""COFORGE26FEB1280PE"",""instrument_token"":22010882,""bid"":56.65,""ask"":57.7,""mid"":57.175,""ltp"":57.175,""oi"":45000.0,""volume"":161250.0,""spread_pct"":0.018364669873196404,""price_used"":57.7,""tag"":""long"",""iv"":1.226807395263672,""delta"":-0.9540217580230584,""gamma"":0.0029623018553414644,""vega_1pct"":0.025592412557451663,""theta_day"":-8.939792917105176,""greeks_conf"":""high""}]",375,DOWN,57.175,21637.5,57.7,0,,57.175,BEARISH,True,0.6875,57.7,adx=55.4 | ivp=1.00 | dte=0 | spr=0.018 | fallback single-leg,False,,LIVE signal,VOLATILE,1.0,PE,0,-1.7613375219753167,1.136625,MID,SHORT,1.7613375219753167,28.85,NSE:COFORGE,0.018364669873196404,BUY_PE,1280,103.86000000000001,-8.939792917105176,90,COFORGE26FEB1280PE,None,COFORGE,0.025592412557451663
BUY_CE,hard,39.7,38.15,NONE,0.0,,0.9710677695981933,0,,39.7,ask,2026-02-24,low,0,True,UP,True,0.5,0.5,2,NFO:COLPAL26FEB2160CE,"[{""side"":""BUY"",""right"":""CE"",""strike"":2160,""tradingsymbol"":""COLPAL26FEB2160CE"",""instrument_token"":22122242,""bid"":38.15,""ask"":39.7,""mid"":38.925,""ltp"":38.925,""oi"":81675.0,""volume"":13050.0,""spread_pct"":0.03982016698779716,""price_used"":39.7,""tag"":""long"",""iv"":0.5,""delta"":0.9710677695981933,""gamma"":0.0027613703346273536,""vega_1pct"":0.03157368373399248,""theta_day"":-4.941172309360468,""greeks_conf"":""low""}]",225,UP,38.925,8932.5,39.7,0,,38.925,BEARISH,True,0.6875,39.7,adx=18.5 | ivp=0.50 | dte=0 | spr=0.040 | fallback single-leg,False,,LIVE signal,TREND,0.7783126354652845,CE,0,0.7797865611836972,0.8195,MID,LONG,0.7797865611836972,19.85,NSE:COLPAL,0.03982016698779716,BUY_CE,2160,71.46000000000001,-4.941172309360468,90,COLPAL26FEB2160CE,None,COLPAL,0.03157368373399248
BUY_PE,hard,18.65,18.35,NONE,0.0,,-0.8410998811142496,0,,18.65,ask,2026-02-24,high,0,True,DOWN,False,1.5213782592010499,1.0,2,NFO:CONCOR26FEB520PE,"[{""side"":""BUY"",""right"":""PE"",""strike"":520,""tradingsymbol"":""CONCOR26FEB520PE"",""instrument_token"":22244866,""bid"":18.35,""ask"":18.65,""mid"":18.5,""ltp"":18.5,""oi"":386250.0,""volume"":118750.0,""spread_pct"":0.01621621621621606,""price_used"":18.65,""tag"":""long"",""iv"":1.5213782592010499,""delta"":-0.8410998811142496,""gamma"":0.014597575599279834,""vega_1pct"":0.026417140163247997,""theta_day"":-11.630756412617696,""greeks_conf"":""high""}]",1250,DOWN,18.5,23312.5,18.65,0,,18.5,BEARISH,True,0.6875,18.65,adx=15.4 | ivp=1.00 | dte=0 | spr=0.016 | fallback single-leg,False,,Trend DOWN but ADX<18. Trigger SHORT when ADX>=18 AND RSI<=48.,VOLATILE,1.0,PE,0,-0.8865151587667458,1.136625,MID,SHORT,0.8865151587667458,9.325,NSE:CONCOR,0.01621621621621606,BUY_PE,520,33.57,-11.630756412617696,90,CONCOR26FEB520PE,None,CONCOR,0.026417140163247997
BUY_CE,hard,180.95,178.0,NONE,0.0,,0.9322136550452309,0,,180.95,ask,2026-02-24,high,0,True,UP,True,1.1442573629455566,1.0,2,NFO:CUMMINSIND26FEB4700CE,"[{""side"":""BUY"",""right"":""CE"",""strike"":4700,""tradingsymbol"":""CUMMINSIND26FEB4700CE"",""instrument_token"":22417922,""bid"":178.0,""ask"":180.95,""mid"":179.475,""ltp"":179.475,""oi"":40800.0,""volume"":34200.0,""spread_pct"":0.01643682964201136,""price_used"":180.95,""tag"":""long"",""iv"":1.1442573629455566,""delta"":0.9322136550452309,""gamma"":0.0010825464272711729,""vega_1pct"":0.138502344821679,""theta_day"":-46.87544742441417,""greeks_conf"":""high""}]",200,UP,179.475,36190.0,180.95,0,,179.475,BEARISH,True,0.6875,180.95,adx=30.2 | ivp=1.00 | dte=0 | spr=0.016 | fallback single-leg,False,,LIVE signal,VOLATILE,1.0,CE,0,0.979609754084748,0.8195,MID,LONG,0.979609754084748,90.475,NSE:CUMMINSIND,0.01643682964201136,BUY_CE,4700,325.71,-46.87544742441417,90,CUMMINSIND26FEB4700CE,None,CUMMINSIND,0.138502344821679
BUY_CE,hard,14.8,14.2,NONE,0.0,,0.997272054468224,0,,14.8,ask,2026-02-24,low,0,True,UP,True,0.5,0.5,2,NFO:DABUR26FEB500CE,"[{""side"":""BUY"",""right"":""CE"",""strike"":500,""tradingsymbol"":""DABUR26FEB500CE"",""instrument_token"":22497538,""bid"":14.2,""ask"":14.8,""mid"":14.5,""ltp"":14.5,""oi"":378750.0,""volume"":150000.0,""spread_pct"":0.04137931034482768,""price_used"":14.8,""tag"":""long"",""iv"":0.5,""delta"":0.997272054468224,""gamma"":0.0015030528874675076,""vega_1pct"":0.000938326959680165,""theta_day"":-0.2186132488545761,""greeks_conf"":""low""}]",1250,UP,14.5,18500.0,14.8,0,,14.5,BEARISH,True,0.6875,14.8,adx=30.2 | ivp=0.50 | dte=0 | spr=0.041 | fallback single-leg,False,,LIVE signal,TREND,0.9961704883187128,CE,0,0.9049166706316533,0.8195,MID,LONG,0.9049166706316533,7.4,NSE:DABUR,0.04137931034482768,BUY_CE,500,26.64,-0.2186132488545761,90,DABUR26FEB500CE,None,DABUR,0.000938326959680165
BUY_PE,hard,1030.25,1020.0,BOS_DOWN,0.13099415204678364,,-0.9453315305537493,0,,1030.25,ask,2026-02-24,low,0,True,DOWN,True,2.6064639110193246,1.0,2,NFO:DIXON26FEB11500PE,"[{""side"":""BUY"",""right"":""PE"",""strike"":11500,""tradingsymbol"":""DIXON26FEB11500PE"",""instrument_token"":22914562,""bid"":1020.0,""ask"":1030.25,""mid"":1025.125,""ltp"":1025.125,""oi"":37150.0,""volume"":6200.0,""spread_pct"":0.009998780636507743,""price_used"":1030.25,""tag"":""long"",""iv"":2.6064639110193246,""delta"":-0.9453315305537493,""gamma"":0.00018678367739021734,""vega_1pct"":0.2517644326384948,""theta_day"":-189.40915111842284,""greeks_conf"":""low""}]",50,DOWN,1025.125,51512.5,1030.25,0,,1025.125,BEARISH,True,0.6875,1030.25,adx=49.5 | ivp=1.00 | dte=0 | spr=0.010 | fallback single-leg,False,,LIVE signal,VOLATILE,1.0,PE,0,-1.4169527219571956,1.136625,MID,SHORT,1.4169527219571956,515.125,NSE:DIXON,0.009998780636507743,BUY_PE,11500,1854.45,-189.40915111842284,90,DIXON26FEB11500PE,None,DIXON,0.2517644326384948
BUY_PE,hard,28.85,28.15,NONE,0.0,,-0.9999854153304566,0,,28.85,ask,2026-02-24,low,0,True,DOWN,False,0.5,0.5,2,NFO:DLF26FEB650PE,"[{""side"":""BUY"",""right"":""PE"",""strike"":650,""tradingsymbol"":""DLF26FEB650PE"",""instrument_token"":23780098,""bid"":28.15,""ask"":28.85,""mid"":28.5,""ltp"":28.5,""oi"":391050.0,""volume"":84150.0,""spread_pct"":0.02456140350877203,""price_used"":28.85,""tag"":""long"",""iv"":0.5,""delta"":-0.9999854153304566,""gamma"":9.524265557771994e-06,""vega_1pct"":8.637211065752955e-06,""theta_day"":0.10558634930863255,""greeks_conf"":""low""}]",825,DOWN,28.5,23801.25,28.85,0,,28.5,BEARISH,True,0.6875,28.85,adx=16.7 | ivp=0.50 | dte=0 | spr=0.025 | fallback single-leg,False,,Trend DOWN but ADX<18. Trigger SHORT when ADX>=18 AND RSI<=48.,TREND,0.8184943571746597,PE,0,-0.8380629844135258,1.136625,MID,SHORT,0.8380629844135258,14.425,NSE:DLF,0.02456140350877203,BUY_PE,650,51.93000000000001,0.10558634930863255,90,DLF26FEB650PE,None,DLF,8.637211065752955e-06
BUY_PE,hard,187.1,181.25,NONE,0.0,,-0.9999956539055006,0,,187.1,ask,2026-02-24,low,0,True,DOWN,True,0.5,1.0,2,NFO:DMART26FEB4000PE,"[{""side"":""BUY"",""right"":""PE"",""strike"":4000,""tradingsymbol"":""DMART26FEB4000PE"",""instrument_token"":23095042,""bid"":181.25,""ask"":187.1,""mid"":184.175,""ltp"":184.175,""oi"":27150.0,""volume"":6750.0,""spread_pct"":0.031763268630378684,""price_used"":187.1,""tag"":""long"",""iv"":0.5,""delta"":-0.9999956539055006,""gamma"":4.89530085405378e-07,""vega_1pct"":1.6713142467532062e-05,""theta_day"":0.6550776120904014,""greeks_conf"":""low""}]",150,DOWN,184.175,28065.0,187.1,0,,184.175,BEARISH,True,0.6875,187.1,adx=18.2 | ivp=1.00 | dte=0 | spr=0.032 | fallback single-leg,False,,LIVE signal,VOLATILE,1.0,PE,0,-0.9918507057973089,1.136625,MID,SHORT,0.9918507057973089,93.55,NSE:DMART,0.031763268630378684,BUY_PE,4000,336.78,0.6550776120904014,90,DMART26FEB4000PE,None,DMART,1.6713142467532062e-05
BUY_CE,hard,104.0,101.1,NONE,0.0,,0.9999999999999982,0,,104.0,ask,2026-02-24,low,0,True,UP,True,0.5,1.0,2,NFO:DRREDDY26FEB1200CE,"[{""side"":""BUY"",""right"":""CE"",""strike"":1200,""tradingsymbol"":""DRREDDY26FEB1200CE"",""instrument_token"":23221506,""bid"":101.1,""ask"":104.0,""mid"":102.55,""ltp"":102.55,""oi"":96875.0,""volume"":5625.0,""spread_pct"":0.028278888347147788,""price_used"":104.0,""tag"":""long"",""iv"":0.5,""delta"":0.9999999999999982,""gamma"":9.735188252835777e-16,""vega_1pct"":3.906907879865739e-15,""theta_day"":-0.19725471127725494,""greeks_conf"":""low""}]",625,UP,102.55,65000.0,104.0,0,,102.55,BEARISH,True,0.6875,104.0,adx=25.1 | ivp=1.00 | dte=0 | spr=0.028 | fallback single-leg,False,,LIVE signal,VOLATILE,1.0,CE,0,0.7826561676459225,0.8195,MID,LONG,0.7826561676459225,52.0,NSE:DRREDDY,0.028278888347147788,BUY_CE,1200,187.20000000000002,-0.19725471127725494,90,DRREDDY26FEB1200CE,None,DRREDDY,3.906907879865739e-15
BUY_PE,hard,9.4,9.2,NONE,0.0,,-0.8835255682653252,0,,9.4,ask,2026-02-24,high,0,True,DOWN,True,1.3046272039184568,1.0,2,NFO:ETERNAL26FEB265PE,"[{""side"":""BUY"",""right"":""PE"",""strike"":265,""tradingsymbol"":""ETERNAL26FEB265PE"",""instrument_token"":24341762,""bid"":9.2,""ask"":9.4,""mid"":9.3,""ltp"":9.3,""oi"":2682050.0,""volume"":5441700.0,""spread_pct"":0.021505376344086134,""price_used"":9.4,""tag"":""long"",""iv"":1.3046272039184568,""delta"":-0.8835255682653252,""gamma"":0.027042902044193518,""vega_1pct"":0.01087380392870608,""theta_day"":-4.096722950769239,""greeks_conf"":""high""}]",2425,DOWN,9.3,22795.0,9.4,0,,9.3,BEARISH,True,0.6875,9.4,adx=34.8 | ivp=1.00 | dte=0 | spr=0.022 | fallback single-leg,False,,LIVE signal,VOLATILE,1.0,PE,0,-1.4324329277524894,1.136625,MID,SHORT,1.4324329277524894,4.7,NSE:ETERNAL,0.021505376344086134,BUY_PE,265,16.92,-4.096722950769239,90,ETERNAL26FEB265PE,None,ETERNAL,0.01087380392870608
BUY_PE,hard,15.35,14.7,NONE,0.0,,-0.8464613684170789,0,,15.35,ask,2026-02-24,high,0,True,DOWN,True,1.8078619665527347,1.0,2,NFO:EXIDEIND26FEB350PE,"[{""side"":""BUY"",""right"":""PE"",""strike"":350,""tradingsymbol"":""EXIDEIND26FEB350PE"",""instrument_token"":23607554,""bid"":14.7,""ask"":15.35,""mid"":15.024999999999999,""ltp"":15.024999999999999,""oi"":185400.0,""volume"":19800.0,""spread_pct"":0.043261231281198034,""price_used"":15.35,""tag"":""long"",""iv"":1.8078619665527347,""delta"":-0.8464613684170789,""gamma"":0.017983946299141934,""vega_1pct"":0.017246927119802354,""theta_day"":-9.040931378093646,""greeks_conf"":""high""}]",1800,DOWN,15.024999999999999,27630.0,15.35,0,,15.024999999999999,BEARISH,True,0.6875,15.35,adx=18.7 | ivp=1.00 | dte=0 | spr=0.043 | fallback single-leg,False,,LIVE signal,VOLATILE,1.0,PE,0,-1.173846662404896,1.136625,MID,SHORT,1.173846662404896,7.675,NSE:EXIDEIND,0.043261231281198034,BUY_PE,350,27.63,-9.040931378093646,90,EXIDEIND26FEB350PE,None,EXIDEIND,0.017246927119802354
BUY_CE,hard,19.35,18.9,BOS_UP,0.2208201892744492,,0.9999999996666932,0,,19.35,ask,2026-02-24,low,0,True,UP,True,0.5,1.0,2,NFO:FEDERALBNK26FEB280CE,"[{""side"":""BUY"",""right"":""CE"",""strike"":280,""tradingsymbol"":""FEDERALBNK26FEB280CE"",""instrument_token"":23718402,""bid"":18.9,""ask"":19.35,""mid"":19.125,""ltp"":19.125,""oi"":955000.0,""volume"":195000.0,""spread_pct"":0.02352941176470603,""price_used"":19.35,""tag"":""long"",""iv"":0.5,""delta"":0.9999999996666932,""gamma"":6.501369295468739e-10,""vega_1pct"":1.3686051676403074e-10,""theta_day"":-0.04602611969858996,""greeks_conf"":""low""}]",5000,UP,19.125,96750.0,19.35,0,,19.125,BEARISH,True,0.6875,19.35,adx=29.5 | ivp=1.00 | dte=0 | spr=0.024 | fallback single-leg,False,,LIVE signal,VOLATILE,1.0,CE,0,0.8255624981882634,0.8195,MID,LONG,0.8255624981882634,9.675,NSE:FEDERALBNK,0.02352941176470603,BUY_CE,280,34.830000000000005,-0.04602611969858996,90,FEDERALBNK26FEB280CE,None,FEDERALBNK,1.3686051676403074e-10
BUY_CE,hard,69.3,68.7,NONE,0.0,,0.5419247769603817,0,,69.3,ask,2026-02-24,high,0,True,UP,False,0.24774586832058426,1.0,2,NFO:FINNIFTY26FEB28400CE,"[{""side"":""BUY"",""right"":""CE"",""strike"":28400,""tradingsymbol"":""FINNIFTY26FEB28400CE"",""instrument_token"":15886850,""bid"":68.7,""ask"":69.3,""mid"":69.0,""ltp"":69.0,""oi"":247500.0,""volume"":3961260.0,""spread_pct"":0.00869565217391296,""quote_ts"":""2026-02-24T11:23:03"",""price_used"":69.3,""tag"":""long"",""iv"":0.24774586832058426,""delta"":0.5419247769603817,""gamma"":0.00260014990058691,""vega_1pct"":2.443437814134691,""theta_day"":-179.03393049237513,""greeks_conf"":""high""}]",60,UP,69.0,4158.0,69.3,0,,69.0,BEARISH,True,0.6875,69.3,adx=14.0 | ivp=1.00 | dte=0 | spr=0.009 | watch-mode single-leg,False,2026-02-24T11:23:03,Trend UP but ADX<18. Trigger LONG when ADX>=18 AND RSI>=52.,VOLATILE,1.0,CE,0,0.6230006874778495,0.8195,MID,LONG,0.6230006874778495,34.65,NSE:NIFTY FIN SERVICE,0.00869565217391296,BUY_CE,28400,124.74,-179.03393049237513,90,FINNIFTY26FEB28400CE,None,FINNIFTY,2.443437814134691
BUY_CE,hard,38.1,35.5,NONE,0.0,,0.9650765105122466,0,,38.1,ask,2026-02-24,low,0,True,UP,False,0.5,1.0,2,NFO:GLENMARK26FEB2000CE,"[{""side"":""BUY"",""right"":""CE"",""strike"":2000,""tradingsymbol"":""GLENMARK26FEB2000CE"",""instrument_token"":24005122,""bid"":35.5,""ask"":38.1,""mid"":36.8,""ltp"":36.8,""oi"":127875.0,""volume"":33375.0,""spread_pct"":0.07065217391304353,""price_used"":38.1,""tag"":""long"",""iv"":0.5,""delta"":0.9650765105122466,""gamma"":0.0034901432645606995,""vega_1pct"":0.034091735994701874,""theta_day"":-5.288732288855678,""greeks_conf"":""low""}]",375,UP,36.8,14287.5,38.1,0,,36.8,BEARISH,True,0.6875,38.1,adx=14.8 | ivp=1.00 | dte=0 | spr=0.071 | fallback single-leg,False,,Trend UP but ADX<18. Trigger LONG when ADX>=18 AND RSI>=52.,VOLATILE,1.0,CE,0,0.5373158438686158,0.8195,MID,LONG,0.5373158438686158,19.05,NSE:GLENMARK,0.07065217391304353,BUY_CE,2000,68.58,-5.288732288855678,90,GLENMARK26FEB2000CE,None,GLENMARK,0.034091735994701874
BUY_CE,hard,8.35,8.19,NONE,0.0,,0.9999999999999997,0,,8.35,ask,2026-02-24,low,0,True,UP,False,0.5,1.0,2,NFO:GMRAIRPORT26FEB92CE,"[{""side"":""BUY"",""right"":""CE"",""strike"":92,""tradingsymbol"":""GMRAIRPORT26FEB92CE"",""instrument_token"":24099330,""bid"":8.19,""ask"":8.35,""mid"":8.27,""ltp"":8.27,""oi"":1004400.0,""volume"":20925.0,""spread_pct"":0.019347037484885147,""price_used"":8.35,""tag"":""long"",""iv"":0.5,""delta"":0.9999999999999997,""gamma"":2.248607552050967e-15,""vega_1pct"":5.324428161496439e-17,""theta_day"":-0.015122861543101544,""greeks_conf"":""low""}]",6975,UP,8.27,58241.25,8.35,0,,8.27,BEARISH,True,0.6875,8.35,adx=15.6 | ivp=1.00 | dte=0 | spr=0.019 | fallback single-leg,False,,Trend UP but ADX<18. Trigger LONG when ADX>=18 AND RSI>=52.,VOLATILE,1.0,CE,0,0.5453866253980464,0.8195,MID,LONG,0.5453866253980464,4.175,NSE:GMRAIRPORT,0.019347037484885147,BUY_CE,92,15.03,-0.015122861543101544,90,GMRAIRPORT26FEB92CE,None,GMRAIRPORT,5.324428161496439e-17
BUY_PE,hard,45.35,42.75,NONE,0.0,,-0.922909269535932,0,,45.35,ask,2026-02-24,high,0,True,DOWN,False,0.4823693727645874,1.0,2,NFO:GRASIM26FEB2900PE,"[{""side"":""BUY"",""right"":""PE"",""strike"":2900,""tradingsymbol"":""GRASIM26FEB2900PE"",""instrument_token"":25866754,""bid"":42.75,""ask"":45.35,""mid"":44.05,""ltp"":44.05,""oi"":42750.0,""volume"":15500.0,""spread_pct"":0.05902383654937574,""price_used"":45.35,""tag"":""long"",""iv"":0.4823693727645874,""delta"":-0.922909269535932,""gamma"":0.004841636056715118,""vega_1pct"":0.0894670055253441,""theta_day"":-12.154933927105228,""greeks_conf"":""high""}]",250,DOWN,44.05,11337.5,45.35,0,,44.05,BEARISH,True,0.6875,45.35,adx=12.3 | ivp=1.00 | dte=0 | spr=0.059 | fallback single-leg,False,,Trend DOWN but ADX<18. Trigger SHORT when ADX>=18 AND RSI<=48.,VOLATILE,1.0,PE,0,-0.8360507387012932,1.136625,MID,SHORT,0.8360507387012932,22.675,NSE:GRASIM,0.05902383654937574,BUY_PE,2900,81.63000000000001,-12.154933927105228,90,GRASIM26FEB2900PE,None,GRASIM,0.0894670055253441
BUY_PE,hard,213.95,211.15,NONE,0.0,,-0.8727830163998238,0,,213.95,ask,2026-02-24,high,0,True,DOWN,True,1.9598394752197268,1.0,2,NFO:HAL26FEB4200PE,"[{""side"":""BUY"",""right"":""PE"",""strike"":4200,""tradingsymbol"":""HAL26FEB4200PE"",""instrument_token"":24524034,""bid"":211.15,""ask"":213.95,""mid"":212.55,""ltp"":212.55,""oi"":105600.0,""volume"":94650.0,""spread_pct"":0.013173370971536029,""price_used"":213.95,""tag"":""long"",""iv"":1.9598394752197268,""delta"":-0.8727830163998238,""gamma"":0.0012277232295238103,""vega_1pct"":0.18048490652866056,""theta_day"":-102.63967201209468,""greeks_conf"":""high""}]",150,DOWN,212.55,32092.5,213.95,0,,212.55,BEARISH,True,0.6875,213.95,adx=36.0 | ivp=1.00 | dte=0 | spr=0.013 | fallback single-leg,False,,LIVE signal,VOLATILE,1.0,PE,0,-1.4508099533824956,1.136625,MID,SHORT,1.4508099533824956,106.975,NSE:HAL,0.013173370971536029,BUY_PE,4200,385.11,-102.63967201209468,90,HAL26FEB4200PE,None,HAL,0.18048490652866056
BUY_PE,hard,37.95,37.2,NONE,0.0,,-0.98196006406333,0,,37.95,ask,2026-02-24,high,0,True,DOWN,True,0.5955514179992676,1.0,2,NFO:HCLTECH26FEB1400PE,"[{""side"":""BUY"",""right"":""PE"",""strike"":1400,""tradingsymbol"":""HCLTECH26FEB1400PE"",""instrument_token"":24731650,""bid"":37.2,""ask"":37.95,""mid"":37.575,""ltp"":37.575,""oi"":154350.0,""volume"":869750.0,""spread_pct"":0.01996007984031936,""price_used"":37.95,""tag"":""long"",""iv"":0.5955514179992676,""delta"":-0.98196006406333,""gamma"":0.0025233125100307284,""vega_1pct"":0.013089792595773093,""theta_day"":-2.04982546930782,""greeks_conf"":""high""}]",350,DOWN,37.575,13282.500000000002,37.95,0,,37.575,BEARISH,True,0.6875,37.95,adx=47.8 | ivp=1.00 | dte=0 | spr=0.020 | fallback single-leg,False,,LIVE signal,VOLATILE,1.0,PE,0,-1.6407980939120537,1.136625,MID,SHORT,1.6407980939120537,18.975,NSE:HCLTECH,0.01996007984031936,BUY_PE,1400,68.31,-2.04982546930782,90,HCLTECH26FEB1400PE,None,HCLTECH,0.013089792595773093
BUY_PE,hard,189.4,179.05,NONE,0.0,,-0.999999999837337,0,,189.4,ask,2026-02-24,low,0,True,DOWN,True,0.5,1.0,2,NFO:HDFCAMC26FEB2900PE,"[{""side"":""BUY"",""right"":""PE"",""strike"":2900,""tradingsymbol"":""HDFCAMC26FEB2900PE"",""instrument_token"":26594562,""bid"":179.05,""ask"":189.4,""mid"":184.22500000000002,""ltp"":184.22500000000002,""oi"":28800.0,""volume"":19500.0,""spread_pct"":0.05618130004071105,""price_used"":189.4,""tag"":""long"",""iv"":0.5,""delta"":-0.999999999837337,""gamma"":3.56955066755163e-11,""vega_1pct"":6.144808333503876e-10,""theta_day"":0.4766988193654018,""greeks_conf"":""low""}]",300,DOWN,184.22500000000002,56820.0,189.4,0,,184.22500000000002,BEARISH,True,0.6875,189.4,adx=24.3 | ivp=1.00 | dte=0 | spr=0.056 | fallback single-leg,False,,LIVE signal,VOLATILE,1.0,PE,0,-1.0749347617752374,1.136625,MID,SHORT,1.0749347617752374,94.7,NSE:HDFCAMC,0.05618130004071105,BUY_PE,2900,340.92,0.4766988193654018,90,HDFCAMC26FEB2900PE,None,HDFCAMC,6.144808333503876e-10
BUY_CE,hard,29.5,28.45,NONE,0.0,,0.9999358079599148,0,,29.5,ask,2026-02-24,low,0,True,UP,False,0.5,1.0,2,NFO:HDFCLIFE26FEB710CE,"[{""side"":""BUY"",""right"":""CE"",""strike"":710,""tradingsymbol"":""HDFCLIFE26FEB710CE"",""instrument_token"":26934530,""bid"":28.45,""ask"":29.5,""mid"":28.975,""ltp"":28.975,""oi"":231000.0,""volume"":166100.0,""spread_pct"":0.03623813632441762,""price_used"":29.5,""tag"":""long"",""iv"":0.5,""delta"":0.9999358079599148,""gamma"":3.2548205633101524e-05,""vega_1pct"":4.180591480341063e-05,""theta_day"":-0.12280511857230703,""greeks_conf"":""low""}]",1100,UP,28.975,32450.0,29.5,0,,28.975,BEARISH,True,0.6875,29.5,adx=21.2 | ivp=1.00 | dte=0 | spr=0.036 | fallback single-leg,False,,Trigger LONG when RSI closes >= 52 AND price closes above EMA_fast.,VOLATILE,1.0,CE,0,0.6003784707251892,0.8195,MID,LONG,0.6003784707251892,14.75,NSE:HDFCLIFE,0.03623813632441762,BUY_CE,710,53.1,-0.12280511857230703,90,HDFCLIFE26FEB710CE,None,HDFCLIFE,4.180591480341063e-05
BUY_PE,hard,22.65,22.05,NONE,0.0,,-0.8024041857906589,0,,22.65,ask,2026-02-24,high,0,True,DOWN,False,1.1438377463302611,0.5,2,NFO:HINDALCO26FEB940PE,"[{""side"":""BUY"",""right"":""PE"",""strike"":940,""tradingsymbol"":""HINDALCO26FEB940PE"",""instrument_token"":25396482,""bid"":22.05,""ask"":22.65,""mid"":22.35,""ltp"":22.35,""oi"":214900.0,""volume"":106400.0,""spread_pct"":0.02684563758389252,""price_used"":22.65,""tag"":""long"",""iv"":1.1438377463302611,""delta"":-0.8024041857906589,""gamma"":0.012193501367335689,""vega_1pct"":0.05538246026023553,""theta_day"":-18.37635817732721,""greeks_conf"":""high""}]",700,DOWN,22.35,15854.999999999998,22.65,0,,22.35,BEARISH,True,0.6875,22.65,adx=17.7 | ivp=0.50 | dte=0 | spr=0.027 | fallback single-leg,False,,Trend DOWN but ADX<18. Trigger SHORT when ADX>=18 AND RSI<=48.,TREND,0.8866777421527599,PE,0,-1.0031881409441845,1.136625,MID,SHORT,1.0031881409441845,11.325,NSE:HINDALCO,0.02684563758389252,BUY_PE,940,40.769999999999996,-18.37635817732721,90,HINDALCO26FEB940PE,None,HINDALCO,0.05538246026023553
BUY_PE,hard,15.37,15.05,NONE,0.0,,-0.9999999999996937,0,,15.37,ask,2026-02-24,low,0,True,DOWN,True,0.5,0.5,2,NFO:HUDCO26FEB207.5PE,"[{""side"":""BUY"",""right"":""PE"",""strike"":208,""tradingsymbol"":""HUDCO26FEB207.5PE"",""instrument_token"":27656450,""bid"":15.05,""ask"":15.37,""mid"":15.21,""ltp"":15.21,""oi"":119325.0,""volume"":11100.0,""spread_pct"":0.0210387902695594,""price_used"":15.37,""tag"":""long"",""iv"":0.5,""delta"":-0.9999999999996937,""gamma"":1.0780947928146472e-12,""vega_1pct"":9.354995243116345e-14,""theta_day"":0.03419081893356495,""greeks_conf"":""low""}]",2775,DOWN,15.21,42651.75,15.37,0,,15.21,BEARISH,True,0.6875,15.37,adx=29.5 | ivp=0.50 | dte=0 | spr=0.021 | fallback single-leg,False,,LIVE signal,TREND,0.9512526497101021,PE,0,-1.2445356371800278,1.136625,MID,SHORT,1.2445356371800278,7.685,NSE:HUDCO,0.0210387902695594,BUY_PE,208,27.666,0.03419081893356495,90,HUDCO26FEB207.5PE,None,HUDCO,9.354995243116345e-14
BUY_PE,hard,58.3,57.5,NONE,0.0,,-0.948002827629233,0,,58.3,ask,2026-02-24,high,0,True,DOWN,True,1.133957682388306,1.0,2,NFO:ICICIBANK26FEB1450PE,"[{""side"":""BUY"",""right"":""PE"",""strike"":1450,""tradingsymbol"":""ICICIBANK26FEB1450PE"",""instrument_token"":27807490,""bid"":57.5,""ask"":58.3,""mid"":57.9,""ltp"":57.9,""oi"":496300.0,""volume"":305200.0,""spread_pct"":0.01381692573402413,""price_used"":58.3,""tag"":""long"",""iv"":1.133957682388306,""delta"":-0.948002827629233,""gamma"":0.003111401482965851,""vega_1pct"":0.032088033079428965,""theta_day"":-10.405175111904454,""greeks_conf"":""high""}]",700,DOWN,57.9,40810.0,58.3,0,,57.9,BEARISH,True,0.6875,58.3,adx=20.9 | ivp=1.00 | dte=0 | spr=0.014 | fallback single-leg,False,,LIVE signal,VOLATILE,1.0,PE,0,-1.209719520108608,1.136625,MID,SHORT,1.209719520108608,29.15,NSE:ICICIBANK,0.01381692573402413,BUY_PE,1450,104.94,-10.405175111904454,90,ICICIBANK26FEB1450PE,None,ICICIBANK,0.032088033079428965
BUY_PE,hard,9.46,9.35,NONE,0.0,,-0.9528717104264064,0,,9.46,ask,2026-02-24,low,0,True,DOWN,True,3.342285487792969,1.0,2,NFO:IDFCFIRSTB26FEB80PE,"[{""side"":""BUY"",""right"":""PE"",""strike"":80,""tradingsymbol"":""IDFCFIRSTB26FEB80PE"",""instrument_token"":26362882,""bid"":9.35,""ask"":9.46,""mid"":9.405000000000001,""ltp"":9.405000000000001,""oi"":9154425.0,""volume"":1150100.0,""spread_pct"":0.011695906432748666,""price_used"":9.46,""tag"":""long"",""iv"":3.342285487792969,""delta"":-0.9528717104264064,""gamma"":0.019232678387521594,""vega_1pct"":0.001505411339641938,""theta_day"":-1.4580673581247643,""greeks_conf"":""low""}]",9275,DOWN,9.405000000000001,87741.50000000001,9.46,0,,9.405000000000001,BEARISH,True,0.6875,9.46,adx=41.2 | ivp=1.00 | dte=0 | spr=0.012 | fallback single-leg,False,,LIVE signal,VOLATILE,1.0,PE,0,-1.3042298734764455,1.136625,MID,SHORT,1.3042298734764455,4.73,NSE:IDFCFIRSTB,0.011695906432748666,BUY_PE,80,17.028000000000002,-1.4580673581247643,90,IDFCFIRSTB26FEB80PE,None,IDFCFIRSTB,0.001505411339641938
BUY_CE,hard,9.01,8.65,NONE,0.0,,0.9999999999959772,0,,9.01,ask,2026-02-24,low,0,True,UP,False,0.5,1.0,2,NFO:IEX26FEB116CE,"[{""side"":""BUY"",""right"":""CE"",""strike"":116,""tradingsymbol"":""IEX26FEB116CE"",""instrument_token"":28641538,""bid"":8.65,""ask"":9.01,""mid"":8.83,""ltp"":8.83,""oi"":97500.0,""volume"":7500.0,""spread_pct"":0.04077010192525475,""price_used"":9.01,""tag"":""long"",""iv"":0.5,""delta"":0.9999999999959772,""gamma"":2.076523037425583e-11,""vega_1pct"":7.590093295847334e-13,""theta_day"":-0.01906795712303417,""greeks_conf"":""low""}]",3750,UP,8.83,33787.5,9.01,0,,8.83,BEARISH,True,0.6875,9.01,adx=31.8 | ivp=1.00 | dte=0 | spr=0.041 | fallback single-leg,False,,Trigger LONG when RSI closes >= 52 AND price closes above EMA_fast.,VOLATILE,1.0,CE,0,0.7038124781402263,0.8195,MID,LONG,0.7038124781402263,4.505,NSE:IEX,0.04077010192525475,BUY_CE,116,16.218,-0.01906795712303417,90,IEX26FEB116CE,None,IEX,7.590093295847334e-13
BUY_PE,hard,60.45,60.15,NONE,0.0,,-0.9031027459002821,0,,60.45,ask,2026-02-24,low,0,True,DOWN,True,2.8961185848388675,0.5,2,NFO:INDHOTEL26FEB730PE,"[{""side"":""BUY"",""right"":""PE"",""strike"":730,""tradingsymbol"":""INDHOTEL26FEB730PE"",""instrument_token"":28937474,""bid"":60.15,""ask"":60.45,""mid"":60.3,""ltp"":60.3,""oi"":28000.0,""volume"":15000.0,""spread_pct"":0.004975124378109524,""price_used"":60.45,""tag"":""long"",""iv"":2.8961185848388675,""delta"":-0.9031027459002821,""gamma"":0.004073488932187421,""vega_1pct"":0.02492968713721373,""theta_day"":-20.997711304987117,""greeks_conf"":""low""}]",1000,DOWN,60.3,60450.0,60.45,0,,60.3,BEARISH,True,0.6875,60.45,adx=18.9 | ivp=0.50 | dte=0 | spr=0.005 | fallback single-leg,False,,LIVE signal,TREND,0.8810934391466754,PE,0,-1.0887085886593417,1.136625,MID,SHORT,1.0887085886593417,30.225,NSE:INDHOTEL,0.004975124378109524,BUY_PE,730,108.81,-20.997711304987117,90,INDHOTEL26FEB730PE,None,INDHOTEL,0.02492968713721373
BUY_CE,hard,64.9,63.25,NONE,0.0,,0.9999999999122903,0,,64.9,ask,2026-02-24,low,0,True,UP,True,0.5,1.0,2,NFO:INDIANB26FEB920CE,"[{""side"":""BUY"",""right"":""CE"",""strike"":920,""tradingsymbol"":""INDIANB26FEB920CE"",""instrument_token"":26582786,""bid"":63.25,""ask"":64.9,""mid"":64.075,""ltp"":64.075,""oi"":201000.0,""volume"":31000.0,""spread_pct"":0.025751072961373477,""price_used"":64.9,""tag"":""long"",""iv"":0.5,""delta"":0.9999999999122903,""gamma"":5.369837570787956e-11,""vega_1pct"":1.222246265726267e-10,""theta_day"":-0.15122864319078522,""greeks_conf"":""low""}]",1000,UP,64.075,64900.00000000001,64.9,0,,64.075,BEARISH,True,0.6875,64.9,adx=33.0 | ivp=1.00 | dte=0 | spr=0.026 | fallback single-leg,False,,LIVE signal,VOLATILE,1.0,CE,0,0.8601587795450008,0.8195,MID,LONG,0.8601587795450008,32.45,NSE:INDIANB,0.025751072961373477,BUY_CE,920,116.82000000000001,-0.15122864319078522,90,INDIANB26FEB920CE,None,INDIANB,1.222246265726267e-10
BUY_PE,hard,169.95,166.1,NONE,0.0,,-0.865354445649697,0,,169.95,ask,2026-02-24,high,0,True,DOWN,True,1.3312871641016006,0.5,2,NFO:INDIGO26FEB5000PE,"[{""side"":""BUY"",""right"":""PE"",""strike"":5000,""tradingsymbol"":""INDIGO26FEB5000PE"",""instrument_token"":26718722,""bid"":166.1,""ask"":169.95,""mid"":168.02499999999998,""ltp"":168.02499999999998,""oi"":70350.0,""volume"":13050.0,""spread_pct"":0.022913256955810115,""price_used"":169.95,""tag"":""long"",""iv"":1.3312871641016006,""delta"":-0.865354445649697,""gamma"":0.0015535999809885297,""vega_1pct"":0.2270994018354022,""theta_day"":-87.68649104925801,""greeks_conf"":""high""}]",150,DOWN,168.02499999999998,25492.5,169.95,0,,168.02499999999998,BEARISH,True,0.6875,169.95,adx=27.5 | ivp=0.50 | dte=0 | spr=0.023 | fallback single-leg,False,,LIVE signal,TREND,0.962844291979281,PE,0,-1.4302213373378403,1.136625,MID,SHORT,1.4302213373378403,84.975,NSE:INDIGO,0.022913256955810115,BUY_PE,5000,305.90999999999997,-87.68649104925801,90,INDIGO26FEB5000PE,None,INDIGO,0.2270994018354022
BUY_PE,hard,25.9,25.05,NONE,0.0,,-0.8207846538118942,0,,25.9,ask,2026-02-24,high,0,True,DOWN,False,1.2221534655303956,1.0,2,NFO:INDUSINDBK26FEB950PE,"[{""side"":""BUY"",""right"":""PE"",""strike"":950,""tradingsymbol"":""INDUSINDBK26FEB950PE"",""instrument_token"":29298178,""bid"":25.05,""ask"":25.9,""mid"":25.475,""ltp"":25.475,""oi"":170800.0,""volume"":15400.0,""spread_pct"":0.03336604514229628,""price_used"":25.9,""tag"":""long"",""iv"":1.2221534655303956,""delta"":-0.8207846538118942,""gamma"":0.010673488003666054,""vega_1pct"":0.05249415376954256,""theta_day"":-18.63166857148523,""greeks_conf"":""high""}]",700,DOWN,25.475,18130.0,25.9,0,,25.475,BEARISH,True,0.6875,25.9,adx=19.4 | ivp=1.00 | dte=0 | spr=0.033 | fallback single-leg,False,,Trigger SHORT when RSI closes <= 48 AND price closes below EMA_fast.,VOLATILE,1.0,PE,0,-0.9503967429499829,1.136625,MID,SHORT,0.9503967429499829,12.95,NSE:INDUSINDBK,0.03336604514229628,BUY_PE,950,46.62,-18.63166857148523,90,INDUSINDBK26FEB950PE,None,INDUSINDBK,0.05249415376954256
BUY_PE,hard,117.6,117.15,NONE,0.0,,-0.9999999999999999,0,,117.6,ask,2026-02-24,low,0,True,DOWN,True,0.5,1.0,2,NFO:INFY26FEB1400PE,"[{""side"":""BUY"",""right"":""PE"",""strike"":1400,""tradingsymbol"":""INFY26FEB1400PE"",""instrument_token"":27008258,""bid"":117.15,""ask"":117.6,""mid"":117.375,""ltp"":117.375,""oi"":1180000.0,""volume"":259200.0,""spread_pct"":0.0038338658146963886,""price_used"":117.6,""tag"":""long"",""iv"":0.5,""delta"":-0.9999999999999999,""gamma"":4.71359442887324e-17,""vega_1pct"":1.809367174426629e-16,""theta_day"":0.2301305191567705,""greeks_conf"":""low""}]",400,DOWN,117.375,47040.0,117.6,0,,117.375,BEARISH,True,0.6875,117.6,adx=41.2 | ivp=1.00 | dte=0 | spr=0.004 | fallback single-leg,False,,LIVE signal,VOLATILE,1.0,PE,0,-1.3038876252677347,1.136625,MID,SHORT,1.3038876252677347,58.8,NSE:INFY,0.0038338658146963886,BUY_PE,1400,211.68,0.2301305191567705,90,INFY26FEB1400PE,None,INFY,1.809367174426629e-16
BUY_PE,hard,14.56,14.35,NONE,0.0,,-0.9460994528833782,0,,14.56,ask,2026-02-24,low,0,True,DOWN,False,3.8928224870605472,0.5,2,NFO:INOXWIND26FEB110PE,"[{""side"":""BUY"",""right"":""PE"",""strike"":110,""tradingsymbol"":""INOXWIND26FEB110PE"",""instrument_token"":27055362,""bid"":14.35,""ask"":14.56,""mid"":14.455,""ltp"":14.455,""oi"":1462175.0,""volume"":185900.0,""spread_pct"":0.014527845036319672,""price_used"":14.56,""tag"":""long"",""iv"":3.8928224870605472,""delta"":-0.9460994528833782,""gamma"":0.013576658593598542,""vega_1pct"":0.00226780456525146,""theta_day"":-2.5650247904890153,""greeks_conf"":""low""}]",3575,DOWN,14.455,52052.0,14.56,0,,14.455,BEARISH,True,0.6875,14.56,adx=10.5 | ivp=0.50 | dte=0 | spr=0.015 | fallback single-leg,False,,Trend DOWN but ADX<18. Trigger SHORT when ADX>=18 AND RSI<=48.,TREND,0.6799298356321214,PE,0,-0.7466715470226871,1.136625,MID,SHORT,0.7466715470226871,7.28,NSE:INOXWIND,0.014527845036319672,BUY_PE,110,26.208000000000002,-2.5650247904890153,90,INOXWIND26FEB110PE,None,INOXWIND,0.00226780456525146
BUY_CE,hard,11.36,11.08,NONE,0.0,,0.9999999996868154,0,,11.36,ask,2026-02-24,low,0,True,UP,True,0.5,1.0,2,NFO:IOC26FEB167CE,"[{""side"":""BUY"",""right"":""CE"",""strike"":167,""tradingsymbol"":""IOC26FEB167CE"",""instrument_token"":27206402,""bid"":11.08,""ask"":11.36,""mid"":11.219999999999999,""ltp"":11.219999999999999,""oi"":940875.0,""volume"":9750.0,""spread_pct"":0.024955436720142547,""price_used"":11.36,""tag"":""long"",""iv"":0.5,""delta"":0.9999999996868154,""gamma"":1.027517467246868e-09,""vega_1pct"":7.668742555961041e-11,""theta_day"":-0.027451294719105596,""greeks_conf"":""low""}]",4875,UP,11.219999999999999,55380.0,11.36,0,,11.219999999999999,BEARISH,True,0.6875,11.36,adx=55.1 | ivp=1.00 | dte=0 | spr=0.025 | fallback single-leg,False,,LIVE signal,VOLATILE,1.0,CE,0,1.0766928697122693,0.8195,MID,LONG,1.0766928697122693,5.68,NSE:IOC,0.024955436720142547,BUY_CE,167,20.448,-0.027451294719105596,90,IOC26FEB167CE,None,IOC,7.668742555961041e-11
BUY_PE,hard,9.45,9.26,NONE,0.0,,-0.9999999999999678,0,,9.45,ask,2026-02-24,low,0,True,DOWN,True,0.5,1.0,2,NFO:IRFC26FEB120PE,"[{""side"":""BUY"",""right"":""PE"",""strike"":120,""tradingsymbol"":""IRFC26FEB120PE"",""instrument_token"":27505410,""bid"":9.26,""ask"":9.45,""mid"":9.355,""ltp"":9.355,""oi"":1806250.0,""volume"":34000.0,""spread_pct"":0.02030999465526451,""price_used"":9.45,""tag"":""long"",""iv"":0.5,""delta"":-0.9999999999999678,""gamma"":2.054304702599838e-13,""vega_1pct"":5.886329666626103e-15,""theta_day"":0.01972547331934412,""greeks_conf"":""low""}]",4250,DOWN,9.355,40162.5,9.45,0,,9.355,BEARISH,True,0.6875,9.45,adx=20.3 | ivp=1.00 | dte=0 | spr=0.020 | fallback single-leg,False,,LIVE signal,VOLATILE,1.0,PE,0,-1.019850476387671,1.136625,MID,SHORT,1.019850476387671,4.725,NSE:IRFC,0.02030999465526451,BUY_PE,120,17.009999999999998,0.01972547331934412,90,IRFC26FEB120PE,None,IRFC,5.886329666626103e-15
BUY_CE,hard,18.5,17.75,NONE,0.0,,0.7848863397058004,0,,18.5,ask,2026-02-24,high,0,True,UP,True,0.7602127925376891,1.0,2,NFO:JINDALSTEL26FEB1210CE,"[{""side"":""BUY"",""right"":""CE"",""strike"":1210,""tradingsymbol"":""JINDALSTEL26FEB1210CE"",""instrument_token"":30726658,""bid"":17.75,""ask"":18.5,""mid"":18.125,""ltp"":18.125,""oi"":40000.0,""volume"":31250.0,""spread_pct"":0.041379310344827586,""price_used"":18.5,""tag"":""long"",""iv"":0.7602127925376891,""delta"":0.7848863397058004,""gamma"":0.014499783381848888,""vega_1pct"":0.07749990898452892,""theta_day"":-17.39789938403015,""greeks_conf"":""high""}]",625,UP,18.125,11562.5,18.5,0,,18.125,BEARISH,True,0.6875,18.5,adx=24.8 | ivp=1.00 | dte=0 | spr=0.041 | fallback single-leg,False,,LIVE signal,VOLATILE,1.0,CE,0,0.9175756147411289,0.8195,MID,LONG,0.9175756147411289,9.25,NSE:JINDALSTEL,0.041379310344827586,BUY_CE,1210,33.300000000000004,-17.39789938403015,90,JINDALSTEL26FEB1210CE,None,JINDALSTEL,0.07749990898452892
BUY_PE,hard,15.15,14.75,NONE,0.0,,-0.8992849981010265,0,,15.15,ask,2026-02-24,high,0,True,DOWN,True,1.9567877180175786,1.0,2,NFO:JIOFIN26FEB270PE,"[{""side"":""BUY"",""right"":""PE"",""strike"":270,""tradingsymbol"":""JIOFIN26FEB270PE"",""instrument_token"":27874050,""bid"":14.75,""ask"":15.15,""mid"":14.95,""ltp"":14.95,""oi"":1948150.0,""volume"":359550.0,""spread_pct"":0.02675585284280939,""price_used"":15.15,""tag"":""long"",""iv"":1.9567877180175786,""delta"":-0.8992849981010265,""gamma"":0.016307120700710425,""vega_1pct"":0.00975306470879352,""theta_day"":-5.545671106320692,""greeks_conf"":""high""}]",2350,DOWN,14.95,35602.5,15.15,0,,14.95,BEARISH,True,0.6875,15.15,adx=26.0 | ivp=1.00 | dte=0 | spr=0.027 | fallback single-leg,False,,LIVE signal,VOLATILE,1.0,PE,0,-1.2905035527429187,1.136625,MID,SHORT,1.2905035527429187,7.575,NSE:JIOFIN,0.02675585284280939,BUY_PE,270,27.27,-5.545671106320692,90,JIOFIN26FEB270PE,None,JIOFIN,0.00975306470879352
BUY_PE,hard,11.15,10.8,BOS_DOWN,0.2846251588309875,,-0.9367726929981268,0,,11.15,ask,2026-02-24,high,0,True,DOWN,True,0.6134041976318358,1.0,2,NFO:JUBLFOOD26FEB535PE,"[{""side"":""BUY"",""right"":""PE"",""strike"":535,""tradingsymbol"":""JUBLFOOD26FEB535PE"",""instrument_token"":31676674,""bid"":10.8,""ask"":11.15,""mid"":10.975000000000001,""ltp"":10.975000000000001,""oi"":163750.0,""volume"":67500.0,""spread_pct"":0.031890660592255086,""price_used"":11.15,""tag"":""long"",""iv"":0.6134041976318358,""delta"":-0.9367726929981268,""gamma"":0.01784204534067339,""vega_1pct"":0.014071332635423497,""theta_day"":-2.4444979095723367,""greeks_conf"":""high""}]",1250,DOWN,10.975000000000001,13937.5,11.15,0,,10.975000000000001,BEARISH,True,0.6875,11.15,adx=22.6 | ivp=1.00 | dte=0 | spr=0.032 | fallback single-leg,False,,LIVE signal,VOLATILE,1.0,PE,0,-1.2375370274476865,1.136625,MID,SHORT,1.2375370274476865,5.575,NSE:JUBLFOOD,0.031890660592255086,BUY_PE,535,20.07,-2.4444979095723367,90,JUBLFOOD26FEB535PE,None,JUBLFOOD,0.014071332635423497
BUY_PE,hard,18.8,18.6,NONE,0.0,,-0.8481116488725753,0,,18.8,ask,2026-02-24,high,0,True,DOWN,False,1.8697363438262942,1.0,2,NFO:KALYANKJIL26FEB420PE,"[{""side"":""BUY"",""right"":""PE"",""strike"":420,""tradingsymbol"":""KALYANKJIL26FEB420PE"",""instrument_token"":28208642,""bid"":18.6,""ask"":18.8,""mid"":18.700000000000003,""ltp"":18.700000000000003,""oi"":273775.0,""volume"":22325.0,""spread_pct"":0.010695187165775362,""price_used"":18.8,""tag"":""long"",""iv"":1.8697363438262942,""delta"":-0.8481116488725753,""gamma"":0.01444151073710824,""vega_1pct"":0.020471182234116734,""theta_day"":-11.147824848583017,""greeks_conf"":""high""}]",1175,DOWN,18.700000000000003,22090.0,18.8,0,,18.700000000000003,BEARISH,True,0.6875,18.8,adx=14.8 | ivp=1.00 | dte=0 | spr=0.011 | fallback single-leg,False,,Trend DOWN but ADX<18. Trigger SHORT when ADX>=18 AND RSI<=48.,VOLATILE,1.0,PE,0,-0.8774541372220507,1.136625,MID,SHORT,0.8774541372220507,9.4,NSE:KALYANKJIL,0.010695187165775362,BUY_PE,420,33.84,-11.147824848583017,90,KALYANKJIL26FEB420PE,None,KALYANKJIL,0.020471182234116734
BUY_PE,hard,318.3,314.85,NONE,0.0,,-0.9999999999999543,0,,318.3,ask,2026-02-24,low,0,True,DOWN,True,0.5,1.0,2,NFO:KAYNES26FEB4100PE,"[{""side"":""BUY"",""right"":""PE"",""strike"":4100,""tradingsymbol"":""KAYNES26FEB4100PE"",""instrument_token"":32120578,""bid"":314.85,""ask"":318.3,""mid"":316.57500000000005,""ltp"":316.57500000000005,""oi"":25100.0,""volume"":9400.0,""spread_pct"":0.010897891494906383,""price_used"":318.3,""tag"":""long"",""iv"":0.5,""delta"":-0.9999999999999543,""gamma"":8.474929053265747e-15,""vega_1pct"":2.835543786597832e-13,""theta_day"":0.6739536867245315,""greeks_conf"":""low""}]",100,DOWN,316.57500000000005,31830.0,318.3,0,,316.57500000000005,BEARISH,True,0.6875,318.3,adx=26.6 | ivp=1.00 | dte=0 | spr=0.011 | fallback single-leg,False,,LIVE signal,VOLATILE,1.0,PE,0,-1.1051173209072744,1.136625,MID,SHORT,1.1051173209072744,159.15,NSE:KAYNES,0.010897891494906383,BUY_PE,4100,572.94,0.6739536867245315,90,KAYNES26FEB4100PE,None,KAYNES,2.835543786597832e-13
BUY_PE,hard,9.0,8.45,NONE,0.0,,-0.599089085393466,0,,9.0,ask,2026-02-24,high,0,True,DOWN,True,0.7463082237854004,1.0,2,NFO:KFINTECH26FEB1000PE,"[{""side"":""BUY"",""right"":""PE"",""strike"":1000,""tradingsymbol"":""KFINTECH26FEB1000PE"",""instrument_token"":28449026,""bid"":8.45,""ask"":9.0,""mid"":8.725,""ltp"":8.725,""oi"":57000.0,""volume"":117500.0,""spread_pct"":0.0630372492836677,""price_used"":9.0,""tag"":""long"",""iv"":0.7463082237854004,""delta"":-0.599089085393466,""gamma"":0.024054667963523055,""vega_1pct"":0.08324223420769272,""theta_day"":-18.099904618066518,""greeks_conf"":""high""}]",500,DOWN,8.725,4500.0,9.0,0,,8.725,BEARISH,True,0.6875,9.0,adx=25.9 | ivp=1.00 | dte=0 | spr=0.063 | fallback single-leg,False,,LIVE signal,VOLATILE,1.0,PE,0,-1.2902186160753197,1.136625,MID,SHORT,1.2902186160753197,4.5,NSE:KFINTECH,0.0630372492836677,BUY_PE,1000,16.2,-18.099904618066518,90,KFINTECH26FEB1000PE,None,KFINTECH,0.08324223420769272
BUY_CE,hard,10.4,10.1,NONE,0.0,,0.9933327315749254,0,,10.4,ask,2026-02-24,low,0,True,UP,True,0.5,1.0,2,NFO:KOTAKBANK26FEB420CE,"[{""side"":""BUY"",""right"":""CE"",""strike"":420,""tradingsymbol"":""KOTAKBANK26FEB420CE"",""instrument_token"":32347394,""bid"":10.1,""ask"":10.4,""mid"":10.25,""ltp"":10.25,""oi"":2512000.0,""volume"":1342000.0,""spread_pct"":0.029268292682926897,""price_used"":10.4,""tag"":""long"",""iv"":0.5,""delta"":0.9933327315749254,""gamma"":0.004003192465759408,""vega_1pct"":0.0017407943972971946,""theta_day"":-0.3236487414030868,""greeks_conf"":""low""}]",2000,UP,10.25,20800.0,10.4,0,,10.25,BEARISH,True,0.6875,10.4,adx=32.1 | ivp=1.00 | dte=0 | spr=0.029 | fallback single-leg,False,,LIVE signal,VOLATILE,1.0,CE,0,0.8509870944345007,0.8195,MID,LONG,0.8509870944345007,5.2,NSE:KOTAKBANK,0.029268292682926897,BUY_CE,420,18.720000000000002,-0.3236487414030868,90,KOTAKBANK26FEB420CE,None,KOTAKBANK,0.0017407943972971946
BUY_PE,hard,117.0,114.5,NONE,0.0,,-0.9888319450743799,0,,117.0,ask,2026-02-24,low,0,True,DOWN,True,2.747192833374023,1.0,2,NFO:KPITTECH26FEB900PE,"[{""side"":""BUY"",""right"":""PE"",""strike"":900,""tradingsymbol"":""KPITTECH26FEB900PE"",""instrument_token"":32518402,""bid"":114.5,""ask"":117.0,""mid"":115.75,""ltp"":115.75,""oi"":85000.0,""volume"":34000.0,""spread_pct"":0.02159827213822894,""price_used"":117.0,""tag"":""long"",""iv"":2.747192833374023,""delta"":-0.9888319450743799,""gamma"":0.0006299031896551559,""vega_1pct"":0.004976174521241084,""theta_day"":-3.860332391508307,""greeks_conf"":""low""}]",425,DOWN,115.75,49725.0,117.0,0,,115.75,BEARISH,True,0.6875,117.0,adx=35.9 | ivp=1.00 | dte=0 | spr=0.022 | fallback single-leg,False,,LIVE signal,VOLATILE,1.0,PE,0,-1.2319187225969015,1.136625,MID,SHORT,1.2319187225969015,58.5,NSE:KPITTECH,0.02159827213822894,BUY_PE,900,210.6,-3.860332391508307,90,KPITTECH26FEB900PE,None,KPITTECH,0.004976174521241084
BUY_CE,hard,29.0,28.2,BOS_UP,0.5296052631578867,,0.9999999696057078,0,,29.0,ask,2026-02-24,low,0,True,UP,False,0.5,1.0,2,NFO:LICHSGFIN26FEB500CE,"[{""side"":""BUY"",""right"":""CE"",""strike"":500,""tradingsymbol"":""LICHSGFIN26FEB500CE"",""instrument_token"":28848898,""bid"":28.2,""ask"":29.0,""mid"":28.6,""ltp"":28.6,""oi"":187000.0,""volume"":8000.0,""spread_pct"":0.027972027972027996,""price_used"":29.0,""tag"":""long"",""iv"":0.5,""delta"":0.9999999696057078,""gamma"":2.9654984120357404e-08,""vega_1pct"":1.9470466203851374e-08,""theta_day"":-0.08219232756754125,""greeks_conf"":""low""}]",1000,UP,28.6,29000.0,29.0,0,,28.6,BEARISH,True,0.6875,29.0,adx=17.3 | ivp=1.00 | dte=0 | spr=0.028 | fallback single-leg,False,,Trend UP but ADX<18. Trigger LONG when ADX>=18 AND RSI>=52.,VOLATILE,1.0,CE,0,0.5614492136156451,0.8195,MID,LONG,0.5614492136156451,14.5,NSE:LICHSGFIN,0.027972027972027996,BUY_CE,500,52.2,-0.08219232756754125,90,LICHSGFIN26FEB500CE,None,LICHSGFIN,1.9470466203851374e-08
BUY_CE,hard,12.15,11.55,NONE,0.0,,0.9070236980519947,0,,12.15,ask,2026-02-24,low,0,True,UP,False,0.5,1.0,2,NFO:LICI26FEB870CE,"[{""side"":""BUY"",""right"":""CE"",""strike"":870,""tradingsymbol"":""LICI26FEB870CE"",""instrument_token"":33090818,""bid"":11.55,""ask"":12.15,""mid"":11.850000000000001,""ltp"":11.850000000000001,""oi"":282100.0,""volume"":225400.0,""spread_pct"":0.05063291139240503,""price_used"":12.15,""tag"":""long"",""iv"":0.5,""delta"":0.9070236980519947,""gamma"":0.01744183966679034,""vega_1pct"":0.03173251833127069,""theta_day"":-4.780918092583664,""greeks_conf"":""low""}]",700,UP,11.850000000000001,8505.0,12.15,0,,11.850000000000001,BEARISH,True,0.6875,12.15,adx=16.3 | ivp=1.00 | dte=0 | spr=0.051 | fallback single-leg,False,,Trend UP but ADX<18. Trigger LONG when ADX>=18 AND RSI>=52.,VOLATILE,1.0,CE,0,0.5524138316172598,0.8195,MID,LONG,0.5524138316172598,6.075,NSE:LICI,0.05063291139240503,BUY_CE,870,21.87,-4.780918092583664,90,LICI26FEB870CE,None,LICI,0.03173251833127069
BUY_CE,hard,11.5,10.8,NONE,0.0,,0.5180925530397577,0,,11.5,ask,2026-02-24,high,0,True,UP,False,0.2800760172271728,1.0,2,NFO:LT26FEB4380CE,"[{""side"":""BUY"",""right"":""CE"",""strike"":4380,""tradingsymbol"":""LT26FEB4380CE"",""instrument_token"":33627394,""bid"":10.8,""ask"":11.5,""mid"":11.15,""ltp"":11.15,""oi"":65975.0,""volume"":128800.0,""spread_pct"":0.0627802690582959,""quote_ts"":""2026-02-24T11:24:20"",""price_used"":11.5,""tag"":""long"",""iv"":0.2800760172271728,""delta"":0.5180925530397577,""gamma"":0.015026730870038339,""vega_1pct"":0.37738606283255877,""theta_day"":-31.362593501136253,""greeks_conf"":""high""}]",175,UP,11.15,2012.5,11.5,0,,11.15,BEARISH,True,0.6875,11.5,adx=35.6 | ivp=1.00 | dte=0 | spr=0.063 | watch-mode single-leg,False,2026-02-24T11:24:20,Trigger LONG when RSI closes >= 52 AND price closes above EMA_fast.,VOLATILE,1.0,CE,0,0.8726319524372574,0.8195,MID,LONG,0.8726319524372574,5.75,NSE:LT,0.0627802690582959,BUY_CE,4380,20.7,-31.362593501136253,90,LT26FEB4380CE,None,LT,0.37738606283255877
BUY_PE,hard,365.5,355.6,NONE,0.0,,-0.999999999997846,0,,365.5,ask,2026-02-24,low,0,True,DOWN,True,0.5,1.0,2,NFO:LTIM26FEB5000PE,"[{""side"":""BUY"",""right"":""PE"",""strike"":5000,""tradingsymbol"":""LTIM26FEB5000PE"",""instrument_token"":29388290,""bid"":355.6,""ask"":365.5,""mid"":360.55,""ltp"":360.55,""oi"":21750.0,""volume"":6150.0,""spread_pct"":0.027458050201081618,""price_used"":365.5,""tag"":""long"",""iv"":0.5,""delta"":-0.999999999997846,""gamma"":3.0359641881871414e-13,""vega_1pct"":1.525944704987582e-11,""theta_day"":0.821894770516417,""greeks_conf"":""low""}]",150,DOWN,360.55,54825.0,365.5,0,,360.55,BEARISH,True,0.6875,365.5,adx=36.0 | ivp=1.00 | dte=0 | spr=0.027 | fallback single-leg,False,,LIVE signal,VOLATILE,1.0,PE,0,-1.2342104118121058,1.136625,MID,SHORT,1.2342104118121058,182.75,NSE:LTIM,0.027458050201081618,BUY_PE,5000,657.9,0.821894770516417,90,LTIM26FEB5000PE,None,LTIM,1.525944704987582e-11
BUY_CE,hard,12.0,11.25,NONE,0.0,,0.6980737891860148,0,,12.0,ask,2026-02-24,low,0,True,UP,True,0.5,1.0,2,NFO:LUPIN26FEB2240CE,"[{""side"":""BUY"",""right"":""CE"",""strike"":2240,""tradingsymbol"":""LUPIN26FEB2240CE"",""instrument_token"":29499394,""bid"":11.25,""ask"":12.0,""mid"":11.625,""ltp"":11.625,""oi"":147050.0,""volume"":178925.0,""spread_pct"":0.06451612903225806,""price_used"":12.0,""tag"":""long"",""iv"":0.5,""delta"":0.6980737891860148,""gamma"":0.014326530780630332,""vega_1pct"":0.16974084158102834,""theta_day"":-25.14703989569811,""greeks_conf"":""low""}]",425,UP,11.625,5100.0,12.0,0,,11.625,BEARISH,True,0.6875,12.0,adx=22.1 | ivp=1.00 | dte=0 | spr=0.065 | fallback single-leg,False,,LIVE signal,VOLATILE,1.0,CE,0,0.753089931818825,0.8195,MID,LONG,0.753089931818825,6.0,NSE:LUPIN,0.06451612903225806,BUY_CE,2240,21.6,-25.14703989569811,90,LUPIN26FEB2240CE,None,LUPIN,0.16974084158102834
BUY_PE,hard,92.0,90.65,NONE,0.0,,-0.8117836192193976,0,,92.0,ask,2026-02-24,high,0,True,DOWN,True,1.2235839767189027,1.0,2,NFO:M&M26FEB3500PE,"[{""side"":""BUY"",""right"":""PE"",""strike"":3500,""tradingsymbol"":""M&M26FEB3500PE"",""instrument_token"":29544706,""bid"":90.65,""ask"":92.0,""mid"":91.325,""ltp"":91.325,""oi"":143400.0,""volume"":78800.0,""spread_pct"":0.014782370654256713,""price_used"":92.0,""tag"":""long"",""iv"":1.2235839767189027,""delta"":-0.8117836192193976,""gamma"":0.002985237480908687,""vega_1pct"":0.19927394673839252,""theta_day"":-71.04715311667012,""greeks_conf"":""high""}]",200,DOWN,91.325,18400.0,92.0,0,,91.325,BEARISH,True,0.6875,92.0,adx=29.8 | ivp=1.00 | dte=0 | spr=0.015 | fallback single-leg,False,,LIVE signal,VOLATILE,1.0,PE,0,-1.3523110884261158,1.136625,MID,SHORT,1.3523110884261158,46.0,NSE:M&M,0.014782370654256713,BUY_PE,3500,165.6,-71.04715311667012,90,M&M26FEB3500PE,None,M&M,0.19927394673839252
BUY_CE,hard,17.0,16.45,NONE,0.0,,0.9820909055105956,0,,17.0,ask,2026-02-24,low,0,True,UP,True,0.5,1.0,2,NFO:MARICO26FEB790CE,"[{""side"":""BUY"",""right"":""CE"",""strike"":790,""tradingsymbol"":""MARICO26FEB790CE"",""instrument_token"":34827266,""bid"":16.45,""ask"":17.0,""mid"":16.725,""ltp"":16.725,""oi"":79200.0,""volume"":42000.0,""spread_pct"":0.03288490284005983,""price_used"":17.0,""tag"":""long"",""iv"":0.5,""delta"":0.9820909055105956,""gamma"":0.00504887202504108,""vega_1pct"":0.007696040510345012,""theta_day"":-1.2564556686781476,""greeks_conf"":""low""}]",1200,UP,16.725,20400.0,17.0,0,,16.725,BEARISH,True,0.6875,17.0,adx=51.1 | ivp=1.00 | dte=0 | spr=0.033 | fallback single-leg,False,,LIVE signal,VOLATILE,1.0,CE,0,1.0372750589038957,0.8195,MID,LONG,1.0372750589038957,8.5,NSE:MARICO,0.03288490284005983,BUY_CE,790,30.6,-1.2564556686781476,90,MARICO26FEB790CE,None,MARICO,0.007696040510345012
BUY_PE,hard,289.95,277.15,NONE,0.0,,-0.7573368510003624,0,,289.95,ask,2026-02-24,high,0,True,DOWN,True,1.0242446267857552,1.0,2,NFO:MARUTI26FEB15200PE,"[{""side"":""BUY"",""right"":""PE"",""strike"":15200,""tradingsymbol"":""MARUTI26FEB15200PE"",""instrument_token"":29999874,""bid"":277.15,""ask"":289.95,""mid"":283.54999999999995,""ltp"":283.54999999999995,""oi"":40200.0,""volume"":8250.0,""spread_pct"":0.04514195027332045,""price_used"":289.95,""tag"":""long"",""iv"":1.0242446267857552,""delta"":-0.7573368510003624,""gamma"":0.0009444326039260399,""vega_1pct"":1.0111136396439862,""theta_day"":-301.9641060280993,""greeks_conf"":""high""}]",50,DOWN,283.54999999999995,14497.5,289.95,0,,283.54999999999995,BEARISH,True,0.6875,289.95,adx=22.3 | ivp=1.00 | dte=0 | spr=0.045 | fallback single-leg,False,,LIVE signal,VOLATILE,1.0,PE,0,-1.2327080263894072,1.136625,MID,SHORT,1.2327080263894072,144.975,NSE:MARUTI,0.04514195027332045,BUY_PE,15200,521.91,-301.9641060280993,90,MARUTI26FEB15200PE,None,MARUTI,1.0111136396439862
BUY_PE,hard,253.15,248.65,NONE,0.0,,-0.9372879051377465,0,,253.15,ask,2026-02-24,low,0,True,DOWN,True,3.0746463811645506,1.0,2,NFO:MAZDOCK26FEB2500PE,"[{""side"":""BUY"",""right"":""PE"",""strike"":2500,""tradingsymbol"":""MAZDOCK26FEB2500PE"",""instrument_token"":30165250,""bid"":248.65,""ask"":253.15,""mid"":250.9,""ltp"":250.9,""oi"":83400.0,""volume"":19200.0,""spread_pct"":0.017935432443204464,""price_used"":253.15,""tag"":""long"",""iv"":3.0746463811645506,""delta"":-0.9372879051377465,""gamma"":0.0008239192525103009,""vega_1pct"":0.06002203645719296,""theta_day"":-53.77111041444745,""greeks_conf"":""low""}]",200,DOWN,250.9,50630.0,253.15,0,,250.9,BEARISH,True,0.6875,253.15,adx=54.5 | ivp=1.00 | dte=0 | spr=0.018 | fallback single-leg,False,,LIVE signal,VOLATILE,1.0,PE,0,-1.4844810750273527,1.136625,MID,SHORT,1.4844810750273527,126.575,NSE:MAZDOCK,0.017935432443204464,BUY_PE,2500,455.67,-53.77111041444745,90,MAZDOCK26FEB2500PE,None,MAZDOCK,0.06002203645719296
BUY_CE,hard,13.0,12.5,NONE,0.0,,0.6201549651104614,0,,13.0,ask,2026-02-24,high,0,True,UP,False,0.4327020242996216,1.0,2,NFO:MCX26FEB2400CE,"[{""side"":""BUY"",""right"":""CE"",""strike"":2400,""tradingsymbol"":""MCX26FEB2400CE"",""instrument_token"":30227970,""bid"":12.5,""ask"":13.0,""mid"":12.75,""ltp"":12.75,""oi"":645625.0,""volume"":1133750.0,""spread_pct"":0.0392156862745098,""quote_ts"":""2026-02-24T11:24:35"",""price_used"":13.0,""tag"":""long"",""iv"":0.4327020242996216,""delta"":0.6201549651104614,""gamma"":0.016921781611469445,""vega_1pct"":0.19794718716971554,""theta_day"":-25.382077222500314,""greeks_conf"":""high""}]",625,UP,12.75,8125.0,13.0,0,,12.75,BEARISH,True,0.6875,13.0,adx=12.1 | ivp=1.00 | dte=0 | spr=0.039 | watch-mode single-leg,False,2026-02-24T11:24:35,Trend UP but ADX<18. Trigger LONG when ADX>=18 AND RSI>=52.,VOLATILE,1.0,CE,0,0.6004752449795018,0.8195,MID,LONG,0.6004752449795018,6.5,NSE:MCX,0.0392156862745098,BUY_CE,2400,23.400000000000002,-25.382077222500314,90,MCX26FEB2400CE,None,MCX,0.19794718716971554
BUY_PE,hard,31.8,31.6,NONE,0.0,,-0.46936120853267504,0,,31.8,ask,2026-02-24,high,0,True,DOWN,False,0.3008851866493225,1.0,2,NFO:MIDCPNIFTY26FEB13425PE,"[{""side"":""BUY"",""right"":""PE"",""strike"":13425,""tradingsymbol"":""MIDCPNIFTY26FEB13425PE"",""instrument_token"":16196866,""bid"":31.6,""ask"":31.8,""mid"":31.700000000000003,""ltp"":31.700000000000003,""oi"":582360.0,""volume"":10584840.0,""spread_pct"":0.006309148264984204,""quote_ts"":""2026-02-24T11:24:43"",""price_used"":31.8,""tag"":""long"",""iv"":0.3008851866493225,""delta"":-0.46936120853267504,""gamma"":0.004556385129610625,""vega_1pct"":1.1540703214201398,""theta_day"":-100.89252319595269,""greeks_conf"":""high""}]",120,DOWN,31.700000000000003,3816.0,31.8,0,,31.700000000000003,BEARISH,True,0.6875,31.8,adx=14.3 | ivp=1.00 | dte=0 | spr=0.006 | watch-mode single-leg,False,2026-02-24T11:24:43,Trend DOWN but ADX<18. Trigger SHORT when ADX>=18 AND RSI<=48.,VOLATILE,1.0,PE,0,-0.8694181044793808,1.136625,MID,SHORT,0.8694181044793808,15.9,NSE:NIFTY MID SELECT,0.006309148264984204,BUY_PE,13425,57.24,-100.89252319595269,90,MIDCPNIFTY26FEB13425PE,None,MIDCPNIFTY,1.1540703214201398
BUY_PE,hard,188.3,184.0,NONE,0.0,,-0.9999999999999383,0,,188.3,ask,2026-02-24,low,0,True,DOWN,True,0.5,1.0,2,NFO:MPHASIS26FEB2450PE,"[{""side"":""BUY"",""right"":""PE"",""strike"":2450,""tradingsymbol"":""MPHASIS26FEB2450PE"",""instrument_token"":35984898,""bid"":184.0,""ask"":188.3,""mid"":186.15,""ltp"":186.15,""oi"":55550.0,""volume"":5775.0,""spread_pct"":0.023099650819231862,""price_used"":188.3,""tag"":""long"",""iv"":0.5,""delta"":-0.9999999999999383,""gamma"":1.905540349857395e-14,""vega_1pct"":2.2730888247313265e-13,""theta_day"":0.4027284519031715,""greeks_conf"":""low""}]",275,DOWN,186.15,51782.5,188.3,0,,186.15,BEARISH,True,0.6875,188.3,adx=49.9 | ivp=1.00 | dte=0 | spr=0.023 | fallback single-leg,False,,LIVE signal,VOLATILE,1.0,PE,0,-1.4220144001783088,1.136625,MID,SHORT,1.4220144001783088,94.15,NSE:MPHASIS,0.023099650819231862,BUY_PE,2450,338.94000000000005,0.4027284519031715,90,MPHASIS26FEB2450PE,None,MPHASIS,2.2730888247313265e-13
BUY_PE,hard,21.3,21.0,NONE,0.0,,-0.9999999914799048,0,,21.3,ask,2026-02-24,low,0,True,DOWN,False,0.5,1.0,2,NFO:NATIONALUM26FEB360PE,"[{""side"":""BUY"",""right"":""PE"",""strike"":360,""tradingsymbol"":""NATIONALUM26FEB360PE"",""instrument_token"":10567682,""bid"":21.0,""ask"":21.3,""mid"":21.15,""ltp"":21.15,""oi"":967500.0,""volume"":116250.0,""spread_pct"":0.014184397163120602,""price_used"":21.3,""tag"":""long"",""iv"":0.5,""delta"":-0.9999999914799048,""gamma"":1.352734906619277e-08,""vega_1pct"":3.619483975923986e-09,""theta_day"":0.05917589396855629,""greeks_conf"":""low""}]",3750,DOWN,21.15,79875.0,21.3,0,,21.15,BEARISH,True,0.6875,21.3,adx=16.1 | ivp=1.00 | dte=0 | spr=0.014 | fallback single-leg,False,,Trend DOWN but ADX<18. Trigger SHORT when ADX>=18 AND RSI<=48.,VOLATILE,1.0,PE,0,-0.7635595711165195,1.136625,MID,SHORT,0.7635595711165195,10.65,NSE:NATIONALUM,0.014184397163120602,BUY_PE,360,38.34,0.05917589396855629,90,NATIONALUM26FEB360PE,None,NATIONALUM,3.619483975923986e-09
BUY_PE,hard,166.25,163.65,NONE,0.0,,-1.0,0,,166.25,ask,2026-02-24,low,0,True,DOWN,True,0.5,1.0,2,NFO:NAUKRI26FEB1200PE,"[{""side"":""BUY"",""right"":""PE"",""strike"":1200,""tradingsymbol"":""NAUKRI26FEB1200PE"",""instrument_token"":30691586,""bid"":163.65,""ask"":166.25,""mid"":164.95,""ltp"":164.95,""oi"":356625.0,""volume"":7500.0,""spread_pct"":0.01576235222794783,""price_used"":166.25,""tag"":""long"",""iv"":0.5,""delta"":-1.0,""gamma"":2.0966698260869745e-43,""vega_1pct"":5.227994224201224e-43,""theta_day"":0.19725475346798704,""greeks_conf"":""low""}]",375,DOWN,164.95,62343.75,166.25,0,,164.95,BEARISH,True,0.6875,166.25,adx=47.4 | ivp=1.00 | dte=0 | spr=0.016 | fallback single-leg,False,,LIVE signal,VOLATILE,1.0,PE,0,-1.3880591695555091,1.136625,MID,SHORT,1.3880591695555091,83.125,NSE:NAUKRI,0.01576235222794783,BUY_PE,1200,299.25,0.19725475346798704,90,NAUKRI26FEB1200PE,None,NAUKRI,5.227994224201224e-43
BUY_PE,hard,10.68,10.31,NONE,0.0,,-0.9784928026163043,0,,10.68,ask,2026-02-24,high,0,True,DOWN,False,2.3706059946289066,1.0,2,NFO:NBCC26FEB105PE,"[{""side"":""BUY"",""right"":""PE"",""strike"":105,""tradingsymbol"":""NBCC26FEB105PE"",""instrument_token"":36422146,""bid"":10.31,""ask"":10.68,""mid"":10.495000000000001,""ltp"":10.495000000000001,""oi"":500500.0,""volume"":84500.0,""spread_pct"":0.03525488327775123,""price_used"":10.68,""tag"":""long"",""iv"":2.3706059946289066,""delta"":-0.9784928026163043,""gamma"":0.010638380328844585,""vega_1pct"":0.0010512848949998119,""theta_day"":-0.7150539295627798,""greeks_conf"":""high""}]",6500,DOWN,10.495000000000001,69420.0,10.68,0,,10.495000000000001,BEARISH,True,0.6875,10.68,adx=10.6 | ivp=1.00 | dte=0 | spr=0.035 | fallback single-leg,False,,Trend DOWN but ADX<18. Trigger SHORT when ADX>=18 AND RSI<=48.,VOLATILE,1.0,PE,0,-0.8096355336951443,1.136625,MID,SHORT,0.8096355336951443,5.34,NSE:NBCC,0.03525488327775123,BUY_PE,105,19.224,-0.7150539295627798,90,NBCC26FEB105PE,None,NBCC,0.0010512848949998119
BUY_CE,hard,36.15,34.35,NONE,0.0,,0.9945925477881945,0,,36.15,ask,2026-02-24,low,0,True,UP,False,0.5,1.0,2,NFO:NESTLEIND26FEB1280CE,"[{""side"":""BUY"",""right"":""CE"",""strike"":1280,""tradingsymbol"":""NESTLEIND26FEB1280CE"",""instrument_token"":30941442,""bid"":34.35,""ask"":36.15,""mid"":35.25,""ltp"":35.25,""oi"":83000.0,""volume"":8000.0,""spread_pct"":0.051063829787233964,""price_used"":36.15,""tag"":""long"",""iv"":0.5,""delta"":0.9945925477881945,""gamma"":0.0010913974960674257,""vega_1pct"":0.0044046936192380206,""theta_day"":-0.8561475139808279,""greeks_conf"":""low""}]",500,UP,35.25,18075.0,36.15,0,,35.25,BEARISH,True,0.6875,36.15,adx=14.8 | ivp=1.00 | dte=0 | spr=0.051 | fallback single-leg,False,,Trend UP but ADX<18. Trigger LONG when ADX>=18 AND RSI>=52.,VOLATILE,1.0,CE,0,0.5374437236915864,0.8195,MID,LONG,0.5374437236915864,18.075,NSE:NESTLEIND,0.051063829787233964,BUY_CE,1280,65.07,-0.8561475139808279,90,NESTLEIND26FEB1280CE,None,NESTLEIND,0.0044046936192380206
BUY_PE,hard,10.65,10.13,NONE,0.0,,-0.96805411016495,0,,10.65,ask,2026-02-24,low,0,True,DOWN,False,3.1787113017578124,1.0,2,NFO:NHPC26FEB85PE,"[{""side"":""BUY"",""right"":""PE"",""strike"":85,""tradingsymbol"":""NHPC26FEB85PE"",""instrument_token"":36747522,""bid"":10.13,""ask"":10.65,""mid"":10.39,""ltp"":10.39,""oi"":595200.0,""volume"":44800.0,""spread_pct"":0.05004812319538013,""price_used"":10.65,""tag"":""long"",""iv"":3.1787113017578124,""delta"":-0.96805411016495,""gamma"":0.013983906059798294,""vega_1pct"":0.0011557100452633774,""theta_day"":-1.0656051093360002,""greeks_conf"":""low""}]",6400,DOWN,10.39,68160.0,10.65,0,,10.39,BEARISH,True,0.6875,10.65,adx=21.0 | ivp=1.00 | dte=0 | spr=0.050 | fallback single-leg,False,,Trigger SHORT when RSI closes <= 48 AND price closes below EMA_fast.,VOLATILE,1.0,PE,0,-0.8294345079945545,1.136625,MID,SHORT,0.8294345079945545,5.325,NSE:NHPC,0.05004812319538013,BUY_PE,85,19.17,-1.0656051093360002,90,NHPC26FEB85PE,None,NHPC,0.0011557100452633774
BEAR_PUT_SPREAD,hard,45.35,45.25,NONE,0.0,25469.30,-0.2749814187862626,0,,45.35,ask,2026-02-24,high,0,True,DOWN,True,0.22037959323811535,1.0,2,NFO:NIFTY26FEB25500PE,"[{""side"":""BUY"",""right"":""PE"",""strike"":25500,""tradingsymbol"":""NIFTY26FEB25500PE"",""instrument_token"":16602370,""bid"":45.25,""ask"":45.35,""mid"":45.3,""ltp"":45.3,""oi"":28041130.0,""volume"":679060980.0,""spread_pct"":0.0022075055187638286,""quote_ts"":""2026-02-24T11:24:55"",""price_used"":45.35,""tag"":""long"",""iv"":0.22037959323811535,""delta"":-0.47814342707670854,""gamma"":0.003281947770585982,""vega_1pct"":2.1938767789451585,""theta_day"":-140.0323135782556,""greeks_conf"":""high""},{""side"":""SELL"",""right"":""PE"",""strike"":25400,""tradingsymbol"":""NIFTY26FEB25400PE"",""instrument_token"":16601346,""bid"":14.65,""ask"":14.75,""mid"":14.7,""ltp"":14.7,""oi"":23798125.0,""volume"":468492635.0,""spread_pct"":0.0068027210884353505,""quote_ts"":""2026-02-24T11:24:55"",""price_used"":14.65,""tag"":""short"",""iv"":0.23376440959191325,""delta"":-0.20316200829044595,""gamma"":0.002195064920583178,""vega_1pct"":1.5564491868228703,""theta_day"":-106.03996983033446,""greeks_conf"":""high""}]",65,DOWN,45.3,1995.5000000000002,30.700000000000003,0,69.3,45.3,BEARISH,True,0.6875,30.700000000000003,adx=27.2 | ivp=1.00 | dte=0 | spr=0.002 | volatile -> direction via debit spread,False,2026-02-24T11:24:55,LIVE signal,VOLATILE,1.0,PE,0,-1.3100991336617085,1.136625,MID,SHORT,1.3100991336617085,15.350000000000001,NSE:NIFTY 50,0.0022075055187638286,BEAR_PUT_SPREAD,25500,86.14,-33.992343747921154,90,NIFTY26FEB25500PE,None,NIFTY,0.6374275921222883
BUY_CE,hard,25.1,24.8,NONE,0.0,,0.9999999999836039,0,,25.1,ask,2026-02-24,low,0,True,UP,True,0.5,1.0,2,NFO:NTPC26FEB350CE,"[{""side"":""BUY"",""right"":""CE"",""strike"":350,""tradingsymbol"":""NTPC26FEB350CE"",""instrument_token"":31220482,""bid"":24.8,""ask"":25.1,""mid"":24.950000000000003,""ltp"":24.950000000000003,""oi"":11094000.0,""volume"":280500.0,""spread_pct"":0.012024048096192412,""price_used"":25.1,""tag"":""long"",""iv"":0.5,""delta"":0.9999999999836039,""gamma"":2.7383178727639626e-11,""vega_1pct"":9.020543923349474e-12,""theta_day"":-0.05753263877289257,""greeks_conf"":""low""}]",1500,UP,24.950000000000003,37650.0,25.1,0,,24.950000000000003,BEARISH,True,0.6875,25.1,adx=22.3 | ivp=1.00 | dte=0 | spr=0.012 | fallback single-leg,False,,LIVE signal,VOLATILE,1.0,CE,0,0.7555149793336656,0.8195,MID,LONG,0.7555149793336656,12.55,NSE:NTPC,0.012024048096192412,BUY_CE,350,45.18000000000001,-0.05753263877289257,90,NTPC26FEB350CE,None,NTPC,9.020543923349474e-12
BUY_PE,hard,122.05,118.0,NONE,0.0,,-1.0,0,,122.05,ask,2026-02-24,low,0,True,DOWN,False,0.5,1.0,2,NFO:NUVAMA26FEB1400PE,"[{""side"":""BUY"",""right"":""PE"",""strike"":1400,""tradingsymbol"":""NUVAMA26FEB1400PE"",""instrument_token"":31265026,""bid"":118.0,""ask"":122.05,""mid"":120.025,""ltp"":120.025,""oi"":81000.0,""volume"":10500.0,""spread_pct"":0.03374297021453861,""price_used"":122.05,""tag"":""long"",""iv"":0.5,""delta"":-1.0,""gamma"":2.196269945904484e-17,""vega_1pct"":8.376823426353061e-17,""theta_day"":0.23013055038431346,""greeks_conf"":""low""}]",500,DOWN,120.025,61025.0,122.05,0,,120.025,BEARISH,True,0.6875,122.05,adx=23.5 | ivp=1.00 | dte=0 | spr=0.034 | fallback single-leg,False,,Trigger SHORT when RSI closes <= 48 AND price closes below EMA_fast.,VOLATILE,1.0,PE,0,-0.8633241970732104,1.136625,MID,SHORT,0.8633241970732104,61.025,NSE:NUVAMA,0.03374297021453861,BUY_PE,1400,219.69,0.23013055038431346,90,NUVAMA26FEB1400PE,None,NUVAMA,8.376823426353061e-17
BUY_PE,hard,15.18,14.77,BOS_DOWN,0.04171632896306066,,-0.9999999344866946,0,,15.18,ask,2026-02-24,low,0,True,DOWN,True,0.5,1.0,2,NFO:NYKAA26FEB275PE,"[{""side"":""BUY"",""right"":""PE"",""strike"":275,""tradingsymbol"":""NYKAA26FEB275PE"",""instrument_token"":31391490,""bid"":14.77,""ask"":15.18,""mid"":14.975,""ltp"":14.975,""oi"":375000.0,""volume"":93750.0,""spread_pct"":0.027378964941569293,""price_used"":15.18,""tag"":""long"",""iv"":0.5,""delta"":-0.9999999344866946,""gamma"":1.274670627173685e-07,""vega_1pct"":2.0040951118531986e-08,""theta_day"":0.045201267299741534,""greeks_conf"":""low""}]",3125,DOWN,14.975,47437.5,15.18,0,,14.975,BEARISH,True,0.6875,15.18,adx=33.6 | ivp=1.00 | dte=0 | spr=0.027 | fallback single-leg,False,,LIVE signal,VOLATILE,1.0,PE,0,-1.2005638475746148,1.136625,MID,SHORT,1.2005638475746148,7.59,NSE:NYKAA,0.027378964941569293,BUY_PE,275,27.324,0.045201267299741534,90,NYKAA26FEB275PE,None,NYKAA,2.0040951118531986e-08
BUY_PE,hard,101.2,96.8,NONE,0.0,,-0.7026287979466204,0,,101.2,ask,2026-02-24,high,0,True,DOWN,True,0.9607251616454123,1.0,2,NFO:OFSS26FEB6600PE,"[{""side"":""BUY"",""right"":""PE"",""strike"":6600,""tradingsymbol"":""OFSS26FEB6600PE"",""instrument_token"":31577346,""bid"":96.8,""ask"":101.2,""mid"":99.0,""ltp"":99.0,""oi"":23850.0,""volume"":47550.0,""spread_pct"":0.0444444444444445,""price_used"":101.2,""tag"":""long"",""iv"":0.9607251616454123,""delta"":-0.7026287979466204,""gamma"":0.0025587685779192644,""vega_1pct"":0.48784869027782307,""theta_day"":-137.01454933536087,""greeks_conf"":""high""}]",75,DOWN,99.0,7590.0,101.2,0,,99.0,BEARISH,True,0.6875,101.2,adx=27.8 | ivp=1.00 | dte=0 | spr=0.044 | fallback single-leg,False,,LIVE signal,VOLATILE,1.0,PE,0,-1.3196509734199082,1.136625,MID,SHORT,1.3196509734199082,50.6,NSE:OFSS,0.0444444444444445,BUY_PE,6600,182.16,-137.01454933536087,90,OFSS26FEB6600PE,None,OFSS,0.48784869027782307
BUY_CE,hard,32.6,31.8,NONE,0.0,,0.9999999999843456,0,,32.6,ask,2026-02-24,low,0,True,UP,False,0.5,1.0,2,NFO:OIL26FEB440CE,"[{""side"":""BUY"",""right"":""CE"",""strike"":440,""tradingsymbol"":""OIL26FEB440CE"",""instrument_token"":31613442,""bid"":31.8,""ask"":32.6,""mid"":32.2,""ltp"":32.2,""oi"":82600.0,""volume"":12600.0,""spread_pct"":0.02484472049689443,""price_used"":32.6,""tag"":""long"",""iv"":0.5,""delta"":0.9999999999843456,""gamma"":2.082078340682073e-11,""vega_1pct"":1.0835963102972673e-11,""theta_day"":-0.07232674673261728,""greeks_conf"":""low""}]",1400,UP,32.2,45640.0,32.6,0,,32.2,BEARISH,True,0.6875,32.6,adx=14.4 | ivp=1.00 | dte=0 | spr=0.025 | fallback single-leg,False,,Trend UP but ADX<18. Trigger LONG when ADX>=18 AND RSI>=52.,VOLATILE,1.0,CE,0,0.5329782789820168,0.8195,MID,LONG,0.5329782789820168,16.3,NSE:OIL,0.02484472049689443,BUY_CE,440,58.68000000000001,-0.07232674673261728,90,OIL26FEB440CE,None,OIL,1.0835963102972673e-11
BUY_CE,hard,11.3,11.05,NONE,0.0,,0.9896284528929951,0,,11.3,ask,2026-02-24,high,0,True,UP,True,0.8325203647460939,1.0,2,NFO:ONGC26FEB263.75CE,"[{""side"":""BUY"",""right"":""CE"",""strike"":264,""tradingsymbol"":""ONGC26FEB263.75CE"",""instrument_token"":31702274,""bid"":11.05,""ask"":11.3,""mid"":11.175,""ltp"":11.175,""oi"":15471000.0,""volume"":353250.0,""spread_pct"":0.022371364653243846,""price_used"":11.3,""tag"":""long"",""iv"":0.8325203647460939,""delta"":0.9896284528929951,""gamma"":0.005564777140300256,""vega_1pct"":0.0016340394698699683,""theta_day"":-0.4429182457542291,""greeks_conf"":""high""}]",2250,UP,11.175,25425.0,11.3,0,,11.175,BEARISH,True,0.6875,11.3,adx=19.7 | ivp=1.00 | dte=0 | spr=0.022 | fallback single-leg,False,,LIVE signal,VOLATILE,1.0,CE,0,0.8587793351352879,0.8195,MID,LONG,0.8587793351352879,5.65,NSE:ONGC,0.022371364653243846,BUY_CE,264,20.340000000000003,-0.4429182457542291,90,ONGC26FEB263.75CE,None,ONGC,0.0016340394698699683
BUY_PE,hard,20.7,20.15,NONE,0.0,,-0.7775432299722675,0,,20.7,ask,2026-02-24,high,0,True,DOWN,True,0.9138878411483766,0.5,2,NFO:PAYTM26FEB1160PE,"[{""side"":""BUY"",""right"":""PE"",""strike"":1160,""tradingsymbol"":""PAYTM26FEB1160PE"",""instrument_token"":32008962,""bid"":20.15,""ask"":20.7,""mid"":20.424999999999997,""ltp"":20.424999999999997,""oi"":101500.0,""volume"":534325.0,""spread_pct"":0.026927784577723417,""price_used"":20.7,""tag"":""long"",""iv"":0.9138878411483766,""delta"":-0.7775432299722675,""gamma"":0.013225534892749538,""vega_1pct"":0.07346315668538998,""theta_day"":-19.59814672400039,""greeks_conf"":""high""}]",725,DOWN,20.424999999999997,15007.5,20.7,0,,20.424999999999997,BEARISH,True,0.6875,20.7,adx=25.9 | ivp=0.50 | dte=0 | spr=0.027 | fallback single-leg,False,,LIVE signal,TREND,0.9846374370290631,PE,0,-1.401909774925342,1.136625,MID,SHORT,1.401909774925342,10.35,NSE:PAYTM,0.026927784577723417,BUY_PE,1160,37.26,-19.59814672400039,90,PAYTM26FEB1160PE,None,PAYTM,0.07346315668538998
BUY_PE,hard,21.95,21.0,BOS_DOWN,0.058091286307053944,,-0.5703682981218032,0,,21.95,ask,2026-02-24,high,0,True,DOWN,True,0.426856001909256,1.0,2,NFO:PERSISTENT26FEB4700PE,"[{""side"":""BUY"",""right"":""PE"",""strike"":4700,""tradingsymbol"":""PERSISTENT26FEB4700PE"",""instrument_token"":37995010,""bid"":21.0,""ask"":21.95,""mid"":21.475,""ltp"":21.475,""oi"":72700.0,""volume"":1638200.0,""spread_pct"":0.04423748544819554,""price_used"":21.95,""tag"":""long"",""iv"":0.426856001909256,""delta"":-0.5703682981218032,""gamma"":0.009086961521371008,""vega_1pct"":0.3976180074051994,""theta_day"":-49.48805268909096,""greeks_conf"":""high""}]",100,DOWN,21.475,2195.0,21.95,0,,21.475,BEARISH,True,0.6875,21.95,adx=55.8 | ivp=1.00 | dte=0 | spr=0.044 | fallback single-leg,False,,LIVE signal,VOLATILE,1.0,PE,0,-1.7674656167730007,1.136625,MID,SHORT,1.7674656167730007,10.975,NSE:PERSISTENT,0.04423748544819554,BUY_PE,4700,39.51,-49.48805268909096,90,PERSISTENT26FEB4700PE,None,PERSISTENT,0.3976180074051994
BUY_CE,hard,18.9,18.7,NONE,0.0,,0.9999999997722364,0,,18.9,ask,2026-02-24,low,0,True,UP,False,0.5,1.0,2,NFO:PETRONET26FEB285CE,"[{""side"":""BUY"",""right"":""CE"",""strike"":285,""tradingsymbol"":""PETRONET26FEB285CE"",""instrument_token"":32133890,""bid"":18.7,""ask"":18.9,""mid"":18.799999999999997,""ltp"":18.799999999999997,""oi"":305900.0,""volume"":83600.0,""spread_pct"":0.010638297872340389,""price_used"":18.9,""tag"":""long"",""iv"":0.5,""delta"":0.9999999997722364,""gamma"":4.423707875678699e-10,""vega_1pct"":9.566963475339791e-11,""theta_day"":-0.04684802044340989,""greeks_conf"":""low""}]",1900,UP,18.799999999999997,35910.0,18.9,0,,18.799999999999997,BEARISH,True,0.6875,18.9,adx=15.4 | ivp=1.00 | dte=0 | spr=0.011 | fallback single-leg,False,,Trend UP but ADX<18. Trigger LONG when ADX>=18 AND RSI>=52.,VOLATILE,1.0,CE,0,0.5436763747181073,0.8195,MID,LONG,0.5436763747181073,9.45,NSE:PETRONET,0.010638297872340389,BUY_CE,285,34.019999999999996,-0.04684802044340989,90,PETRONET26FEB285CE,None,PETRONET,9.566963475339791e-11
BUY_CE,hard,16.4,15.9,BOS_UP,0.23376623376622796,,0.9535295522034549,0,,16.4,ask,2026-02-24,high,0,True,UP,True,1.0870369154052737,1.0,2,NFO:PFC26FEB400CE,"[{""side"":""BUY"",""right"":""CE"",""strike"":400,""tradingsymbol"":""PFC26FEB400CE"",""instrument_token"":32170754,""bid"":15.9,""ask"":16.4,""mid"":16.15,""ltp"":16.15,""oi"":1307800.0,""volume"":153400.0,""spread_pct"":0.030959752321981317,""price_used"":16.4,""tag"":""long"",""iv"":1.0870369154052737,""delta"":0.9535295522034549,""gamma"":0.009970744731263272,""vega_1pct"":0.008729157568799164,""theta_day"":-2.854929932042559,""greeks_conf"":""high""}]",1300,UP,16.15,21319.999999999996,16.4,0,,16.15,BEARISH,True,0.6875,16.4,adx=18.3 | ivp=1.00 | dte=0 | spr=0.031 | fallback single-leg,False,,LIVE signal,VOLATILE,1.0,CE,0,0.8419888365353393,0.8195,MID,LONG,0.8419888365353393,8.2,NSE:PFC,0.030959752321981317,BUY_CE,400,29.52,-2.854929932042559,90,PFC26FEB400CE,None,PFC,0.008729157568799164
BUY_CE,hard,11.69,11.55,NONE,0.0,,0.9955078371150575,0,,11.69,ask,2026-02-24,high,0,True,UP,False,1.650391294921875,1.0,2,NFO:PNB26FEB120CE,"[{""side"":""BUY"",""right"":""CE"",""strike"":120,""tradingsymbol"":""PNB26FEB120CE"",""instrument_token"":32648962,""bid"":11.55,""ask"":11.69,""mid"":11.620000000000001,""ltp"":11.620000000000001,""oi"":2816000.0,""volume"":224000.0,""spread_pct"":0.012048192771084232,""price_used"":11.69,""tag"":""long"",""iv"":1.650391294921875,""delta"":0.9955078371150575,""gamma"":0.002804950540308964,""vega_1pct"":0.0003731126020715046,""theta_day"":-0.20090890047223878,""greeks_conf"":""high""}]",8000,UP,11.620000000000001,93520.0,11.69,0,,11.620000000000001,BEARISH,True,0.6875,11.69,adx=16.5 | ivp=1.00 | dte=0 | spr=0.012 | fallback single-leg,False,,Trend UP but ADX<18. Trigger LONG when ADX>=18 AND RSI>=52.,VOLATILE,1.0,CE,0,0.6514336970974172,0.8195,MID,LONG,0.6514336970974172,5.845,NSE:PNB,0.012048192771084232,BUY_CE,120,21.041999999999998,-0.20090890047223878,90,PNB26FEB120CE,None,PNB,0.0003731126020715046
BUY_PE,hard,61.65,59.5,NONE,0.0,,-0.9999999999728147,0,,61.65,ask,2026-02-24,low,0,True,DOWN,True,0.5,1.0,2,NFO:PNBHOUSING26FEB890PE,"[{""side"":""BUY"",""right"":""PE"",""strike"":890,""tradingsymbol"":""PNBHOUSING26FEB890PE"",""instrument_token"":39814914,""bid"":59.5,""ask"":61.65,""mid"":60.575,""ltp"":60.575,""oi"":35750.0,""volume"":44200.0,""spread_pct"":0.03549319026000823,""price_used"":61.65,""tag"":""long"",""iv"":0.5,""delta"":-0.9999999999728147,""gamma"":2.0381696685458228e-11,""vega_1pct"":3.2598267028269715e-11,""theta_day"":0.1462972808178794,""greeks_conf"":""low""}]",650,DOWN,60.575,40072.5,61.65,0,,60.575,BEARISH,True,0.6875,61.65,adx=36.0 | ivp=1.00 | dte=0 | spr=0.035 | fallback single-leg,False,,LIVE signal,VOLATILE,1.0,PE,0,-1.2337498621168366,1.136625,MID,SHORT,1.2337498621168366,30.825,NSE:PNBHOUSING,0.03549319026000823,BUY_PE,890,110.97,0.1462972808178794,90,PNBHOUSING26FEB890PE,None,PNBHOUSING,3.2598267028269715e-11
BUY_PE,hard,205.4,203.0,NONE,0.0,,-0.9234403319774,0,,205.4,ask,2026-02-24,low,0,True,DOWN,True,3.943557950546264,1.0,2,NFO:POLICYBZR26FEB1700PE,"[{""side"":""BUY"",""right"":""PE"",""strike"":1700,""tradingsymbol"":""POLICYBZR26FEB1700PE"",""instrument_token"":39850242,""bid"":203.0,""ask"":205.4,""mid"":204.2,""ltp"":204.2,""oi"":42000.0,""volume"":8050.0,""spread_pct"":0.011753183153770842,""price_used"":205.4,""tag"":""long"",""iv"":3.943557950546264,""delta"":-0.9234403319774,""gamma"":0.0011269771592656663,""vega_1pct"":0.04652287098371224,""theta_day"":-53.758318167070776,""greeks_conf"":""low""}]",350,DOWN,204.2,71890.0,205.4,0,,204.2,BEARISH,True,0.6875,205.4,adx=27.7 | ivp=1.00 | dte=0 | spr=0.012 | fallback single-leg,False,,LIVE signal,VOLATILE,1.0,PE,0,-1.1211807495416761,1.136625,MID,SHORT,1.1211807495416761,102.7,NSE:POLICYBZR,0.011753183153770842,BUY_PE,1700,369.72,-53.758318167070776,90,POLICYBZR26FEB1700PE,None,POLICYBZR,0.04652287098371224
BUY_CE,hard,499.95,488.55,NONE,0.0,,0.999999999427498,0,,499.95,ask,2026-02-24,low,0,True,UP,True,0.5,1.0,2,NFO:POLYCAB26FEB7600CE,"[{""side"":""BUY"",""right"":""CE"",""strike"":7600,""tradingsymbol"":""POLYCAB26FEB7600CE"",""instrument_token"":32891906,""bid"":488.55,""ask"":499.95,""mid"":494.25,""ltp"":494.25,""oi"":27875.0,""volume"":49125.0,""spread_pct"":0.023065250379362624,""price_used"":499.95,""tag"":""long"",""iv"":0.5,""delta"":0.999999999427498,""gamma"":4.084815584481092e-11,""vega_1pct"":6.256917084702045e-09,""theta_day"":-1.2492811184643218,""greeks_conf"":""low""}]",125,UP,494.25,62493.75,499.95,0,,494.25,BEARISH,True,0.6875,499.95,adx=39.2 | ivp=1.00 | dte=0 | spr=0.023 | fallback single-leg,False,,LIVE signal,VOLATILE,1.0,CE,0,0.9209824423965327,0.8195,MID,LONG,0.9209824423965327,249.975,NSE:POLYCAB,0.023065250379362624,BUY_CE,7600,899.91,-1.2492811184643218,90,POLYCAB26FEB7600CE,None,POLYCAB,6.256917084702045e-09
BUY_CE,hard,12.9,12.65,NONE,0.0,,0.9999926861639468,0,,12.9,ask,2026-02-24,low,0,True,UP,True,0.5,1.0,2,NFO:POWERGRID26FEB290CE,"[{""side"":""BUY"",""right"":""CE"",""strike"":290,""tradingsymbol"":""POWERGRID26FEB290CE"",""instrument_token"":33032962,""bid"":12.65,""ask"":12.9,""mid"":12.775,""ltp"":12.775,""oi"":8019900.0,""volume"":178600.0,""spread_pct"":0.019569471624266144,""price_used"":12.9,""tag"":""long"",""iv"":0.5,""delta"":0.9999926861639468,""gamma"":1.0145307507137641e-05,""vega_1pct"":2.1784905315085485e-06,""theta_day"":-0.04799031151228874,""greeks_conf"":""low""}]",1900,UP,12.775,24510.0,12.9,0,,12.775,BEARISH,True,0.6875,12.9,adx=29.9 | ivp=1.00 | dte=0 | spr=0.020 | fallback single-leg,False,,LIVE signal,VOLATILE,1.0,CE,0,0.8293334871308956,0.8195,MID,LONG,0.8293334871308956,6.45,NSE:POWERGRID,0.019569471624266144,BUY_CE,290,23.220000000000002,-0.04799031151228874,90,POWERGRID26FEB290CE,None,POWERGRID,2.1784905315085485e-06
BUY_CE,hard,18.45,17.05,BOS_UP,0.2551440329218107,,0.10904913519571724,0,,18.45,ask,2026-02-24,high,0,True,UP,True,0.6408819333777428,0.5,2,NFO:POWERINDIA26FEB25000CE,"[{""side"":""BUY"",""right"":""CE"",""strike"":25000,""tradingsymbol"":""POWERINDIA26FEB25000CE"",""instrument_token"":33096706,""bid"":17.05,""ask"":18.45,""mid"":17.75,""ltp"":17.75,""oi"":30800.0,""volume"":88250.0,""spread_pct"":0.07887323943661964,""price_used"":18.45,""tag"":""long"",""iv"":0.6408819333777428,""delta"":0.10904913519571724,""gamma"":0.0005501479405006711,""vega_1pct"":0.9903922204110092,""theta_day"":-187.3765363428001,""greeks_conf"":""high""}]",50,UP,17.75,922.5,18.45,0,,17.75,BEARISH,True,0.6875,18.45,adx=26.3 | ivp=0.50 | dte=0 | spr=0.079 | fallback single-leg,False,,LIVE signal,TREND,0.9862246547775098,CE,2,1.015167267040982,0.8195,MID,LONG,1.015167267040982,9.225,NSE:POWERINDIA,0.07887323943661964,BUY_CE,25000,33.21,-187.3765363428001,90,POWERINDIA26FEB25000CE,None,POWERINDIA,0.9903922204110092
BUY_PE,hard,20.05,19.76,NONE,0.0,,-1.0,0,,20.05,ask,2026-02-24,low,0,True,DOWN,True,0.5,1.0,2,NFO:PPLPHARMA26FEB180PE,"[{""side"":""BUY"",""right"":""PE"",""strike"":180,""tradingsymbol"":""PPLPHARMA26FEB180PE"",""instrument_token"":33210114,""bid"":19.76,""ask"":20.05,""mid"":19.905,""ltp"":19.905,""oi"":102375.0,""volume"":13125.0,""spread_pct"":0.014569203717658836,""price_used"":20.05,""tag"":""long"",""iv"":0.5,""delta"":-1.0,""gamma"":3.1089656395416133e-27,""vega_1pct"":1.850760937441733e-28,""theta_day"":0.029588215437279144,""greeks_conf"":""low""}]",2625,DOWN,19.905,52631.25,20.05,0,,19.905,BEARISH,True,0.6875,20.05,adx=20.1 | ivp=1.00 | dte=0 | spr=0.015 | fallback single-leg,False,,LIVE signal,VOLATILE,1.0,PE,0,-1.0167503541575724,1.136625,MID,SHORT,1.0167503541575724,10.025,NSE:PPLPHARMA,0.014569203717658836,BUY_PE,180,36.09,0.029588215437279144,90,PPLPHARMA26FEB180PE,None,PPLPHARMA,1.850760937441733e-28
BUY_PE,hard,16.8,16.5,BOS_UP,0.297169811320749,,-0.9999904883126496,0,,16.8,ask,2026-02-24,low,0,True,DOWN,False,0.5,1.0,2,NFO:RECLTD26FEB370PE,"[{""side"":""BUY"",""right"":""PE"",""strike"":370,""tradingsymbol"":""RECLTD26FEB370PE"",""instrument_token"":33517570,""bid"":16.5,""ask"":16.8,""mid"":16.65,""ltp"":16.65,""oi"":760200.0,""volume"":245000.0,""spread_pct"":0.018018018018018063,""price_used"":16.8,""tag"":""long"",""iv"":0.5,""delta"":-0.9999904883126496,""gamma"":1.1211210158622306e-05,""vega_1pct"":3.2529280015754687e-06,""theta_day"":0.06034042584879525,""greeks_conf"":""low""}]",1400,DOWN,16.65,23520.0,16.8,0,,16.65,BEARISH,True,0.6875,16.8,adx=18.3 | ivp=1.00 | dte=0 | spr=0.018 | fallback single-leg,False,,Trigger SHORT when RSI closes <= 48 AND price closes below EMA_fast.,VOLATILE,1.0,PE,0,-0.7927677325246015,1.136625,MID,SHORT,0.7927677325246015,8.4,NSE:RECLTD,0.018018018018018063,BUY_PE,370,30.240000000000002,0.06034042584879525,90,RECLTD26FEB370PE,None,RECLTD,3.2529280015754687e-06
BUY_PE,hard,84.65,84.0,NONE,0.0,,-0.8803701631678653,0,,84.65,ask,2026-02-24,high,0,True,DOWN,False,2.1339040766372683,1.0,2,NFO:RELIANCE26FEB1500PE,"[{""side"":""BUY"",""right"":""PE"",""strike"":1500,""tradingsymbol"":""RELIANCE26FEB1500PE"",""instrument_token"":33672706,""bid"":84.0,""ask"":84.65,""mid"":84.325,""ltp"":84.325,""oi"":1073500.0,""volume"":166000.0,""spread_pct"":0.007708271568336859,""price_used"":84.65,""tag"":""long"",""iv"":2.1339040766372683,""delta"":-0.8803701631678653,""gamma"":0.0030565339231258333,""vega_1pct"":0.06108570735796261,""theta_day"":-38.19262141675793,""greeks_conf"":""high""}]",500,DOWN,84.325,42325.0,84.65,0,,84.325,BEARISH,True,0.6875,84.65,adx=12.6 | ivp=1.00 | dte=0 | spr=0.008 | fallback single-leg,False,,Trend DOWN but ADX<18. Trigger SHORT when ADX>=18 AND RSI<=48.,VOLATILE,1.0,PE,0,-0.841185569219313,1.136625,MID,SHORT,0.841185569219313,42.325,NSE:RELIANCE,0.007708271568336859,BUY_PE,1500,152.37,-38.19262141675793,90,RELIANCE26FEB1500PE,None,RELIANCE,0.06108570735796261
BUY_CE,hard,14.8,14.45,NONE,0.0,,0.999996897765994,0,,14.8,ask,2026-02-24,low,0,True,UP,False,0.5,1.0,2,NFO:RVNL26FEB300CE,"[{""side"":""BUY"",""right"":""CE"",""strike"":300,""tradingsymbol"":""RVNL26FEB300CE"",""instrument_token"":33832706,""bid"":14.45,""ask"":14.8,""mid"":14.625,""ltp"":14.625,""oi"":666425.0,""volume"":65575.0,""spread_pct"":0.02393162393162403,""price_used"":14.8,""tag"":""long"",""iv"":0.5,""delta"":0.999996897765994,""gamma"":4.315449374707034e-06,""vega_1pct"":9.948681186678948e-07,""theta_day"":-0.04946012963062515,""greeks_conf"":""low""}]",1525,UP,14.625,22570.0,14.8,0,,14.625,BEARISH,True,0.6875,14.8,adx=15.3 | ivp=1.00 | dte=0 | spr=0.024 | fallback single-leg,False,,Trend UP but ADX<18. Trigger LONG when ADX>=18 AND RSI>=52.,VOLATILE,1.0,CE,0,0.5425003897260608,0.8195,MID,LONG,0.5425003897260608,7.4,NSE:RVNL,0.02393162393162403,BUY_CE,300,26.64,-0.04946012963062515,90,RVNL26FEB300CE,None,RVNL,9.948681186678948e-07
BUY_CE,hard,12.95,12.46,NONE,0.0,,0.9792036808512414,0,,12.95,ask,2026-02-24,high,0,True,UP,False,1.990967398681641,1.0,2,NFO:SAMMAANCAP26FEB140CE,"[{""side"":""BUY"",""right"":""CE"",""strike"":140,""tradingsymbol"":""SAMMAANCAP26FEB140CE"",""instrument_token"":33947394,""bid"":12.46,""ask"":12.95,""mid"":12.705,""ltp"":12.705,""oi"":4472000.0,""volume"":219300.0,""spread_pct"":0.038567493112947535,""price_used"":12.95,""tag"":""long"",""iv"":1.990967398681641,""delta"":0.9792036808512414,""gamma"":0.0076386085369111725,""vega_1pct"":0.0016469462346556138,""theta_day"":-0.9890083085936793,""greeks_conf"":""high""}]",4300,UP,12.705,55685.0,12.95,0,,12.705,BEARISH,True,0.6875,12.95,adx=19.8 | ivp=1.00 | dte=0 | spr=0.039 | fallback single-leg,False,,Trigger LONG when RSI closes >= 52 AND price closes above EMA_fast.,VOLATILE,1.0,CE,0,0.690110561980911,0.8195,MID,LONG,0.690110561980911,6.475,NSE:SAMMAANCAP,0.038567493112947535,BUY_CE,140,23.31,-0.9890083085936793,90,SAMMAANCAP26FEB140CE,None,SAMMAANCAP,0.0016469462346556138
BUY_CE,hard,77.2,75.4,NONE,0.0,,0.999862693066071,0,,77.2,ask,2026-02-24,low,0,True,UP,False,0.5,1.0,2,NFO:SBILIFE26FEB2020CE,"[{""side"":""BUY"",""right"":""CE"",""strike"":2020,""tradingsymbol"":""SBILIFE26FEB2020CE"",""instrument_token"":40435714,""bid"":75.4,""ask"":77.2,""mid"":76.30000000000001,""ltp"":76.30000000000001,""oi"":833625.0,""volume"":55125.0,""spread_pct"":0.023591087811271255,""price_used"":77.2,""tag"":""long"",""iv"":0.5,""delta"":0.999862693066071,""gamma"":2.3542802066512594e-05,""vega_1pct"":0.00024134715359728058,""theta_day"":-0.36757440161455,""greeks_conf"":""low""}]",375,UP,76.30000000000001,28950.0,77.2,0,,76.30000000000001,BEARISH,True,0.6875,77.2,adx=28.6 | ivp=1.00 | dte=0 | spr=0.024 | fallback single-leg,False,,Trigger LONG when RSI closes >= 52 AND price closes above EMA_fast.,VOLATILE,1.0,CE,0,0.6721895630067959,0.8195,MID,LONG,0.6721895630067959,38.6,NSE:SBILIFE,0.023591087811271255,BUY_CE,2020,138.96,-0.36757440161455,90,SBILIFE26FEB2020CE,None,SBILIFE,0.00024134715359728058
BUY_CE,hard,28.6,28.05,NONE,0.0,,0.9861320585271758,0,,28.6,ask,2026-02-24,low,0,True,UP,True,0.5,1.0,2,NFO:SBIN26FEB1200CE,"[{""side"":""BUY"",""right"":""CE"",""strike"":1200,""tradingsymbol"":""SBIN26FEB1200CE"",""instrument_token"":34459394,""bid"":28.05,""ask"":28.6,""mid"":28.325000000000003,""ltp"":28.325000000000003,""oi"":1085250.0,""volume"":750000.0,""spread_pct"":0.019417475728155362,""price_used"":28.6,""tag"":""long"",""iv"":0.5,""delta"":0.9861320585271758,""gamma"":0.00267300443147918,""vega_1pct"":0.009374541182416717,""theta_day"":-1.57644470384281,""greeks_conf"":""low""}]",750,UP,28.325000000000003,21450.0,28.6,0,,28.325000000000003,BEARISH,True,0.6875,28.6,adx=23.0 | ivp=1.00 | dte=0 | spr=0.019 | fallback single-leg,False,,LIVE signal,VOLATILE,1.0,CE,0,0.7621105096752873,0.8195,MID,LONG,0.7621105096752873,14.3,NSE:SBIN,0.019417475728155362,BUY_CE,1200,51.480000000000004,-1.57644470384281,90,SBIN26FEB1200CE,None,SBIN,0.009374541182416717
BUY_CE,hard,18.95,18.2,NONE,0.0,,0.6659220303079548,0,,18.95,ask,2026-02-24,high,0,True,UP,True,0.4032525672988892,1.0,2,NFO:SIEMENS26FEB3300CE,"[{""side"":""BUY"",""right"":""CE"",""strike"":3300,""tradingsymbol"":""SIEMENS26FEB3300CE"",""instrument_token"":34796034,""bid"":18.2,""ask"":18.95,""mid"":18.575,""ltp"":18.575,""oi"":102550.0,""volume"":281925.0,""spread_pct"":0.04037685060565276,""price_used"":18.95,""tag"":""long"",""iv"":0.4032525672988892,""delta"":0.6659220303079548,""gamma"":0.012642704276383364,""vega_1pct"":0.25977306870732914,""theta_day"":-31.25380554628652,""greeks_conf"":""high""}]",175,UP,18.575,3316.25,18.95,0,,18.575,BEARISH,True,0.6875,18.95,adx=21.2 | ivp=1.00 | dte=0 | spr=0.040 | fallback single-leg,False,,LIVE signal,VOLATILE,1.0,CE,0,0.8758256444226221,0.8195,MID,LONG,0.8758256444226221,9.475,NSE:SIEMENS,0.04037685060565276,BUY_CE,3300,34.11,-31.25380554628652,90,SIEMENS26FEB3300CE,None,SIEMENS,0.25977306870732914
BUY_PE,hard,203.05,198.55,NONE,0.0,,-0.9999999999994476,0,,203.05,ask,2026-02-24,low,0,True,DOWN,True,0.5,1.0,2,NFO:SRF26FEB2800PE,"[{""side"":""BUY"",""right"":""PE"",""strike"":2800,""tradingsymbol"":""SRF26FEB2800PE"",""instrument_token"":35118338,""bid"":198.55,""ask"":203.05,""mid"":200.8,""ltp"":200.8,""oi"":42000.0,""volume"":7400.0,""spread_pct"":0.02241035856573705,""price_used"":203.05,""tag"":""long"",""iv"":0.5,""delta"":-0.9999999999994476,""gamma"":1.4338807873004413e-13,""vega_1pct"":2.2385811712980422e-12,""theta_day"":0.4602611485860584,""greeks_conf"":""low""}]",200,DOWN,200.8,40610.0,203.05,0,,200.8,BEARISH,True,0.6875,203.05,adx=40.5 | ivp=1.00 | dte=0 | spr=0.022 | fallback single-leg,False,,LIVE signal,VOLATILE,1.0,PE,0,-1.2949894294409119,1.136625,MID,SHORT,1.2949894294409119,101.525,NSE:SRF,0.02241035856573705,BUY_PE,2800,365.49,0.4602611485860584,90,SRF26FEB2800PE,None,SRF,2.2385811712980422e-12
BUY_CE,hard,40.15,38.9,NONE,0.0,,0.9923601400461695,0,,40.15,ask,2026-02-24,low,0,True,UP,True,0.5,1.0,2,NFO:SUNPHARMA26FEB1690CE,"[{""side"":""BUY"",""right"":""CE"",""strike"":1690,""tradingsymbol"":""SUNPHARMA26FEB1690CE"",""instrument_token"":40922626,""bid"":38.9,""ask"":40.15,""mid"":39.525,""ltp"":39.525,""oi"":247450.0,""volume"":14000.0,""spread_pct"":0.031625553447185324,""price_used"":40.15,""tag"":""long"",""iv"":0.5,""delta"":0.9923601400461695,""gamma"":0.001126307023858748,""vega_1pct"":0.007867504787297025,""theta_day"":-1.436187727782049,""greeks_conf"":""low""}]",350,UP,39.525,14052.5,40.15,0,,39.525,BEARISH,True,0.6875,40.15,adx=26.3 | ivp=1.00 | dte=0 | spr=0.032 | fallback single-leg,False,,LIVE signal,VOLATILE,1.0,CE,0,0.7947485013253424,0.8195,MID,LONG,0.7947485013253424,20.075,NSE:SUNPHARMA,0.031625553447185324,BUY_CE,1690,72.27,-1.436187727782049,90,SUNPHARMA26FEB1690CE,None,SUNPHARMA,0.007867504787297025
BUY_PE,hard,11.11,11.04,NONE,0.0,,-0.9884231298656195,0,,11.11,ask,2026-02-24,low,0,True,DOWN,True,4.4921876015625,1.0,2,NFO:SUZLON26FEB55PE,"[{""side"":""BUY"",""right"":""PE"",""strike"":55,""tradingsymbol"":""SUZLON26FEB55PE"",""instrument_token"":40999170,""bid"":11.04,""ask"":11.11,""mid"":11.075,""ltp"":11.075,""oi"":1290575.0,""volume"":72200.0,""spread_pct"":0.006320541760722374,""price_used"":11.11,""tag"":""long"",""iv"":4.4921876015625,""delta"":-0.9884231298656195,""gamma"":0.0071188788024127096,""vega_1pct"":0.0002866307606717537,""theta_day"":-0.37098846694435017,""greeks_conf"":""low""}]",9025,DOWN,11.075,100267.75,11.11,0,,11.075,BEARISH,True,0.6875,11.11,adx=28.2 | ivp=1.00 | dte=0 | spr=0.006 | fallback single-leg,False,,LIVE signal,VOLATILE,1.0,PE,0,-1.127950827913116,1.136625,MID,SHORT,1.127950827913116,5.555,NSE:SUZLON,0.006320541760722374,BUY_PE,55,19.998,-0.37098846694435017,90,SUZLON26FEB55PE,None,SUZLON,0.0002866307606717537
BUY_PE,hard,23.85,22.8,NONE,0.0,,-0.9999999999827544,0,,23.85,ask,2026-02-24,low,0,True,DOWN,True,0.5,1.0,2,NFO:SWIGGY26FEB340PE,"[{""side"":""BUY"",""right"":""PE"",""strike"":340,""tradingsymbol"":""SWIGGY26FEB340PE"",""instrument_token"":41056514,""bid"":22.8,""ask"":23.85,""mid"":23.325000000000003,""ltp"":23.325000000000003,""oi"":224900.0,""volume"":39000.0,""spread_pct"":0.04501607717041803,""price_used"":23.85,""tag"":""long"",""iv"":0.5,""delta"":-0.9999999999827544,""gamma"":3.424163799363552e-11,""vega_1pct"":7.963463071852427e-12,""theta_day"":0.055888853189128986,""greeks_conf"":""low""}]",1300,DOWN,23.325000000000003,31005.000000000004,23.85,0,,23.325000000000003,BEARISH,True,0.6875,23.85,adx=40.7 | ivp=1.00 | dte=0 | spr=0.045 | fallback single-leg,False,,LIVE signal,VOLATILE,1.0,PE,0,-1.29684291021289,1.136625,MID,SHORT,1.29684291021289,11.925,NSE:SWIGGY,0.04501607717041803,BUY_PE,340,42.93000000000001,0.055888853189128986,90,SWIGGY26FEB340PE,None,SWIGGY,7.963463071852427e-12
BUY_CE,hard,14.3,13.7,NONE,0.0,,0.9990898669401397,0,,14.3,ask,2026-02-24,low,0,True,UP,False,0.5,1.0,2,NFO:SYNGENE26FEB430CE,"[{""side"":""BUY"",""right"":""CE"",""strike"":430,""tradingsymbol"":""SYNGENE26FEB430CE"",""instrument_token"":11644418,""bid"":13.7,""ask"":14.3,""mid"":14.0,""ltp"":14.0,""oi"":284000.0,""volume"":19000.0,""spread_pct"":0.04285714285714296,""price_used"":14.3,""tag"":""long"",""iv"":0.5,""delta"":0.9990898669401397,""gamma"":0.0006447372703347136,""vega_1pct"":0.00029583056272362385,""theta_day"":-0.11427149481689632,""greeks_conf"":""low""}]",1000,UP,14.0,14300.0,14.3,0,,14.0,BEARISH,True,0.6875,14.3,adx=12.1 | ivp=1.00 | dte=0 | spr=0.043 | fallback single-leg,False,,Trend UP but ADX<18. Trigger LONG when ADX>=18 AND RSI>=52.,VOLATILE,1.0,CE,0,0.5106785791106863,0.8195,MID,LONG,0.5106785791106863,7.15,NSE:SYNGENE,0.04285714285714296,BUY_CE,430,25.740000000000002,-0.11427149481689632,90,SYNGENE26FEB430CE,None,SYNGENE,0.00029583056272362385
BUY_CE,hard,21.9,20.6,NONE,0.0,,0.9614040879780897,0,,21.9,ask,2026-02-24,low,0,True,UP,True,0.5,1.0,2,NFO:TATACONSUM26FEB1150CE,"[{""side"":""BUY"",""right"":""CE"",""strike"":1150,""tradingsymbol"":""TATACONSUM26FEB1150CE"",""instrument_token"":41132034,""bid"":20.6,""ask"":21.9,""mid"":21.25,""ltp"":21.25,""oi"":52800.0,""volume"":11550.0,""spread_pct"":0.06117647058823516,""price_used"":21.9,""tag"":""long"",""iv"":0.5,""delta"":0.9614040879780897,""gamma"":0.00663044069598012,""vega_1pct"":0.02113397252305995,""theta_day"":-3.3005633884518972,""greeks_conf"":""low""}]",550,UP,21.25,12045.0,21.9,0,,21.25,BEARISH,True,0.6875,21.9,adx=18.7 | ivp=1.00 | dte=0 | spr=0.061 | fallback single-leg,False,,LIVE signal,VOLATILE,1.0,CE,0,0.7195988966339872,0.8195,MID,LONG,0.7195988966339872,10.95,NSE:TATACONSUM,0.06117647058823516,BUY_CE,1150,39.42,-3.3005633884518972,90,TATACONSUM26FEB1150CE,None,TATACONSUM,0.02113397252305995
BUY_PE,hard,65.05,61.65,NONE,0.0,,-0.7128285759117149,0,,65.05,ask,2026-02-24,high,0,True,DOWN,True,0.8595570262088776,1.0,2,NFO:TATAELXSI26FEB4600PE,"[{""side"":""BUY"",""right"":""PE"",""strike"":4600,""tradingsymbol"":""TATAELXSI26FEB4600PE"",""instrument_token"":35874562,""bid"":61.65,""ask"":65.05,""mid"":63.349999999999994,""ltp"":63.349999999999994,""oi"":26000.0,""volume"":43800.0,""spread_pct"":0.05367008681925807,""price_used"":65.05,""tag"":""long"",""iv"":0.8595570262088776,""delta"":-0.7128285759117149,""gamma"":0.004042874876188007,""vega_1pct"":0.3340783115103773,""theta_day"":-84.22308022939002,""greeks_conf"":""high""}]",100,DOWN,63.349999999999994,6505.0,65.05,0,,63.349999999999994,BEARISH,True,0.6875,65.05,adx=55.0 | ivp=1.00 | dte=0 | spr=0.054 | fallback single-leg,False,,LIVE signal,VOLATILE,1.0,PE,0,-1.755435651556027,1.136625,MID,SHORT,1.755435651556027,32.525,NSE:TATAELXSI,0.05367008681925807,BUY_PE,4600,117.09,-84.22308022939002,90,TATAELXSI26FEB4600PE,None,TATAELXSI,0.3340783115103773
BUY_CE,hard,12.14,12.01,NONE,0.0,,0.999999992398809,0,,12.14,ask,2026-02-24,low,0,True,UP,False,0.5,1.0,2,NFO:TATASTEEL26FEB196CE,"[{""side"":""BUY"",""right"":""CE"",""strike"":196,""tradingsymbol"":""TATASTEEL26FEB196CE"",""instrument_token"":41395714,""bid"":12.01,""ask"":12.14,""mid"":12.075,""ltp"":12.075,""oi"":830500.0,""volume"":88000.0,""spread_pct"":0.01076604554865431,""price_used"":12.14,""tag"":""long"",""iv"":0.5,""delta"":0.999999992398809,""gamma"":1.974108146026926e-08,""vega_1pct"":1.9870761494019403e-09,""theta_day"":-0.03221857423627867,""greeks_conf"":""low""}]",5500,UP,12.075,66770.0,12.14,0,,12.075,BEARISH,True,0.6875,12.14,adx=12.1 | ivp=1.00 | dte=0 | spr=0.011 | fallback single-leg,False,,Trend UP but ADX<18. Trigger LONG when ADX>=18 AND RSI>=52.,VOLATILE,1.0,CE,0,0.5108626423764637,0.8195,MID,LONG,0.5108626423764637,6.07,NSE:TATASTEEL,0.01076604554865431,BUY_CE,196,21.852,-0.03221857423627867,90,TATASTEEL26FEB196CE,None,TATASTEEL,1.9870761494019403e-09
BUY_PE,hard,55.15,54.1,NONE,0.0,,-0.9317907004319648,0,,55.15,ask,2026-02-24,low,0,True,DOWN,True,2.6766972420043946,1.0,2,NFO:TATATECH26FEB640PE,"[{""side"":""BUY"",""right"":""PE"",""strike"":640,""tradingsymbol"":""TATATECH26FEB640PE"",""instrument_token"":36197122,""bid"":54.1,""ask"":55.15,""mid"":54.625,""ltp"":54.625,""oi"":176800.0,""volume"":14400.0,""spread_pct"":0.019221967963386676,""price_used"":55.15,""tag"":""long"",""iv"":2.6766972420043946,""delta"":-0.9317907004319648,""gamma"":0.0038932742333710295,""vega_1pct"":0.01662205114198459,""theta_day"":-13.038459678975721,""greeks_conf"":""low""}]",800,DOWN,54.625,44120.0,55.15,0,,54.625,BEARISH,True,0.6875,55.15,adx=37.5 | ivp=1.00 | dte=0 | spr=0.019 | fallback single-leg,False,,LIVE signal,VOLATILE,1.0,PE,0,-1.2535587312788463,1.136625,MID,SHORT,1.2535587312788463,27.575,NSE:TATATECH,0.019221967963386676,BUY_PE,640,99.27,-13.038459678975721,90,TATATECH26FEB640PE,None,TATATECH,0.01662205114198459
BUY_PE,hard,100.75,98.95,NONE,0.0,,-0.9997705693243952,0,,100.75,ask,2026-02-24,low,0,True,DOWN,True,0.5,1.0,2,NFO:TCS26FEB2700PE,"[{""side"":""BUY"",""right"":""PE"",""strike"":2700,""tradingsymbol"":""TCS26FEB2700PE"",""instrument_token"":41527042,""bid"":98.95,""ask"":100.75,""mid"":99.85,""ltp"":99.85,""oi"":234675.0,""volume"":265475.0,""spread_pct"":0.018027040560841236,""price_used"":100.75,""tag"":""long"",""iv"":0.5,""delta"":-0.9997705693243952,""gamma"":3.077008329913095e-05,""vega_1pct"":0.00048238538232094205,""theta_day"":0.37250158559442165,""greeks_conf"":""low""}]",175,DOWN,99.85,17631.25,100.75,0,,99.85,BEARISH,True,0.6875,100.75,adx=28.6 | ivp=1.00 | dte=0 | spr=0.018 | fallback single-leg,False,,LIVE signal,VOLATILE,1.0,PE,0,-1.1334080134454325,1.136625,MID,SHORT,1.1334080134454325,50.375,NSE:TCS,0.018027040560841236,BUY_PE,2700,181.35,0.37250158559442165,90,TCS26FEB2700PE,None,TCS,0.00048238538232094205
BUY_PE,hard,22.55,22.0,NONE,0.0,,-0.941889036658669,0,,22.55,ask,2026-02-24,low,0,True,DOWN,True,0.5,1.0,2,NFO:TECHM26FEB1400PE,"[{""side"":""BUY"",""right"":""PE"",""strike"":1400,""tradingsymbol"":""TECHM26FEB1400PE"",""instrument_token"":36511490,""bid"":22.0,""ask"":22.55,""mid"":22.275,""ltp"":22.275,""oi"":145200.0,""volume"":929400.0,""spread_pct"":0.02469135802469139,""price_used"":22.55,""tag"":""long"",""iv"":0.5,""delta"":-0.941889036658669,""gamma"":0.007838067284923431,""vega_1pct"":0.03443620239412124,""theta_day"":-4.868244018190089,""greeks_conf"":""low""}]",600,DOWN,22.275,13530.0,22.55,0,,22.275,BEARISH,True,0.6875,22.55,adx=39.8 | ivp=1.00 | dte=0 | spr=0.025 | fallback single-leg,False,,LIVE signal,VOLATILE,1.0,PE,0,-1.284741720109215,1.136625,MID,SHORT,1.284741720109215,11.275,NSE:TECHM,0.02469135802469139,BUY_PE,1400,40.59,-4.868244018190089,90,TECHM26FEB1400PE,None,TECHM,0.03443620239412124
BUY_CE,hard,143.0,136.35,NONE,0.0,,0.9999999810202003,0,,143.0,ask,2026-02-24,low,0,True,UP,False,0.5,1.0,2,NFO:TIINDIA26FEB2400CE,"[{""side"":""BUY"",""right"":""CE"",""strike"":2400,""tradingsymbol"":""TIINDIA26FEB2400CE"",""instrument_token"":36681218,""bid"":136.35,""ask"":143.0,""mid"":139.675,""ltp"":139.675,""oi"":27400.0,""volume"":18000.0,""spread_pct"":0.047610524431716525,""price_used"":143.0,""tag"":""long"",""iv"":0.5,""delta"":0.9999999810202003,""gamma"":3.926494340268517e-09,""vega_1pct"":5.9020639158442724e-08,""theta_day"":-0.3945182814215143,""greeks_conf"":""low""}]",200,UP,139.675,28600.0,143.0,0,,139.675,BEARISH,True,0.6875,143.0,adx=15.4 | ivp=1.00 | dte=0 | spr=0.048 | fallback single-leg,False,,Trend UP but ADX<18. Trigger LONG when ADX>=18 AND RSI>=52.,VOLATILE,1.0,CE,0,0.5428856834476375,0.8195,MID,LONG,0.5428856834476375,71.5,NSE:TIINDIA,0.047610524431716525,BUY_CE,2400,257.40000000000003,-0.3945182814215143,90,TIINDIA26FEB2400CE,None,TIINDIA,5.9020639158442724e-08
BUY_CE,hard,9.45,8.85,NONE,0.0,,0.46582296478692004,0,,9.45,ask,2026-02-24,high,0,True,UP,False,0.2788743878288269,1.0,2,NFO:TITAN26FEB4280CE,"[{""side"":""BUY"",""right"":""CE"",""strike"":4280,""tradingsymbol"":""TITAN26FEB4280CE"",""instrument_token"":36960002,""bid"":8.85,""ask"":9.45,""mid"":9.149999999999999,""ltp"":9.149999999999999,""oi"":108500.0,""volume"":345450.0,""spread_pct"":0.06557377049180325,""quote_ts"":""2026-02-24T11:26:02"",""price_used"":9.45,""tag"":""long"",""iv"":0.2788743878288269,""delta"":0.46582296478692004,""gamma"":0.015474372491606355,""vega_1pct"":0.3661029758066158,""theta_day"":-30.49135701742598,""greeks_conf"":""high""}]",175,UP,9.149999999999999,1653.7499999999998,9.45,0,,9.149999999999999,BEARISH,True,0.6875,9.45,adx=12.9 | ivp=1.00 | dte=0 | spr=0.066 | watch-mode single-leg,False,2026-02-24T11:26:02,Trend UP but ADX<18. Trigger LONG when ADX>=18 AND RSI>=52.,VOLATILE,1.0,CE,1,0.6096808725600528,0.8195,MID,LONG,0.6096808725600528,4.725,NSE:TITAN,0.06557377049180325,BUY_CE,4280,17.009999999999998,-30.49135701742598,90,TITAN26FEB4280CE,None,TITAN,0.3661029758066158
BUY_CE,hard,64.3,61.85,BOS_UP,0.1345722524831783,,0.9467614693498166,0,,64.3,ask,2026-02-24,low,0,True,UP,True,0.5,1.0,2,NFO:TORNTPHARM26FEB4300CE,"[{""side"":""BUY"",""right"":""CE"",""strike"":4300,""tradingsymbol"":""TORNTPHARM26FEB4300CE"",""instrument_token"":37182722,""bid"":61.85,""ask"":64.3,""mid"":63.075,""ltp"":63.075,""oi"":35000.0,""volume"":65250.0,""spread_pct"":0.03884264764169632,""price_used"":64.3,""tag"":""long"",""iv"":0.5,""delta"":0.9467614693498166,""gamma"":0.002301899806538173,""vega_1pct"":0.10211809885131708,""theta_day"":-15.75733991525417,""greeks_conf"":""low""}]",250,UP,63.075,16075.0,64.3,0,,63.075,BEARISH,True,0.6875,64.3,adx=36.5 | ivp=1.00 | dte=0 | spr=0.039 | fallback single-leg,False,,LIVE signal,VOLATILE,1.0,CE,0,0.8938939329603427,0.8195,MID,LONG,0.8938939329603427,32.15,NSE:TORNTPHARM,0.03884264764169632,BUY_CE,4300,115.74,-15.75733991525417,90,TORNTPHARM26FEB4300CE,None,TORNTPHARM,0.10211809885131708
BUY_PE,hard,213.45,209.7,NONE,0.0,,-0.8737465640264102,0,,213.45,ask,2026-02-24,high,0,True,DOWN,True,1.9566065199337008,0.5,2,NFO:TRENT26FEB4200PE,"[{""side"":""BUY"",""right"":""PE"",""strike"":4200,""tradingsymbol"":""TRENT26FEB4200PE"",""instrument_token"":37481986,""bid"":209.7,""ask"":213.45,""mid"":211.575,""ltp"":211.575,""oi"":122900.0,""volume"":24100.0,""spread_pct"":0.01772421127259837,""price_used"":213.45,""tag"":""long"",""iv"":1.9566065199337008,""delta"":-0.8737465640264102,""gamma"":0.0012306840078073564,""vega_1pct"":0.1784487068969371,""theta_day"":-102.58818907283752,""greeks_conf"":""high""}]",100,DOWN,211.575,21345.0,213.45,0,,211.575,BEARISH,True,0.6875,213.45,adx=28.7 | ivp=0.50 | dte=0 | spr=0.018 | fallback single-leg,False,,LIVE signal,TREND,0.9427059343415014,PE,0,-1.4499992222088272,1.136625,MID,SHORT,1.4499992222088272,106.725,NSE:TRENT,0.01772421127259837,BUY_PE,4200,384.21,-102.58818907283752,90,TRENT26FEB4200PE,None,TRENT,0.1784487068969371
BUY_CE,hard,11.85,11.62,BOS_UP,1.0107219442459108,,0.9999999932555992,0,,11.85,ask,2026-02-24,low,0,True,UP,True,0.5,1.0,2,NFO:UNIONBANK26FEB190CE,"[{""side"":""BUY"",""right"":""CE"",""strike"":190,""tradingsymbol"":""UNIONBANK26FEB190CE"",""instrument_token"":38000898,""bid"":11.62,""ask"":11.85,""mid"":11.735,""ltp"":11.735,""oi"":1562025.0,""volume"":75225.0,""spread_pct"":0.019599488708990236,""price_used"":11.85,""tag"":""long"",""iv"":0.5,""delta"":0.9999999932555992,""gamma"":1.8139463150598524e-08,""vega_1pct"":1.7141679840785606e-09,""theta_day"":-0.03123226153677174,""greeks_conf"":""low""}]",4425,UP,11.735,52436.25,11.85,0,,11.735,BEARISH,True,0.6875,11.85,adx=21.3 | ivp=1.00 | dte=0 | spr=0.020 | fallback single-leg,False,,LIVE signal,VOLATILE,1.0,CE,0,0.7447903258591515,0.8195,MID,LONG,0.7447903258591515,5.925,NSE:UNIONBANK,0.019599488708990236,BUY_CE,190,21.33,-0.03123226153677174,90,UNIONBANK26FEB190CE,None,UNIONBANK,1.7141679840785606e-09
BUY_PE,hard,88.95,87.7,NONE,0.0,,-1.0,0,,88.95,ask,2026-02-24,low,0,True,DOWN,True,0.5,1.0,2,NFO:UPL26FEB730PE,"[{""side"":""BUY"",""right"":""PE"",""strike"":730,""tradingsymbol"":""UPL26FEB730PE"",""instrument_token"":42347266,""bid"":87.7,""ask"":88.95,""mid"":88.325,""ltp"":88.325,""oi"":631430.0,""volume"":17615.0,""spread_pct"":0.014152278516841211,""price_used"":88.95,""tag"":""long"",""iv"":0.5,""delta"":-1.0,""gamma"":1.6711176267944935e-33,""vega_1pct"":1.591149189649856e-33,""theta_day"":0.11999666465283279,""greeks_conf"":""low""}]",1355,DOWN,88.325,120527.25,88.95,0,,88.325,BEARISH,True,0.6875,88.95,adx=49.2 | ivp=1.00 | dte=0 | spr=0.014 | fallback single-leg,False,,LIVE signal,VOLATILE,1.0,PE,0,-1.4124784438637834,1.136625,MID,SHORT,1.4124784438637834,44.475,NSE:UPL,0.014152278516841211,BUY_PE,730,160.11,0.11999666465283279,90,UPL26FEB730PE,None,UPL,1.591149189649856e-33
BUY_CE,hard,17.8,17.05,NONE,0.0,,0.9940007931379176,0,,17.8,ask,2026-02-24,low,0,True,UP,False,0.5,1.0,2,NFO:VEDL26FEB670CE,"[{""side"":""BUY"",""right"":""CE"",""strike"":670,""tradingsymbol"":""VEDL26FEB670CE"",""instrument_token"":9682690,""bid"":17.05,""ask"":17.8,""mid"":17.425,""ltp"":17.425,""oi"":554300.0,""volume"":249550.0,""spread_pct"":0.0430416068866571,""price_used"":17.8,""tag"":""long"",""iv"":0.5,""delta"":0.9940007931379176,""gamma"":0.002295386401174419,""vega_1pct"":0.002518354672437565,""theta_day"":-0.4818689250591509,""greeks_conf"":""low""}]",1150,UP,17.425,20470.0,17.8,0,,17.425,BEARISH,True,0.6875,17.8,adx=17.7 | ivp=1.00 | dte=0 | spr=0.043 | fallback single-leg,False,,Trend UP but ADX<18. Trigger LONG when ADX>=18 AND RSI>=52.,VOLATILE,1.0,CE,0,0.5654341337534734,0.8195,MID,LONG,0.5654341337534734,8.9,NSE:VEDL,0.0430416068866571,BUY_CE,670,32.04,-0.4818689250591509,90,VEDL26FEB670CE,None,VEDL,0.002518354672437565
BUY_CE,hard,49.45,47.5,NONE,0.0,,0.9680317701928504,0,,49.45,ask,2026-02-24,high,0,True,UP,False,0.7960518661804201,1.0,2,NFO:VOLTAS26FEB1500CE,"[{""side"":""BUY"",""right"":""CE"",""strike"":1500,""tradingsymbol"":""VOLTAS26FEB1500CE"",""instrument_token"":42469890,""bid"":47.5,""ask"":49.45,""mid"":48.475,""ltp"":48.475,""oi"":114000.0,""volume"":22125.0,""spread_pct"":0.04022692109334714,""price_used"":49.45,""tag"":""long"",""iv"":0.7960518661804201,""delta"":0.9680317701928504,""gamma"":0.0027041215928370445,""vega_1pct"":0.023892541265734528,""theta_day"":-5.864176003464333,""greeks_conf"":""high""}]",375,UP,48.475,18543.75,49.45,0,,48.475,BEARISH,True,0.6875,49.45,adx=14.0 | ivp=1.00 | dte=0 | spr=0.040 | fallback single-leg,False,,Trend UP but ADX<18. Trigger LONG when ADX>=18 AND RSI>=52.,VOLATILE,1.0,CE,0,0.6223678636403238,0.8195,MID,LONG,0.6223678636403238,24.725,NSE:VOLTAS,0.04022692109334714,BUY_CE,1500,89.01,-5.864176003464333,90,VOLTAS26FEB1500CE,None,VOLTAS,0.023892541265734528
BUY_PE,hard,18.13,18.0,NONE,0.0,,-0.9999999999999992,0,,18.13,ask,2026-02-24,low,0,True,DOWN,True,0.5,1.0,2,NFO:WIPRO26FEB220PE,"[{""side"":""BUY"",""right"":""PE"",""strike"":220,""tradingsymbol"":""WIPRO26FEB220PE"",""instrument_token"":44204290,""bid"":18.0,""ask"":18.13,""mid"":18.064999999999998,""ltp"":18.064999999999998,""oi"":3321000.0,""volume"":417000.0,""spread_pct"":0.007196235815112041,""price_used"":18.13,""tag"":""long"",""iv"":0.5,""delta"":-0.9999999999999992,""gamma"":2.809451431304552e-15,""vega_1pct"":2.6511721045143336e-16,""theta_day"":0.03616337884620985,""greeks_conf"":""low""}]",3000,DOWN,18.064999999999998,54390.0,18.13,0,,18.064999999999998,BEARISH,True,0.6875,18.13,adx=37.5 | ivp=1.00 | dte=0 | spr=0.007 | fallback single-leg,False,,LIVE signal,VOLATILE,1.0,PE,0,-1.2538305613632472,1.136625,MID,SHORT,1.2538305613632472,9.065,NSE:WIPRO,0.007196235815112041,BUY_PE,220,32.634,0.03616337884620985,90,WIPRO26FEB220PE,None,WIPRO,2.6511721045143336e-16
