underlying,ts_signal,spot_symbol,expiry,action,strategy_type,legs_json,net_premium,max_loss,max_profit,breakevens,margin_est,dte,regime,regime_conf,align_mode,ltf_dir,htf_dir,dtf_dir,side,is_live,right,tradingsymbol,kite_symbol,strike,score,signal_strength,entry,sl,target,time_stop_min,spread_pct,bid,ask,mid,ltp,quote_ts,entry_model,iv,iv_pct,iv_samples,greeks_conf,delta,vega_1pct,theta_day,lot_size,greeks_max_lots,risk_lots,max_lots,pass_caps,sent_mult,mkt_bias,mkt_strength,mkt_risk_off,notes,reason,bos,bos_strength,htf_align,session
360ONE,None,NSE:360ONE,2026-02-24,BUY_PE,BUY_PE,"[{""side"":""BUY"",""right"":""PE"",""strike"":1120,""tradingsymbol"":""360ONE26FEB1120PE"",""instrument_token"":17543426,""bid"":27.8,""ask"":28.3,""mid"":28.05,""ltp"":28.05,""oi"":379000.0,""volume"":126000.0,""spread_pct"":0.017825311942959002,""price_used"":28.3,""tag"":""long"",""iv"":0.3223905381832123,""delta"":-0.6657351404290617,""gamma"":0.008661918556712006,""vega_1pct"":0.4744669259766128,""theta_day"":-1.36751852945736,""greeks_conf"":""high""}]",28.3,28.3,,,14150.0,5,VOLATILE,1.0,hard,DOWN,DOWN,,SHORT,True,PE,360ONE26FEB1120PE,NFO:360ONE26FEB1120PE,1120,-1.7323398471024387,1.7323398471024387,28.3,14.15,50.940000000000005,90,0.017825311942959002,27.8,28.3,28.05,28.05,,ask,0.3223905381832123,1.0,1,high,-0.6657351404290617,0.4744669259766128,-1.36751852945736,500,0,0,0,False,1.0,NEUTRAL,0.3125,False,adx=37.6 | ivp=1.00 | dte=5 | spr=0.018 | fallback single-leg,LIVE signal,NONE,0.0,True,MID
ABB,None,NSE:ABB,2026-02-24,BUY_CE,BUY_CE,"[{""side"":""BUY"",""right"":""CE"",""strike"":5850,""tradingsymbol"":""ABB26FEB5850CE"",""instrument_token"":14621442,""bid"":128.4,""ask"":132.05,""mid"":130.22500000000002,""ltp"":130.22500000000002,""oi"":31000.0,""volume"":23750.0,""spread_pct"":0.028028412363217545,""quote_ts"":""2026-02-19T12:30:57"",""price_used"":132.05,""tag"":""long"",""iv"":0.5059960531817673,""delta"":0.49021012507626355,""gamma"":0.00114179873322818,""vega_1pct"":2.7530992290661733,""theta_day"":-14.040647277719726,""greeks_conf"":""high""}]",132.05,132.05,,,16506.25,5,VOLATILE,1.0,hard,UP,UP,,LONG,False,CE,ABB26FEB5850CE,NFO:ABB26FEB5850CE,5850,1.1134988160564678,1.1134988160564678,132.05,66.025,237.69000000000003,90,0.028028412363217545,128.4,132.05,130.22500000000002,130.22500000000002,2026-02-19T12:30:57,ask,0.5059960531817673,1.0,1,high,0.49021012507626355,2.7530992290661733,-14.040647277719726,125,0,0,0,False,1.0,NEUTRAL,0.3125,False,adx=19.3 | ivp=1.00 | dte=5 | spr=0.028 | watch-mode single-leg,Trigger LONG when RSI closes >= 52 AND price closes above EMA_fast.,NONE,0.0,True,MID
ABCAPITAL,None,NSE:ABCAPITAL,2026-02-24,BUY_CE,BUY_CE,"[{""side"":""BUY"",""right"":""CE"",""strike"":340,""tradingsymbol"":""ABCAPITAL26FEB340CE"",""instrument_token"":17763330,""bid"":9.15,""ask"":9.35,""mid"":9.25,""ltp"":9.25,""oi"":641700.0,""volume"":626200.0,""spread_pct"":0.021621621621621546,""price_used"":9.35,""tag"":""long"",""iv"":0.21391010638809208,""delta"":0.8379739388189515,""gamma"":0.027797007046514832,""vega_1pct"":0.1012115462003467,""theta_day"":-0.2576930349129804,""greeks_conf"":""high""}]",9.35,9.35,,,28985.0,5,VOLATILE,1.0,hard,UP,UP,,LONG,True,CE,ABCAPITAL26FEB340CE,NFO:ABCAPITAL26FEB340CE,340,1.366735127683742,1.366735127683742,9.35,4.675,16.83,90,0.021621621621621546,9.15,9.35,9.25,9.25,,ask,0.21391010638809208,1.0,1,high,0.8379739388189515,0.1012115462003467,-0.2576930349129804,3100,0,0,0,False,1.0,NEUTRAL,0.3125,False,adx=18.1 | ivp=1.00 | dte=5 | spr=0.022 | fallback single-leg,LIVE signal,NONE,0.0,True,MID
ALKEM,None,NSE:ALKEM,2026-02-24,BEAR_PUT_SPREAD,BEAR_PUT_SPREAD,"[{""side"":""BUY"",""right"":""PE"",""strike"":5400,""tradingsymbol"":""ALKEM26FEB5400PE"",""instrument_token"":18283522,""bid"":72.0,""ask"":73.45,""mid"":72.725,""ltp"":72.725,""oi"":27625.0,""volume"":142250.0,""spread_pct"":0.019938123066345865,""quote_ts"":""2026-02-19T12:31:03"",""price_used"":73.45,""tag"":""long"",""iv"":0.3097019039411545,""delta"":-0.46646280806493545,""gamma"":0.002003005191196541,""vega_1pct"":2.547521061993576,""theta_day"":-7.271730659571664,""greeks_conf"":""high""},{""side"":""SELL"",""right"":""PE"",""strike"":5300,""tradingsymbol"":""ALKEM26FEB5300PE"",""instrument_token"":18283010,""bid"":25.1,""ask"":26.1,""mid"":25.6,""ltp"":25.6,""oi"":34750.0,""volume"":93500.0,""spread_pct"":0.0390625,""quote_ts"":""2026-02-19T12:31:03"",""price_used"":25.1,""tag"":""short"",""iv"":0.26719187978935244,""delta"":-0.2474472217849899,""gamma"":0.0018457761686365183,""vega_1pct"":2.0253221987735173,""theta_day"":-5.056066953320956,""greeks_conf"":""high""}]",48.35,48.35,51.65,5351.65,6043.75,5,VOLATILE,1.0,hard,DOWN,DOWN,,SHORT,True,PE,ALKEM26FEB5400PE,NFO:ALKEM26FEB5400PE,5400,-1.5246806533519048,1.5246806533519048,73.45,24.175,89.67,90,0.019938123066345865,72.0,73.45,72.725,72.725,2026-02-19T12:31:03,ask,0.3097019039411545,1.0,1,high,-0.21901558627994555,0.5221988632200589,-2.215663706250708,125,0,0,0,False,1.0,NEUTRAL,0.3125,False,adx=26.5 | ivp=1.00 | dte=5 | spr=0.020 | volatile -> direction via debit spread,LIVE signal,NONE,0.0,True,MID
AMBER,None,NSE:AMBER,2026-02-24,BUY_CE,BUY_CE,"[{""side"":""BUY"",""right"":""CE"",""strike"":7800,""tradingsymbol"":""AMBER26FEB7800CE"",""instrument_token"":18480386,""bid"":134.9,""ask"":138.75,""mid"":136.825,""ltp"":136.825,""oi"":60700.0,""volume"":50000.0,""spread_pct"":0.028138132651196746,""quote_ts"":""2026-02-19T12:31:04"",""price_used"":138.75,""tag"":""long"",""iv"":0.30939315194296835,""delta"":0.5662828999145921,""gamma"":0.0013695763894520751,""vega_1pct"":3.6527753122393953,""theta_day"":-11.734355871768834,""greeks_conf"":""high""}]",138.75,138.75,,,13875.0,5,VOLATILE,1.0,hard,UP,UP,,LONG,False,CE,AMBER26FEB7800CE,NFO:AMBER26FEB7800CE,7800,1.007494097718085,1.007494097718085,138.75,69.375,249.75,90,0.028138132651196746,134.9,138.75,136.825,136.825,2026-02-19T12:31:04,ask,0.30939315194296835,1.0,1,high,0.5662828999145921,3.6527753122393953,-11.734355871768834,100,0,0,0,False,1.0,NEUTRAL,0.3125,False,adx=13.7 | ivp=1.00 | dte=5 | spr=0.028 | watch-mode single-leg,Trend UP but ADX<18. Trigger LONG when ADX>=18 AND RSI>=52.,NONE,0.0,True,MID
AMBUJACEM,None,NSE:AMBUJACEM,2026-02-24,BUY_PE,BUY_PE,"[{""side"":""BUY"",""right"":""PE"",""strike"":525,""tradingsymbol"":""AMBUJACEM26FEB525PE"",""instrument_token"":16361218,""bid"":8.1,""ask"":8.35,""mid"":8.225,""ltp"":8.225,""oi"":300300.0,""volume"":119700.0,""spread_pct"":0.030395136778115502,""price_used"":8.35,""tag"":""long"",""iv"":0.2169046431427002,""delta"":-0.640729752804048,""gamma"":0.027998797216263787,""vega_1pct"":0.2301436746274905,""theta_day"":-0.4310157794558085,""greeks_conf"":""high""}]",8.35,8.35,,,8767.5,5,VOLATILE,1.0,hard,DOWN,DOWN,,SHORT,True,PE,AMBUJACEM26FEB525PE,NFO:AMBUJACEM26FEB525PE,525,-1.3911007867742886,1.3911007867742886,8.35,4.175,15.03,90,0.030395136778115502,8.1,8.35,8.225,8.225,,ask,0.2169046431427002,1.0,1,high,-0.640729752804048,0.2301436746274905,-0.4310157794558085,1050,0,0,0,False,1.0,NEUTRAL,0.3125,False,adx=19.4 | ivp=1.00 | dte=5 | spr=0.030 | fallback single-leg,LIVE signal,NONE,0.0,True,MID
ANGELONE,None,NSE:ANGELONE,2026-02-24,BEAR_PUT_SPREAD,BEAR_PUT_SPREAD,"[{""side"":""BUY"",""right"":""PE"",""strike"":2550,""tradingsymbol"":""ANGELONE26FEB2550PE"",""instrument_token"":16718338,""bid"":53.85,""ask"":54.6,""mid"":54.225,""ltp"":54.225,""oi"":230750.0,""volume"":662500.0,""spread_pct"":0.013831258644536652,""quote_ts"":""2026-02-19T12:31:06"",""price_used"":54.6,""tag"":""long"",""iv"":0.3580209956109524,""delta"":-0.5688527598127081,""gamma"":0.0036661715643963927,""vega_1pct"":1.176609963721085,""theta_day"":-3.865185744839036,""greeks_conf"":""high""},{""side"":""SELL"",""right"":""PE"",""strike"":2450,""tradingsymbol"":""ANGELONE26FEB2450PE"",""instrument_token"":16717826,""bid"":15.25,""ask"":15.55,""mid"":15.4,""ltp"":15.4,""oi"":71500.0,""volume"":341250.0,""spread_pct"":0.019480519480519525,""quote_ts"":""2026-02-19T12:31:01"",""price_used"":15.25,""tag"":""short"",""iv"":0.37497136110210416,""delta"":-0.2306267066695047,""gamma"":0.0027088045101407287,""vega_1pct"":0.9105147889948276,""theta_day"":-3.2330731236500467,""greeks_conf"":""high""}]",39.35,39.35,60.65,2510.65,9837.5,5,VOLATILE,1.0,hard,DOWN,DOWN,,SHORT,True,PE,ANGELONE26FEB2550PE,NFO:ANGELONE26FEB2550PE,2550,-1.4222213059369206,1.4222213059369206,54.6,19.675,87.87,90,0.013831258644536652,53.85,54.6,54.225,54.225,2026-02-19T12:31:06,ask,0.3580209956109524,1.0,1,high,-0.3382260531432034,0.2660951747262573,-0.6321126211889894,250,0,0,0,False,1.0,NEUTRAL,0.3125,False,adx=21.1 | ivp=1.00 | dte=5 | spr=0.014 | volatile -> direction via debit spread,LIVE signal,NONE,0.0,True,MID
APOLLOHOSP,None,NSE:APOLLOHOSP,2026-02-24,BUY_CE,BUY_CE,"[{""side"":""BUY"",""right"":""CE"",""strike"":7650,""tradingsymbol"":""APOLLOHOSP26FEB7650CE"",""instrument_token"":17175810,""bid"":47.5,""ask"":48.45,""mid"":47.975,""ltp"":47.975,""oi"":72875.0,""volume"":254000.0,""spread_pct"":0.01980198019801986,""quote_ts"":""2026-02-19T12:31:08"",""price_used"":48.45,""tag"":""long"",""iv"":0.13904370729124546,""delta"":0.48884052923219923,""gamma"":0.0031687338784337016,""vega_1pct"":3.6094673292259927,""theta_day"":-5.503059337664065,""greeks_conf"":""high""}]",48.45,48.45,,,6056.25,5,VOLATILE,1.0,hard,UP,UP,,LONG,False,CE,APOLLOHOSP26FEB7650CE,NFO:APOLLOHOSP26FEB7650CE,7650,1.0575978840052953,1.0575978840052953,48.45,24.225,87.21000000000001,90,0.01980198019801986,47.5,48.45,47.975,47.975,2026-02-19T12:31:08,ask,0.13904370729124546,1.0,1,high,0.48884052923219923,3.6094673292259927,-5.503059337664065,125,0,0,0,False,1.0,NEUTRAL,0.3125,False,adx=16.4 | ivp=1.00 | dte=5 | spr=0.020 | watch-mode single-leg,Trend UP but ADX<18. Trigger LONG when ADX>=18 AND RSI>=52.,NONE,0.0,True,MID
ASTRAL,None,NSE:ASTRAL,2026-02-24,BUY_CE,BUY_CE,"[{""side"":""BUY"",""right"":""CE"",""strike"":1640,""tradingsymbol"":""ASTRAL26FEB1640CE"",""instrument_token"":19270402,""bid"":10.45,""ask"":10.85,""mid"":10.649999999999999,""ltp"":10.649999999999999,""oi"":380375.0,""volume"":777750.0,""spread_pct"":0.037558685446009425,""price_used"":10.85,""tag"":""long"",""iv"":0.14084913162040708,""delta"":0.49575388685370225,""gamma"":0.014592378376541983,""vega_1pct"":0.7742668683379945,""theta_day"":-1.1958686504649247,""greeks_conf"":""high""}]",10.85,10.85,,,4611.25,5,VOLATILE,1.0,hard,UP,UP,,LONG,True,CE,ASTRAL26FEB1640CE,NFO:ASTRAL26FEB1640CE,1640,1.4530492377268063,1.4530492377268063,10.85,5.425,19.53,90,0.037558685446009425,10.45,10.85,10.649999999999999,10.649999999999999,,ask,0.14084913162040708,1.0,1,high,0.49575388685370225,0.7742668683379945,-1.1958686504649247,425,0,0,0,False,1.0,NEUTRAL,0.3125,False,adx=22.7 | ivp=1.00 | dte=5 | spr=0.038 | fallback single-leg,LIVE signal,NONE,0.0,True,MID
AUBANK,None,NSE:AUBANK,2026-02-24,BUY_CE,BUY_CE,"[{""side"":""BUY"",""right"":""CE"",""strike"":1030,""tradingsymbol"":""AUBANK26FEB1030CE"",""instrument_token"":18021890,""bid"":8.3,""ask"":8.4,""mid"":8.350000000000001,""ltp"":8.350000000000001,""oi"":928000.0,""volume"":6653000.0,""spread_pct"":0.011976047904191572,""price_used"":8.4,""tag"":""long"",""iv"":0.22721862881183624,""delta"":0.4216560426156011,""gamma"":0.014200876351766593,""vega_1pct"":0.4743442191564044,""theta_day"":-1.1212417621229982,""greeks_conf"":""high""}]",8.4,8.4,,,8400.0,5,VOLATILE,1.0,hard,UP,UP,,LONG,True,CE,AUBANK26FEB1030CE,NFO:AUBANK26FEB1030CE,1030,1.5577776480702934,1.5577776480702934,8.4,4.2,15.120000000000001,90,0.011976047904191572,8.3,8.4,8.350000000000001,8.350000000000001,,ask,0.22721862881183624,1.0,1,high,0.4216560426156011,0.4743442191564044,-1.1212417621229982,1000,0,0,0,False,1.0,NEUTRAL,0.3125,False,adx=28.3 | ivp=1.00 | dte=5 | spr=0.012 | fallback single-leg,LIVE signal,NONE,0.0,True,MID
AUROPHARMA,None,NSE:AUROPHARMA,2026-02-24,BULL_CALL_SPREAD,BULL_CALL_SPREAD,"[{""side"":""BUY"",""right"":""CE"",""strike"":1190,""tradingsymbol"":""AUROPHARMA26FEB1190CE"",""instrument_token"":18218754,""bid"":19.3,""ask"":19.55,""mid"":19.425,""ltp"":19.425,""oi"":272800.0,""volume"":1491600.0,""spread_pct"":0.01287001287001287,""quote_ts"":""2026-02-19T12:31:14"",""price_used"":19.55,""tag"":""long"",""iv"":0.31496141674423217,""delta"":0.5370371525448304,""gamma"":0.00892742913051498,""vega_1pct"":0.5611544384188981,""theta_day"":-1.8266670273625085,""greeks_conf"":""high""},{""side"":""SELL"",""right"":""CE"",""strike"":1210,""tradingsymbol"":""AUROPHARMA26FEB1210CE"",""instrument_token"":18219266,""bid"":11.25,""ask"":11.45,""mid"":11.35,""ltp"":11.35,""oi"":277750.0,""volume"":1003750.0,""spread_pct"":0.01762114537444928,""quote_ts"":""2026-02-19T12:31:02"",""price_used"":11.25,""tag"":""short"",""iv"":0.32612178819990156,""delta"":0.36683590155698564,""gamma"":0.008172265682091227,""vega_1pct"":0.5318889008703982,""theta_day"":-1.7626164742578303,""greeks_conf"":""high""}]",8.3,8.3,1201.7,8.30,4565.0,5,VOLATILE,1.0,hard,UP,UP,,LONG,True,CE,AUROPHARMA26FEB1190CE,NFO:AUROPHARMA26FEB1190CE,1190,1.5727822876324271,1.5727822876324271,19.55,4.15,969.6600000000001,90,0.01287001287001287,19.3,19.55,19.425,19.425,2026-02-19T12:31:14,ask,0.31496141674423217,1.0,1,high,0.17020125098784478,0.02926553754849992,-0.06405055310467822,550,0,0,0,False,1.0,NEUTRAL,0.3125,False,adx=29.1 | ivp=1.00 | dte=5 | spr=0.013 | volatile -> direction via debit spread,LIVE signal,NONE,0.0,True,MID
AXISBANK,None,NSE:AXISBANK,2026-02-24,BUY_CE,BUY_CE,"[{""side"":""BUY"",""right"":""CE"",""strike"":1360,""tradingsymbol"":""AXISBANK26FEB1360CE"",""instrument_token"":19564546,""bid"":11.35,""ask"":11.55,""mid"":11.45,""ltp"":11.45,""oi"":1716250.0,""volume"":780000.0,""spread_pct"":0.017467248908297036,""quote_ts"":""2026-02-19T12:31:07"",""price_used"":11.55,""tag"":""long"",""iv"":0.12735941111278537,""delta"":0.6148508903516402,""gamma"":0.018563747653604867,""vega_1pct"":0.6181552964975191,""theta_day"":-0.9042587084707492,""greeks_conf"":""high""}]",11.55,11.55,,,7218.75,5,VOLATILE,1.0,hard,UP,UP,,LONG,False,CE,AXISBANK26FEB1360CE,NFO:AXISBANK26FEB1360CE,1360,1.249124792844,1.249124792844,11.55,5.775,20.790000000000003,90,0.017467248908297036,11.35,11.55,11.45,11.45,2026-02-19T12:31:07,ask,0.12735941111278537,1.0,1,high,0.6148508903516402,0.6181552964975191,-0.9042587084707492,625,0,0,0,False,1.0,NEUTRAL,0.3125,False,adx=26.6 | ivp=1.00 | dte=5 | spr=0.017 | watch-mode single-leg,Trigger LONG when RSI closes >= 52 AND price closes above EMA_fast.,NONE,0.0,True,MID
BAJAJ-AUTO,None,NSE:BAJAJ-AUTO,2026-02-24,BUY_CE,BUY_CE,"[{""side"":""BUY"",""right"":""CE"",""strike"":9800,""tradingsymbol"":""BAJAJ-AUTO26FEB9800CE"",""instrument_token"":19709698,""bid"":86.35,""ask"":87.35,""mid"":86.85,""ltp"":86.85,""oi"":158100.0,""volume"":127575.0,""spread_pct"":0.011514104778353483,""quote_ts"":""2026-02-19T12:31:16"",""price_used"":87.35,""tag"":""long"",""iv"":0.1435629305542707,""delta"":0.591627726885541,""gamma"":0.0023229225085421574,""vega_1pct"":4.522943683409623,""theta_day"":-7.277631509230677,""greeks_conf"":""high""}]",87.35,87.35,,,6551.25,5,VOLATILE,1.0,hard,UP,UP,,LONG,False,CE,BAJAJ-AUTO26FEB9800CE,NFO:BAJAJ-AUTO26FEB9800CE,9800,1.1798037037176012,1.1798037037176012,87.35,43.675,157.23,90,0.011514104778353483,86.35,87.35,86.85,86.85,2026-02-19T12:31:16,ask,0.1435629305542707,1.0,1,high,0.591627726885541,4.522943683409623,-7.277631509230677,75,0,0,0,False,1.0,NEUTRAL,0.3125,False,adx=22.9 | ivp=1.00 | dte=5 | spr=0.012 | watch-mode single-leg,Trigger LONG when RSI closes >= 52 AND price closes above EMA_fast.,NONE,0.0,True,MID
BAJAJHLDNG,None,NSE:BAJAJHLDNG,2026-02-24,BUY_CE,BUY_CE,"[{""side"":""BUY"",""right"":""CE"",""strike"":12000,""tradingsymbol"":""BAJAJHLDNG26FEB12000CE"",""instrument_token"":19000066,""bid"":11.1,""ask"":11.7,""mid"":11.399999999999999,""ltp"":11.399999999999999,""oi"":25200.0,""volume"":9550.0,""spread_pct"":0.0526315789473684,""price_used"":11.7,""tag"":""long"",""iv"":0.3179094618852138,""delta"":0.06259869938041718,""gamma"":0.00028906355069125697,""vega_1pct"":1.6499413980663533,""theta_day"":-5.23279846623804,""greeks_conf"":""high""}]",11.7,11.7,,,585.0,5,VOLATILE,1.0,hard,UP,UP,,LONG,False,CE,BAJAJHLDNG26FEB12000CE,NFO:BAJAJHLDNG26FEB12000CE,12000,1.115672137768709,1.115672137768709,11.7,5.85,21.06,90,0.0526315789473684,11.1,11.7,11.399999999999999,11.399999999999999,,ask,0.3179094618852138,1.0,1,high,0.06259869938041718,1.6499413980663533,-5.23279846623804,50,1,3,1,True,1.0,NEUTRAL,0.3125,False,adx=19.4 | ivp=1.00 | dte=5 | spr=0.053 | fallback single-leg,Trigger LONG when RSI closes >= 52 AND price closes above EMA_fast.,NONE,0.0,True,MID
BAJFINANCE,None,NSE:BAJFINANCE,2026-02-24,BUY_CE,BUY_CE,"[{""side"":""BUY"",""right"":""CE"",""strike"":1020,""tradingsymbol"":""BAJFINANCE26FEB1020CE"",""instrument_token"":19839746,""bid"":8.85,""ask"":9.0,""mid"":8.925,""ltp"":8.925,""oi"":1338750.0,""volume"":2859750.0,""spread_pct"":0.016806722689075668,""quote_ts"":""2026-02-19T12:31:11"",""price_used"":9.0,""tag"":""long"",""iv"":0.1830778219051361,""delta"":0.5080939026418286,""gamma"":0.018038501686002455,""vega_1pct"":0.4817316102857218,""theta_day"":-0.9442602024814734,""greeks_conf"":""high""}]",9.0,9.0,,,6750.0,5,VOLATILE,1.0,hard,UP,UP,,LONG,False,CE,BAJFINANCE26FEB1020CE,NFO:BAJFINANCE26FEB1020CE,1020,0.9272274172753764,0.9272274172753764,9.0,4.5,16.2,90,0.016806722689075668,8.85,9.0,8.925,8.925,2026-02-19T12:31:11,ask,0.1830778219051361,1.0,1,high,0.5080939026418286,0.4817316102857218,-0.9442602024814734,750,0,0,0,False,1.0,NEUTRAL,0.3125,False,adx=9.4 | ivp=1.00 | dte=5 | spr=0.017 | watch-mode single-leg,Trend UP but ADX<18. Trigger LONG when ADX>=18 AND RSI>=52.,NONE,0.0,True,MID
BANDHANBNK,None,NSE:BANDHANBNK,2026-02-24,BUY_CE,BUY_CE,"[{""side"":""BUY"",""right"":""CE"",""strike"":155,""tradingsymbol"":""BANDHANBNK26FEB155CE"",""instrument_token"":19934466,""bid"":16.43,""ask"":16.64,""mid"":16.535,""ltp"":16.535,""oi"":871200.0,""volume"":39600.0,""spread_pct"":0.01270033262775935,""price_used"":16.64,""tag"":""long"",""iv"":0.3988656663208008,""delta"":0.9847932996607255,""gamma"":0.004731631752762649,""vega_1pct"":0.007779967178341982,""theta_day"":-0.0553026516086337,""greeks_conf"":""high""}]",16.64,16.64,,,59904.0,5,VOLATILE,1.0,hard,UP,UP,,LONG,False,CE,BANDHANBNK26FEB155CE,NFO:BANDHANBNK26FEB155CE,155,1.0848516502904217,1.0848516502904217,16.64,8.32,29.952,90,0.01270033262775935,16.43,16.64,16.535,16.535,,ask,0.3988656663208008,1.0,1,high,0.9847932996607255,0.007779967178341982,-0.0553026516086337,3600,0,0,0,False,1.0,NEUTRAL,0.3125,False,adx=17.8 | ivp=1.00 | dte=5 | spr=0.013 | fallback single-leg,Trend UP but ADX<18. Trigger LONG when ADX>=18 AND RSI>=52.,NONE,0.0,True,MID
BANKBARODA,None,NSE:BANKBARODA,2026-02-24,BUY_CE,BUY_CE,"[{""side"":""BUY"",""right"":""CE"",""strike"":295,""tradingsymbol"":""BANKBARODA26FEB295CE"",""instrument_token"":19998466,""bid"":9.75,""ask"":9.95,""mid"":9.85,""ltp"":9.85,""oi"":897975.0,""volume"":236925.0,""spread_pct"":0.02030456852791871,""price_used"":9.95,""tag"":""long"",""iv"":0.25585269443511965,""delta"":0.8456645847552363,""gamma"":0.025796404314305608,""vega_1pct"":0.08554367595462395,""theta_day"":-0.25418733412485406,""greeks_conf"":""high""}]",9.95,9.95,,,29103.749999999996,5,VOLATILE,1.0,hard,UP,UP,,LONG,False,CE,BANKBARODA26FEB295CE,NFO:BANKBARODA26FEB295CE,295,1.160692137677468,1.160692137677468,9.95,4.975,17.91,90,0.02030456852791871,9.75,9.95,9.85,9.85,,ask,0.25585269443511965,1.0,1,high,0.8456645847552363,0.08554367595462395,-0.25418733412485406,2925,0,0,0,False,1.0,NEUTRAL,0.3125,False,adx=21.8 | ivp=1.00 | dte=5 | spr=0.020 | fallback single-leg,Trigger LONG when RSI closes >= 52 AND price closes above EMA_fast.,NONE,0.0,True,MID
BANKINDIA,None,NSE:BANKINDIA,2026-02-24,BUY_CE,BUY_CE,"[{""side"":""BUY"",""right"":""CE"",""strike"":160,""tradingsymbol"":""BANKINDIA26FEB160CE"",""instrument_token"":20129794,""bid"":12.21,""ask"":12.43,""mid"":12.32,""ltp"":12.32,""oi"":681200.0,""volume"":98800.0,""spread_pct"":0.017857142857142766,""price_used"":12.43,""tag"":""long"",""iv"":0.5,""delta"":0.9002963805506496,""gamma"":0.01716697916942841,""vega_1pct"":0.03572719785702791,""theta_day"":-0.1976878370895415,""greeks_conf"":""low""}]",12.43,12.43,,,64636.0,5,VOLATILE,1.0,hard,UP,UP,,LONG,False,CE,BANKINDIA26FEB160CE,NFO:BANKINDIA26FEB160CE,160,1.1362507228282814,1.1362507228282814,12.43,6.215,22.374,90,0.017857142857142766,12.21,12.43,12.32,12.32,,ask,0.5,1.0,1,low,0.9002963805506496,0.03572719785702791,-0.1976878370895415,5200,0,0,0,False,1.0,NEUTRAL,0.3125,False,adx=31.2 | ivp=1.00 | dte=5 | spr=0.018 | fallback single-leg,Trigger LONG when RSI closes >= 52 AND price closes above EMA_fast.,NONE,0.0,True,MID
BANKNIFTY,None,NSE:NIFTY BANK,2026-02-24,BUY_CE,BUY_CE,"[{""side"":""BUY"",""right"":""CE"",""strike"":61100,""tradingsymbol"":""BANKNIFTY26FEB61100CE"",""instrument_token"":15429122,""bid"":337.95,""ask"":338.8,""mid"":338.375,""ltp"":338.375,""oi"":270420.0,""volume"":1414530.0,""spread_pct"":0.00251200591060221,""quote_ts"":""2026-02-19T12:31:24"",""price_used"":338.8,""tag"":""long"",""iv"":0.1072683285049498,""delta"":0.531177287709539,""gamma"":0.0005121278512001255,""vega_1pct"":28.794689396071263,""theta_day"":-35.41978410535291,""greeks_conf"":""high""}]",338.8,338.8,,,10164.0,5,VOLATILE,1.0,hard,UP,UP,,LONG,False,CE,BANKNIFTY26FEB61100CE,NFO:BANKNIFTY26FEB61100CE,61100,1.3911935570372265,1.3911935570372265,338.8,169.4,609.84,90,0.00251200591060221,337.95,338.8,338.375,338.375,2026-02-19T12:31:24,ask,0.1072683285049498,1.0,1,high,0.531177287709539,28.794689396071263,-35.41978410535291,30,0,0,0,False,1.0,NEUTRAL,0.3125,False,adx=34.1 | ivp=1.00 | dte=5 | spr=0.003 | watch-mode single-leg,Trigger LONG when RSI closes >= 52 AND price closes above EMA_fast.,NONE,0.0,True,MID
BHARATFORG,None,NSE:BHARATFORG,2026-02-24,BUY_CE,BUY_CE,"[{""side"":""BUY"",""right"":""CE"",""strike"":1760,""tradingsymbol"":""BHARATFORG26FEB1760CE"",""instrument_token"":20354306,""bid"":22.95,""ask"":23.25,""mid"":23.1,""ltp"":23.1,""oi"":190000.0,""volume"":550500.0,""spread_pct"":0.012987012987013017,""quote_ts"":""2026-02-19T12:30:55"",""price_used"":23.25,""tag"":""long"",""iv"":0.24906015047502517,""delta"":0.540992162266372,""gamma"":0.0076272945077601895,""vega_1pct"":0.8289796673512875,""theta_day"":-2.1676940009555485,""greeks_conf"":""high""}]",23.25,23.25,,,11625.0,5,VOLATILE,1.0,hard,UP,UP,,LONG,False,CE,BHARATFORG26FEB1760CE,NFO:BHARATFORG26FEB1760CE,1760,1.0942935369981466,1.0942935369981466,23.25,11.625,41.85,90,0.012987012987013017,22.95,23.25,23.1,23.1,2026-02-19T12:30:55,ask,0.24906015047502517,1.0,1,high,0.540992162266372,0.8289796673512875,-2.1676940009555485,500,0,0,0,False,1.0,NEUTRAL,0.3125,False,adx=18.3 | ivp=1.00 | dte=5 | spr=0.013 | watch-mode single-leg,Trigger LONG when RSI closes >= 52 AND price closes above EMA_fast.,NONE,0.0,True,MID
BHEL,None,NSE:BHEL,2026-02-24,BUY_PE,BUY_PE,"[{""side"":""BUY"",""right"":""PE"",""strike"":265,""tradingsymbol"":""BHEL26FEB265PE"",""instrument_token"":20512258,""bid"":9.05,""ask"":9.2,""mid"":9.125,""ltp"":9.125,""oi"":1115625.0,""volume"":1005375.0,""spread_pct"":0.016438356164383407,""price_used"":9.2,""tag"":""long"",""iv"":0.29850100133514407,""delta"":-0.8076493916720457,""gamma"":0.03012792273403689,""vega_1pct"":0.083126880158831,""theta_day"":-0.20656414399620643,""greeks_conf"":""high""}]",9.2,9.2,,,24149.999999999996,5,VOLATILE,1.0,hard,DOWN,DOWN,,SHORT,True,PE,BHEL26FEB265PE,NFO:BHEL26FEB265PE,265,-1.8630671297492396,1.8630671297492396,9.2,4.6,16.56,90,0.016438356164383407,9.05,9.2,9.125,9.125,,ask,0.29850100133514407,1.0,1,high,-0.8076493916720457,0.083126880158831,-0.20656414399620643,2625,0,0,0,False,1.0,NEUTRAL,0.3125,False,adx=44.6 | ivp=1.00 | dte=5 | spr=0.016 | fallback single-leg,LIVE signal,NONE,0.0,True,MID
BIOCON,None,NSE:BIOCON,2026-02-24,BUY_CE,BUY_CE,"[{""side"":""BUY"",""right"":""CE"",""strike"":370,""tradingsymbol"":""BIOCON26FEB370CE"",""instrument_token"":20613122,""bid"":15.3,""ask"":15.55,""mid"":15.425,""ltp"":15.425,""oi"":1870000.0,""volume"":815000.0,""spread_pct"":0.01620745542949757,""price_used"":15.55,""tag"":""long"",""iv"":0.23601627262115477,""delta"":0.9253492099874492,""gamma"":0.013110023569221002,""vega_1pct"":0.06430057808132951,""theta_day"":-0.20407820579330282,""greeks_conf"":""high""}]",15.55,15.55,,,38875.0,5,VOLATILE,1.0,hard,UP,UP,,LONG,True,CE,BIOCON26FEB370CE,NFO:BIOCON26FEB370CE,370,1.5545984716006525,1.5545984716006525,15.55,7.775,27.990000000000002,90,0.01620745542949757,15.3,15.55,15.425,15.425,,ask,0.23601627262115477,1.0,1,high,0.9253492099874492,0.06430057808132951,-0.20407820579330282,2500,0,0,0,False,1.0,NEUTRAL,0.3125,False,adx=28.1 | ivp=1.00 | dte=5 | spr=0.016 | fallback single-leg,LIVE signal,NONE,0.0,True,MID
BPCL,None,NSE:BPCL,2026-02-24,BUY_PE,BUY_PE,"[{""side"":""BUY"",""right"":""PE"",""strike"":385,""tradingsymbol"":""BPCL26FEB385PE"",""instrument_token"":20830722,""bid"":11.75,""ask"":12.05,""mid"":11.9,""ltp"":11.9,""oi"":817650.0,""volume"":312050.0,""spread_pct"":0.025210084033613505,""price_used"":12.05,""tag"":""long"",""iv"":0.19359684751129153,""delta"":-0.9057026579788695,""gamma"":0.01963909411549617,""vega_1pct"":0.07431826881101511,""theta_day"":-0.0828866545783406,""greeks_conf"":""high""}]",12.05,12.05,,,23798.75,5,VOLATILE,1.0,hard,DOWN,DOWN,,SHORT,True,PE,BPCL26FEB385PE,NFO:BPCL26FEB385PE,385,-1.8101830827723364,1.8101830827723364,12.05,6.025,21.69,90,0.025210084033613505,11.75,12.05,11.9,11.9,,ask,0.19359684751129153,1.0,1,high,-0.9057026579788695,0.07431826881101511,-0.0828866545783406,1975,0,0,0,False,1.0,NEUTRAL,0.3125,False,adx=41.7 | ivp=1.00 | dte=5 | spr=0.025 | fallback single-leg,LIVE signal,NONE,0.0,True,MID
BRITANNIA,None,NSE:BRITANNIA,2026-02-24,BUY_CE,BUY_CE,"[{""side"":""BUY"",""right"":""CE"",""strike"":6100,""tradingsymbol"":""BRITANNIA26FEB6100CE"",""instrument_token"":21002754,""bid"":66.95,""ask"":68.2,""mid"":67.575,""ltp"":67.575,""oi"":61125.0,""volume"":118750.0,""spread_pct"":0.01849796522382538,""quote_ts"":""2026-02-19T12:31:34"",""price_used"":68.2,""tag"":""long"",""iv"":0.19830978583109385,""delta"":0.5590823372831164,""gamma"":0.002746332916180721,""vega_1pct"":2.858427471935285,""theta_day"":-6.082307831527237,""greeks_conf"":""high""}]",68.2,68.2,,,8525.0,5,VOLATILE,1.0,hard,UP,UP,,LONG,False,CE,BRITANNIA26FEB6100CE,NFO:BRITANNIA26FEB6100CE,6100,1.2768899291862978,1.2768899291862978,68.2,34.1,122.76,90,0.01849796522382538,66.95,68.2,67.575,67.575,2026-02-19T12:31:34,ask,0.19830978583109385,1.0,1,high,0.5590823372831164,2.858427471935285,-6.082307831527237,125,0,0,0,False,1.0,NEUTRAL,0.3125,False,adx=28.0 | ivp=1.00 | dte=5 | spr=0.018 | watch-mode single-leg,Trigger LONG when RSI closes >= 52 AND price closes above EMA_fast.,NONE,0.0,True,MID
BSE,None,NSE:BSE,2026-02-24,BEAR_PUT_SPREAD,BEAR_PUT_SPREAD,"[{""side"":""BUY"",""right"":""PE"",""strike"":2750,""tradingsymbol"":""BSE26FEB2750PE"",""instrument_token"":21076226,""bid"":40.0,""ask"":40.45,""mid"":40.225,""ltp"":40.225,""oi"":380625.0,""volume"":1923375.0,""spread_pct"":0.011187072715972725,""quote_ts"":""2026-02-19T12:31:35"",""price_used"":40.45,""tag"":""long"",""iv"":0.3667113510811329,""delta"":-0.43854779948116873,""gamma"":0.0032829440542175912,""vega_1pct"":1.2907589888454813,""theta_day"":-4.413071700647135,""greeks_conf"":""high""},{""side"":""SELL"",""right"":""PE"",""strike"":2650,""tradingsymbol"":""BSE26FEB2650PE"",""instrument_token"":21075714,""bid"":10.85,""ask"":11.0,""mid"":10.925,""ltp"":10.925,""oi"":277125.0,""volume"":1048875.0,""spread_pct"":0.013729977116704838,""quote_ts"":""2026-02-19T12:31:32"",""price_used"":10.85,""tag"":""short"",""iv"":0.377493829164505,""delta"":-0.16362455953048516,""gamma"":0.0019973944249496783,""vega_1pct"":0.8084087640227017,""theta_day"":-2.9017775193633972,""greeks_conf"":""high""}]",29.6,29.6,70.4,2720.40,11100.0,5,VOLATILE,1.0,hard,DOWN,DOWN,,SHORT,True,PE,BSE26FEB2750PE,NFO:BSE26FEB2750PE,2750,-1.6620435589944196,1.6620435589944196,40.45,14.8,85.92000000000002,90,0.011187072715972725,40.0,40.45,40.225,40.225,2026-02-19T12:31:35,ask,0.3667113510811329,1.0,1,high,-0.2749232399506836,0.48235022482277967,-1.5112941812837382,375,0,0,0,False,1.0,NEUTRAL,0.3125,False,adx=33.9 | ivp=1.00 | dte=5 | spr=0.011 | volatile -> direction via debit spread,LIVE signal,NONE,0.0,True,MID
CANBK,None,NSE:CANBK,2026-02-24,BUY_CE,BUY_CE,"[{""side"":""BUY"",""right"":""CE"",""strike"":140,""tradingsymbol"":""CANBK26FEB140CE"",""instrument_token"":21278210,""bid"":11.3,""ask"":11.4,""mid"":11.350000000000001,""ltp"":11.350000000000001,""oi"":2193750.0,""volume"":337500.0,""spread_pct"":0.008810572687224637,""price_used"":11.4,""tag"":""long"",""iv"":0.5,""delta"":0.9140908302645079,""gamma"":0.017487098742249282,""vega_1pct"":0.028138556016324107,""theta_day"":-0.15808809935440019,""greeks_conf"":""low""}]",11.4,11.4,,,76950.0,5,VOLATILE,1.0,hard,UP,UP,,LONG,True,CE,CANBK26FEB140CE,NFO:CANBK26FEB140CE,140,1.481871734209602,1.481871734209602,11.4,5.7,20.52,90,0.008810572687224637,11.3,11.4,11.350000000000001,11.350000000000001,,ask,0.5,1.0,1,low,0.9140908302645079,0.028138556016324107,-0.15808809935440019,6750,0,0,0,False,1.0,NEUTRAL,0.3125,False,adx=38.2 | ivp=1.00 | dte=5 | spr=0.009 | fallback single-leg,LIVE signal,NONE,0.0,True,MID
CDSL,None,NSE:CDSL,2026-02-24,BUY_PE,BUY_PE,"[{""side"":""BUY"",""right"":""PE"",""strike"":1340,""tradingsymbol"":""CDSL26FEB1340PE"",""instrument_token"":21505282,""bid"":21.2,""ask"":21.5,""mid"":21.35,""ltp"":21.35,""oi"":276925.0,""volume"":829825.0,""spread_pct"":0.014051522248243593,""price_used"":21.5,""tag"":""long"",""iv"":0.2909836650395393,""delta"":-0.542168256931373,""gamma"":0.00863095847251566,""vega_1pct"":0.6266458568331618,""theta_day"":-1.6570315995159397,""greeks_conf"":""high""}]",21.5,21.5,,,10212.5,5,VOLATILE,1.0,hard,DOWN,DOWN,,SHORT,True,PE,CDSL26FEB1340PE,NFO:CDSL26FEB1340PE,1340,-1.4566659995769828,1.4566659995769828,21.5,10.75,38.7,90,0.014051522248243593,21.2,21.5,21.35,21.35,,ask,0.2909836650395393,1.0,1,high,-0.542168256931373,0.6266458568331618,-1.6570315995159397,475,0,0,0,False,1.0,NEUTRAL,0.3125,False,adx=22.9 | ivp=1.00 | dte=5 | spr=0.014 | fallback single-leg,LIVE signal,NONE,0.0,True,MID
CGPOWER,None,NSE:CGPOWER,2026-02-24,BUY_CE,BUY_CE,"[{""side"":""BUY"",""right"":""CE"",""strike"":700,""tradingsymbol"":""CGPOWER26FEB700CE"",""instrument_token"":21436674,""bid"":11.95,""ask"":12.25,""mid"":12.1,""ltp"":12.1,""oi"":543150.0,""volume"":757350.0,""spread_pct"":0.024793388429752126,""quote_ts"":""2026-02-19T12:31:37"",""price_used"":12.25,""tag"":""long"",""iv"":0.27491664020729056,""delta"":0.6002996662630123,""gamma"":0.016824334175002374,""vega_1pct"":0.32257831570232,""theta_day"":-0.9329523811243479,""greeks_conf"":""high""}]",12.25,12.25,,,10412.5,5,VOLATILE,1.0,hard,UP,UP,,LONG,False,CE,CGPOWER26FEB700CE,NFO:CGPOWER26FEB700CE,700,1.3187812427951209,1.3187812427951209,12.25,6.125,22.05,90,0.024793388429752126,11.95,12.25,12.1,12.1,2026-02-19T12:31:37,ask,0.27491664020729056,1.0,1,high,0.6002996662630123,0.32257831570232,-0.9329523811243479,850,0,0,0,False,1.0,NEUTRAL,0.3125,False,adx=30.3 | ivp=1.00 | dte=5 | spr=0.025 | watch-mode single-leg,Trigger LONG when RSI closes >= 52 AND price closes above EMA_fast.,NONE,0.0,True,MID
CHOLAFIN,None,NSE:CHOLAFIN,2026-02-24,BUY_PE,BUY_PE,"[{""side"":""BUY"",""right"":""PE"",""strike"":1700,""tradingsymbol"":""CHOLAFIN26FEB1700PE"",""instrument_token"":21679618,""bid"":15.75,""ask"":16.25,""mid"":16.0,""ltp"":16.0,""oi"":530000.0,""volume"":268750.0,""spread_pct"":0.03125,""quote_ts"":""2026-02-19T12:31:40"",""price_used"":16.25,""tag"":""long"",""iv"":0.22836065357732777,""delta"":-0.45197480101163,""gamma"":0.008592778369561729,""vega_1pct"":0.7993574019369786,""theta_day"":-1.6521066306370835,""greeks_conf"":""high""}]",16.25,16.25,,,10156.25,5,VOLATILE,1.0,hard,DOWN,DOWN,,SHORT,False,PE,CHOLAFIN26FEB1700PE,NFO:CHOLAFIN26FEB1700PE,1700,-1.0146120027662222,1.0146120027662222,16.25,8.125,29.25,90,0.03125,15.75,16.25,16.0,16.0,2026-02-19T12:31:40,ask,0.22836065357732777,1.0,1,high,-0.45197480101163,0.7993574019369786,-1.6521066306370835,625,0,0,0,False,1.0,NEUTRAL,0.3125,False,adx=14.1 | ivp=1.00 | dte=5 | spr=0.031 | watch-mode single-leg,Trend DOWN but ADX<18. Trigger SHORT when ADX>=18 AND RSI<=48.,NONE,0.0,True,MID
CIPLA,None,NSE:CIPLA,2026-02-24,BUY_CE,BUY_CE,"[{""side"":""BUY"",""right"":""CE"",""strike"":1340,""tradingsymbol"":""CIPLA26FEB1340CE"",""instrument_token"":21697794,""bid"":10.0,""ask"":10.3,""mid"":10.15,""ltp"":10.15,""oi"":485250.0,""volume"":174000.0,""spread_pct"":0.029556650246305487,""quote_ts"":""2026-02-19T12:31:41"",""price_used"":10.3,""tag"":""long"",""iv"":0.12393572100162506,""delta"":0.5878689441252292,""gamma"":0.019735426097611457,""vega_1pct"":0.6193847828891721,""theta_day"":-0.8772121622599028,""greeks_conf"":""high""}]",10.3,10.3,,,3862.5000000000005,5,VOLATILE,1.0,hard,UP,UP,,LONG,False,CE,CIPLA26FEB1340CE,NFO:CIPLA26FEB1340CE,1340,1.2662223453526924,1.2662223453526924,10.3,5.15,18.540000000000003,90,0.029556650246305487,10.0,10.3,10.15,10.15,2026-02-19T12:31:41,ask,0.12393572100162506,1.0,1,high,0.5878689441252292,0.6193847828891721,-0.8772121622599028,375,0,0,0,False,1.0,NEUTRAL,0.3125,False,adx=27.5 | ivp=1.00 | dte=5 | spr=0.030 | watch-mode single-leg,Trigger LONG when RSI closes >= 52 AND price closes above EMA_fast.,NONE,0.0,True,MID
COALINDIA,None,NSE:COALINDIA,2026-02-24,BUY_PE,BUY_PE,"[{""side"":""BUY"",""right"":""PE"",""strike"":422,""tradingsymbol"":""COALINDIA26FEB422.5PE"",""instrument_token"":22083330,""bid"":8.05,""ask"":8.2,""mid"":8.125,""ltp"":8.125,""oi"":232200.0,""volume"":205200.0,""spread_pct"":0.018461538461538286,""price_used"":8.2,""tag"":""long"",""iv"":0.2509221992053986,""delta"":-0.6621261415924203,""gamma"":0.0295376863097907,""vega_1pct"":0.1802701610255487,""theta_day"":-0.39476671715412703,""greeks_conf"":""high""}]",8.2,8.2,,,11069.999999999998,5,VOLATILE,1.0,hard,DOWN,DOWN,,SHORT,False,PE,COALINDIA26FEB422.5PE,NFO:COALINDIA26FEB422.5PE,422,-1.0504573166380922,1.0504573166380922,8.2,4.1,14.76,90,0.018461538461538286,8.05,8.2,8.125,8.125,,ask,0.2509221992053986,1.0,1,high,-0.6621261415924203,0.1802701610255487,-0.39476671715412703,1350,0,0,0,False,1.0,NEUTRAL,0.3125,False,adx=16.0 | ivp=1.00 | dte=5 | spr=0.018 | fallback single-leg,Trend DOWN but ADX<18. Trigger SHORT when ADX>=18 AND RSI<=48.,NONE,0.0,True,MID
COLPAL,None,NSE:COLPAL,2026-02-24,BUY_CE,BUY_CE,"[{""side"":""BUY"",""right"":""CE"",""strike"":2180,""tradingsymbol"":""COLPAL26FEB2180CE"",""instrument_token"":22356994,""bid"":20.2,""ask"":20.65,""mid"":20.424999999999997,""ltp"":20.424999999999997,""oi"":60975.0,""volume"":144900.0,""spread_pct"":0.022031823745410004,""quote_ts"":""2026-02-19T12:31:31"",""price_used"":20.65,""tag"":""long"",""iv"":0.1982173986501694,""delta"":0.5049602628372138,""gamma"":0.00779808692564232,""vega_1pct"":1.029492400574499,""theta_day"":-2.168783392381279,""greeks_conf"":""high""}]",20.65,20.65,,,4646.25,5,VOLATILE,1.0,hard,UP,UP,,LONG,False,CE,COLPAL26FEB2180CE,NFO:COLPAL26FEB2180CE,2180,1.6451664253246163,1.6451664253246163,20.65,10.325,37.17,90,0.022031823745410004,20.2,20.65,20.424999999999997,20.424999999999997,2026-02-19T12:31:31,ask,0.1982173986501694,1.0,1,high,0.5049602628372138,1.029492400574499,-2.168783392381279,225,0,0,0,False,1.0,NEUTRAL,0.3125,False,adx=47.7 | ivp=1.00 | dte=5 | spr=0.022 | watch-mode single-leg,Trigger LONG when RSI closes >= 52 AND price closes above EMA_fast.,NONE,0.0,True,MID
CUMMINSIND,None,NSE:CUMMINSIND,2026-02-24,BULL_CALL_SPREAD,BULL_CALL_SPREAD,"[{""side"":""BUY"",""right"":""CE"",""strike"":4750,""tradingsymbol"":""CUMMINSIND26FEB4750CE"",""instrument_token"":22877698,""bid"":39.55,""ask"":40.45,""mid"":40.0,""ltp"":40.0,""oi"":88600.0,""volume"":352600.0,""spread_pct"":0.02250000000000014,""quote_ts"":""2026-02-19T12:31:47"",""price_used"":40.45,""tag"":""long"",""iv"":0.2214882394092083,""delta"":0.4396555993952731,""gamma"":0.003180223734602695,""vega_1pct"":2.2079977988011166,""theta_day"":-5.107290170459943,""greeks_conf"":""high""},{""side"":""SELL"",""right"":""CE"",""strike"":4850,""tradingsymbol"":""CUMMINSIND26FEB4850CE"",""instrument_token"":22878210,""bid"":14.4,""ask"":14.65,""mid"":14.525,""ltp"":14.525,""oi"":58800.0,""volume"":244400.0,""spread_pct"":0.01721170395869191,""quote_ts"":""2026-02-19T12:31:43"",""price_used"":14.4,""tag"":""short"",""iv"":0.2431116081161499,""delta"":0.19511679781299635,""gamma"":0.0020263202702804723,""vega_1pct"":1.5442018753813986,""theta_day"":-3.8126439175321667,""greeks_conf"":""high""}]",26.050000000000004,26.050000000000004,4823.95,26.05,5210.000000000001,5,VOLATILE,1.0,hard,UP,UP,,LONG,True,CE,CUMMINSIND26FEB4750CE,NFO:CUMMINSIND26FEB4750CE,4750,1.5745476565933667,1.5745476565933667,40.45,13.025000000000002,3885.21,90,0.02250000000000014,39.55,40.45,40.0,40.0,2026-02-19T12:31:47,ask,0.2214882394092083,1.0,1,high,0.24453880158227675,0.6637959234197179,-1.2946462529277762,200,0,0,0,False,1.0,NEUTRAL,0.3125,False,adx=29.2 | ivp=1.00 | dte=5 | spr=0.023 | volatile -> direction via debit spread,LIVE signal,NONE,0.0,True,MID
DABUR,None,NSE:DABUR,2026-02-24,BUY_PE,BUY_PE,"[{""side"":""BUY"",""right"":""PE"",""strike"":510,""tradingsymbol"":""DABUR26FEB510PE"",""instrument_token"":22498306,""bid"":8.2,""ask"":8.4,""mid"":8.3,""ltp"":8.3,""oi"":281250.0,""volume"":781250.0,""spread_pct"":0.0240963855421688,""price_used"":8.4,""tag"":""long"",""iv"":0.2361116400337219,""delta"":-0.6236840547668818,""gamma"":0.026876368631875258,""vega_1pct"":0.22708711859034472,""theta_day"":-0.47010232297680443,""greeks_conf"":""high""}]",8.4,8.4,,,10500.0,5,VOLATILE,1.0,hard,DOWN,DOWN,,SHORT,False,PE,DABUR26FEB510PE,NFO:DABUR26FEB510PE,510,-1.048995055806866,1.048995055806866,8.4,4.2,15.120000000000001,90,0.0240963855421688,8.2,8.4,8.3,8.3,,ask,0.2361116400337219,1.0,1,high,-0.6236840547668818,0.22708711859034472,-0.47010232297680443,1250,0,0,0,False,1.0,NEUTRAL,0.3125,False,adx=15.9 | ivp=1.00 | dte=5 | spr=0.024 | fallback single-leg,Trend DOWN but ADX<18. Trigger SHORT when ADX>=18 AND RSI<=48.,NONE,0.0,True,MID
DALBHARAT,None,NSE:DALBHARAT,2026-02-24,BEAR_PUT_SPREAD,BEAR_PUT_SPREAD,"[{""side"":""BUY"",""right"":""PE"",""strike"":2100,""tradingsymbol"":""DALBHARAT26FEB2100PE"",""instrument_token"":23144194,""bid"":25.85,""ask"":26.95,""mid"":26.4,""ltp"":26.4,""oi"":253175.0,""volume"":81250.0,""spread_pct"":0.04166666666666659,""quote_ts"":""2026-02-19T12:31:09"",""price_used"":26.95,""tag"":""long"",""iv"":0.300451264922142,""delta"":-0.4547764078328046,""gamma"":0.005288744905920385,""vega_1pct"":0.988754934863021,""theta_day"":-2.737257638515886,""greeks_conf"":""high""},{""side"":""SELL"",""right"":""PE"",""strike"":2060,""tradingsymbol"":""DALBHARAT26FEB2060PE"",""instrument_token"":23143426,""bid"":12.25,""ask"":13.25,""mid"":12.75,""ltp"":12.75,""oi"":39975.0,""volume"":15925.0,""spread_pct"":0.0784313725490196,""quote_ts"":""2026-02-19T12:31:09"",""price_used"":12.25,""tag"":""short"",""iv"":0.3124103384580612,""delta"":-0.26427966167731964,""gamma"":0.004197216269379621,""vega_1pct"":0.815922204504822,""theta_day"":-2.393912539723248,""greeks_conf"":""high""}]",14.7,14.7,25.3,2085.30,4777.5,5,VOLATILE,1.0,hard,DOWN,DOWN,,SHORT,True,PE,DALBHARAT26FEB2100PE,NFO:DALBHARAT26FEB2100PE,2100,-1.3708749250297956,1.3708749250297956,26.95,7.35,34.94,90,0.04166666666666659,25.85,26.95,26.4,26.4,2026-02-19T12:31:09,ask,0.300451264922142,1.0,1,high,-0.19049674615548495,0.17283273035819902,-0.34334509879263786,325,0,0,0,False,1.0,NEUTRAL,0.3125,False,adx=18.3 | ivp=1.00 | dte=5 | spr=0.042 | volatile -> direction via debit spread,LIVE signal,NONE,0.0,True,MID
DELHIVERY,None,NSE:DELHIVERY,2026-02-24,BUY_CE,BUY_CE,"[{""side"":""BUY"",""right"":""CE"",""strike"":420,""tradingsymbol"":""DELHIVERY26FEB420CE"",""instrument_token"":22682114,""bid"":11.4,""ask"":11.8,""mid"":11.600000000000001,""ltp"":11.600000000000001,""oi"":284275.0,""volume"":78850.0,""spread_pct"":0.03448275862068968,""price_used"":11.8,""tag"":""long"",""iv"":0.20946598496246338,""delta"":0.8489523035206183,""gamma"":0.02192974846275305,""vega_1pct"":0.11944925940000627,""theta_day"":-0.30232148765828737,""greeks_conf"":""high""}]",11.8,11.8,,,24485.0,5,VOLATILE,1.0,hard,UP,UP,,LONG,False,CE,DELHIVERY26FEB420CE,NFO:DELHIVERY26FEB420CE,420,1.0890350161809381,1.0890350161809381,11.8,5.9,21.240000000000002,90,0.03448275862068968,11.4,11.8,11.600000000000001,11.600000000000001,,ask,0.20946598496246338,1.0,1,high,0.8489523035206183,0.11944925940000627,-0.30232148765828737,2075,0,0,0,False,1.0,NEUTRAL,0.3125,False,adx=18.0 | ivp=1.00 | dte=5 | spr=0.034 | fallback single-leg,Trigger LONG when RSI closes >= 52 AND price closes above EMA_fast.,NONE,0.0,True,MID
DIVISLAB,None,NSE:DIVISLAB,2026-02-24,BULL_CALL_SPREAD,BULL_CALL_SPREAD,"[{""side"":""BUY"",""right"":""CE"",""strike"":6300,""tradingsymbol"":""DIVISLAB26FEB6300CE"",""instrument_token"":22806274,""bid"":66.35,""ask"":67.35,""mid"":66.85,""ltp"":66.85,""oi"":177700.0,""volume"":375300.0,""spread_pct"":0.014958863126402395,""quote_ts"":""2026-02-19T12:31:51"",""price_used"":67.35,""tag"":""long"",""iv"":0.17561174559378628,""delta"":0.584970173498304,""gamma"":0.002964069127371867,""vega_1pct"":2.9199333531444034,""theta_day"":-5.600832079486068,""greeks_conf"":""high""},{""side"":""SELL"",""right"":""CE"",""strike"":6400,""tradingsymbol"":""DIVISLAB26FEB6400CE"",""instrument_token"":22807298,""bid"":29.0,""ask"":29.4,""mid"":29.2,""ltp"":29.2,""oi"":106200.0,""volume"":359700.0,""spread_pct"":0.013698630136986254,""quote_ts"":""2026-02-19T12:31:43"",""price_used"":29.0,""tag"":""short"",""iv"":0.1951620651700497,""delta"":0.31357260193018255,""gamma"":0.002425564397203169,""vega_1pct"":2.655456952449272,""theta_day"":-5.378376281875885,""greeks_conf"":""high""}]",38.349999999999994,38.349999999999994,6361.65,38.35,3834.9999999999995,5,VOLATILE,1.0,hard,UP,UP,,LONG,True,CE,DIVISLAB26FEB6300CE,NFO:DIVISLAB26FEB6300CE,6300,1.4983269834249344,1.4983269834249344,67.35,19.174999999999997,5127.67,90,0.014958863126402395,66.35,67.35,66.85,66.85,2026-02-19T12:31:51,ask,0.17561174559378628,1.0,1,high,0.2713975715681215,0.26447640069513145,-0.2224557976101833,100,0,0,0,False,1.0,NEUTRAL,0.3125,False,adx=25.1 | ivp=1.00 | dte=5 | spr=0.015 | volatile -> direction via debit spread,LIVE signal,NONE,0.0,True,MID
DIXON,None,NSE:DIXON,2026-02-24,BEAR_PUT_SPREAD,BEAR_PUT_SPREAD,"[{""side"":""BUY"",""right"":""PE"",""strike"":11300,""tradingsymbol"":""DIXON26FEB11300PE"",""instrument_token"":23674882,""bid"":232.2,""ask"":235.05,""mid"":233.625,""ltp"":233.625,""oi"":37850.0,""volume"":375100.0,""spread_pct"":0.012199036918138138,""quote_ts"":""2026-02-19T12:31:52"",""price_used"":235.05,""tag"":""long"",""iv"":0.4053017745764255,""delta"":-0.5158321023103724,""gamma"":0.0007374972599846946,""vega_1pct"":5.316145748847273,""theta_day"":-20.033444936685985,""greeks_conf"":""high""},{""side"":""SELL"",""right"":""PE"",""strike"":11100,""tradingsymbol"":""DIXON26FEB11100PE"",""instrument_token"":23673858,""bid"":139.95,""ask"":141.8,""mid"":140.875,""ltp"":140.875,""oi"":46450.0,""volume"":235800.0,""spread_pct"":0.013132209405501492,""quote_ts"":""2026-02-19T12:31:52"",""price_used"":139.95,""tag"":""short"",""iv"":0.4041821015482545,""delta"":-0.36957867735488614,""gamma"":0.0007002114148946676,""vega_1pct"":5.033432242940787,""theta_day"":-19.146125177439867,""greeks_conf"":""high""}]",95.10000000000002,95.10000000000002,104.89999999999998,11204.90,4755.000000000001,5,VOLATILE,1.0,hard,DOWN,DOWN,,SHORT,True,PE,DIXON26FEB11300PE,NFO:DIXON26FEB11300PE,11300,-1.656382307478492,1.656382307478492,235.05,47.55000000000001,179.02,90,0.012199036918138138,232.2,235.05,233.625,233.625,2026-02-19T12:31:52,ask,0.4053017745764255,1.0,1,high,-0.1462534249554862,0.2827135059064858,-0.8873197592461182,50,1,0,1,True,1.0,NEUTRAL,0.3125,False,adx=33.5 | ivp=1.00 | dte=5 | spr=0.012 | volatile -> direction via debit spread,LIVE signal,NONE,0.0,True,MID
DLF,None,NSE:DLF,2026-02-24,BUY_PE,BUY_PE,"[{""side"":""BUY"",""right"":""PE"",""strike"":630,""tradingsymbol"":""DLF26FEB630PE"",""instrument_token"":23779586,""bid"":9.45,""ask"":9.7,""mid"":9.575,""ltp"":9.575,""oi"":842325.0,""volume"":1986600.0,""spread_pct"":0.026109660574412535,""price_used"":9.7,""tag"":""long"",""iv"":0.2843723191633224,""delta"":-0.5341198349415737,""gamma"":0.018806623385330134,""vega_1pct"":0.2954183721556176,""theta_day"":-0.7631587010832679,""greeks_conf"":""high""}]",9.7,9.7,,,8002.499999999999,5,VOLATILE,1.0,hard,DOWN,DOWN,,SHORT,True,PE,DLF26FEB630PE,NFO:DLF26FEB630PE,630,-1.4935622274573068,1.4935622274573068,9.7,4.85,17.46,90,0.026109660574412535,9.45,9.7,9.575,9.575,,ask,0.2843723191633224,1.0,1,high,-0.5341198349415737,0.2954183721556176,-0.7631587010832679,825,0,0,0,False,1.0,NEUTRAL,0.3125,False,adx=24.9 | ivp=1.00 | dte=5 | spr=0.026 | fallback single-leg,LIVE signal,NONE,0.0,True,MID
DMART,None,NSE:DMART,2026-02-24,BUY_PE,BUY_PE,"[{""side"":""BUY"",""right"":""PE"",""strike"":3850,""tradingsymbol"":""DMART26FEB3850PE"",""instrument_token"":23863810,""bid"":26.95,""ask"":27.8,""mid"":27.375,""ltp"":27.375,""oi"":86250.0,""volume"":65250.0,""spread_pct"":0.031050228310502335,""price_used"":27.8,""tag"":""long"",""iv"":0.19851780599975588,""delta"":-0.411419537542442,""gamma"":0.004278775544520599,""vega_1pct"":1.782093317249648,""theta_day"":-3.1864255165366395,""greeks_conf"":""high""}]",27.8,27.8,,,4170.0,5,VOLATILE,1.0,hard,DOWN,DOWN,,SHORT,True,PE,DMART26FEB3850PE,NFO:DMART26FEB3850PE,3850,-1.5447931549249228,1.5447931549249228,27.8,13.9,50.04,90,0.031050228310502335,26.95,27.8,27.375,27.375,,ask,0.19851780599975588,1.0,1,high,-0.411419537542442,1.782093317249648,-3.1864255165366395,150,0,0,0,False,1.0,NEUTRAL,0.3125,False,adx=27.6 | ivp=1.00 | dte=5 | spr=0.031 | fallback single-leg,LIVE signal,NONE,0.0,True,MID
DRREDDY,None,NSE:DRREDDY,2026-02-24,BUY_CE,BUY_CE,"[{""side"":""BUY"",""right"":""CE"",""strike"":1280,""tradingsymbol"":""DRREDDY26FEB1280CE"",""instrument_token"":23223554,""bid"":12.45,""ask"":12.65,""mid"":12.55,""ltp"":12.55,""oi"":2148750.0,""volume"":903750.0,""spread_pct"":0.015936254980079764,""price_used"":12.65,""tag"":""long"",""iv"":0.11317589267873765,""delta"":0.7093675350222375,""gamma"":0.019835399248260516,""vega_1pct"":0.5230165272267175,""theta_day"":-0.7258071302494453,""greeks_conf"":""high""}]",12.65,12.65,,,7906.25,5,VOLATILE,1.0,hard,UP,UP,,LONG,False,CE,DRREDDY26FEB1280CE,NFO:DRREDDY26FEB1280CE,1280,1.0783236762231425,1.0783236762231425,12.65,6.325,22.77,90,0.015936254980079764,12.45,12.65,12.55,12.55,,ask,0.11317589267873765,1.0,1,high,0.7093675350222375,0.5230165272267175,-0.7258071302494453,625,0,0,0,False,1.0,NEUTRAL,0.3125,False,adx=17.5 | ivp=1.00 | dte=5 | spr=0.016 | fallback single-leg,Trend UP but ADX<18. Trigger LONG when ADX>=18 AND RSI>=52.,NONE,0.0,True,MID
ETERNAL,None,NSE:ETERNAL,2026-02-24,BUY_PE,BUY_PE,"[{""side"":""BUY"",""right"":""PE"",""strike"":285,""tradingsymbol"":""ETERNAL26FEB285PE"",""instrument_token"":24343554,""bid"":11.65,""ask"":11.8,""mid"":11.725000000000001,""ltp"":11.725000000000001,""oi"":1760550.0,""volume"":1200375.0,""spread_pct"":0.01279317697228148,""price_used"":11.8,""tag"":""long"",""iv"":0.42867751948928834,""delta"":-0.742329714305149,""gamma"":0.023103038303085306,""vega_1pct"":0.1052503056295936,""theta_day"":-0.4047949042832919,""greeks_conf"":""high""}]",11.8,11.8,,,28615.0,5,VOLATILE,1.0,hard,DOWN,DOWN,,SHORT,True,PE,ETERNAL26FEB285PE,NFO:ETERNAL26FEB285PE,285,-1.395586622658073,1.395586622658073,11.8,5.9,21.240000000000002,90,0.01279317697228148,11.65,11.8,11.725000000000001,11.725000000000001,,ask,0.42867751948928834,1.0,1,high,-0.742329714305149,0.1052503056295936,-0.4047949042832919,2425,0,0,0,False,1.0,NEUTRAL,0.3125,False,adx=19.7 | ivp=1.00 | dte=5 | spr=0.013 | fallback single-leg,LIVE signal,NONE,0.0,True,MID
FORTIS,None,NSE:FORTIS,2026-02-24,BUY_CE,BUY_CE,"[{""side"":""BUY"",""right"":""CE"",""strike"":920,""tradingsymbol"":""FORTIS26FEB920CE"",""instrument_token"":23813890,""bid"":9.0,""ask"":9.25,""mid"":9.125,""ltp"":9.125,""oi"":336350.0,""volume"":558775.0,""spread_pct"":0.0273972602739726,""price_used"":9.25,""tag"":""long"",""iv"":0.21436310159778593,""delta"":0.4986485774152077,""gamma"":0.017095140564000424,""vega_1pct"":0.43430261037019996,""theta_day"":-0.9823474710539358,""greeks_conf"":""high""}]",9.25,9.25,,,7168.75,5,VOLATILE,1.0,hard,UP,UP,,LONG,True,CE,FORTIS26FEB920CE,NFO:FORTIS26FEB920CE,920,1.538657088537172,1.538657088537172,9.25,4.625,16.650000000000002,90,0.0273972602739726,9.0,9.25,9.125,9.125,,ask,0.21436310159778593,1.0,1,high,0.4986485774152077,0.43430261037019996,-0.9823474710539358,775,0,0,0,False,1.0,NEUTRAL,0.3125,False,adx=27.3 | ivp=1.00 | dte=5 | spr=0.027 | fallback single-leg,LIVE signal,NONE,0.0,True,MID
GAIL,None,NSE:GAIL,2026-02-24,BUY_CE,BUY_CE,"[{""side"":""BUY"",""right"":""CE"",""strike"":155,""tradingsymbol"":""GAIL26FEB155CE"",""instrument_token"":23903490,""bid"":11.98,""ask"":12.24,""mid"":12.11,""ltp"":12.11,""oi"":2050650.0,""volume"":25200.0,""spread_pct"":0.02146985962014862,""price_used"":12.24,""tag"":""long"",""iv"":0.5,""delta"":0.9048483771040243,""gamma"":0.017097635604658417,""vega_1pct"":0.03349519155171685,""theta_day"":-0.18620734305426465,""greeks_conf"":""low""}]",12.24,12.24,,,38556.0,5,VOLATILE,1.0,hard,UP,UP,,LONG,False,CE,GAIL26FEB155CE,NFO:GAIL26FEB155CE,155,1.1971659125390985,1.1971659125390985,12.24,6.12,22.032,90,0.02146985962014862,11.98,12.24,12.11,12.11,,ask,0.5,1.0,1,low,0.9048483771040243,0.03349519155171685,-0.18620734305426465,3150,0,0,0,False,1.0,NEUTRAL,0.3125,False,adx=35.0 | ivp=1.00 | dte=5 | spr=0.021 | fallback single-leg,Trigger LONG when RSI closes >= 52 AND price closes above EMA_fast.,NONE,0.0,True,MID
GLENMARK,None,NSE:GLENMARK,2026-02-24,BUY_CE,BUY_CE,"[{""side"":""BUY"",""right"":""CE"",""strike"":2040,""tradingsymbol"":""GLENMARK26FEB2040CE"",""instrument_token"":24006402,""bid"":22.35,""ask"":22.9,""mid"":22.625,""ltp"":22.625,""oi"":302250.0,""volume"":696000.0,""spread_pct"":0.024309392265193245,""quote_ts"":""2026-02-19T12:32:04"",""price_used"":22.9,""tag"":""long"",""iv"":0.2476725546221733,""delta"":0.4892855485043361,""gamma"":0.006675766967835644,""vega_1pct"":0.9618951720907057,""theta_day"":-2.4849213254280382,""greeks_conf"":""high""}]",22.9,22.9,,,8587.5,5,VOLATILE,1.0,hard,UP,UP,,LONG,False,CE,GLENMARK26FEB2040CE,NFO:GLENMARK26FEB2040CE,2040,1.2015287847160745,1.2015287847160745,22.9,11.45,41.22,90,0.024309392265193245,22.35,22.9,22.625,22.625,2026-02-19T12:32:04,ask,0.2476725546221733,1.0,1,high,0.4892855485043361,0.9618951720907057,-2.4849213254280382,375,0,0,0,False,1.0,NEUTRAL,0.3125,False,adx=24.0 | ivp=1.00 | dte=5 | spr=0.024 | watch-mode single-leg,Trigger LONG when RSI closes >= 52 AND price closes above EMA_fast.,NONE,0.0,True,MID
GODREJPROP,None,NSE:GODREJPROP,2026-02-24,BUY_CE,BUY_CE,"[{""side"":""BUY"",""right"":""CE"",""strike"":1860,""tradingsymbol"":""GODREJPROP26FEB1860CE"",""instrument_token"":25760002,""bid"":21.4,""ask"":21.7,""mid"":21.549999999999997,""ltp"":21.549999999999997,""oi"":212575.0,""volume"":548350.0,""spread_pct"":0.013921113689095162,""quote_ts"":""2026-02-19T12:31:43"",""price_used"":21.7,""tag"":""long"",""iv"":0.2646741800975799,""delta"":0.4827299132968025,""gamma"":0.006851878704949305,""vega_1pct"":0.8759604813451806,""theta_day"":-2.406205015691299,""greeks_conf"":""high""}]",21.7,21.7,,,5967.5,5,VOLATILE,1.0,hard,UP,UP,,LONG,False,CE,GODREJPROP26FEB1860CE,NFO:GODREJPROP26FEB1860CE,1860,1.3346968603740847,1.3346968603740847,21.7,10.85,39.06,90,0.013921113689095162,21.4,21.7,21.549999999999997,21.549999999999997,2026-02-19T12:31:43,ask,0.2646741800975799,1.0,1,high,0.4827299132968025,0.8759604813451806,-2.406205015691299,275,0,0,0,False,1.0,NEUTRAL,0.3125,False,adx=31.1 | ivp=1.00 | dte=5 | spr=0.014 | watch-mode single-leg,Trigger LONG when RSI closes >= 52 AND price closes above EMA_fast.,NONE,0.0,True,MID
HDFCBANK,None,NSE:HDFCBANK,2026-02-24,BUY_PE,BUY_PE,"[{""side"":""BUY"",""right"":""PE"",""strike"":925,""tradingsymbol"":""HDFCBANK26FEB925PE"",""instrument_token"":26753794,""bid"":10.35,""ask"":10.45,""mid"":10.399999999999999,""ltp"":10.399999999999999,""oi"":1452000.0,""volume"":2126850.0,""spread_pct"":0.009615384615384583,""price_used"":10.45,""tag"":""long"",""iv"":0.17222501035499577,""delta"":-0.605438320303225,""gamma"":0.020527276262478647,""vega_1pct"":0.4191098942208522,""theta_day"":-0.6112481595561997,""greeks_conf"":""high""}]",10.45,10.45,,,5747.5,5,VOLATILE,1.0,hard,DOWN,DOWN,,SHORT,True,PE,HDFCBANK26FEB925PE,NFO:HDFCBANK26FEB925PE,925,-1.4078701780716756,1.4078701780716756,10.45,5.225,18.81,90,0.009615384615384583,10.35,10.45,10.399999999999999,10.399999999999999,,ask,0.17222501035499577,1.0,1,high,-0.605438320303225,0.4191098942208522,-0.6112481595561997,550,0,0,0,False,1.0,NEUTRAL,0.3125,False,adx=20.3 | ivp=1.00 | dte=5 | spr=0.010 | fallback single-leg,LIVE signal,NONE,0.0,True,MID
HDFCLIFE,None,NSE:HDFCLIFE,2026-02-24,BUY_CE,BUY_CE,"[{""side"":""BUY"",""right"":""CE"",""strike"":720,""tradingsymbol"":""HDFCLIFE26FEB720CE"",""instrument_token"":25107970,""bid"":10.5,""ask"":10.7,""mid"":10.6,""ltp"":10.6,""oi"":712800.0,""volume"":795300.0,""spread_pct"":0.01886792452830182,""price_used"":10.7,""tag"":""long"",""iv"":0.13136007406997677,""delta"":0.7977609885226469,""gamma"":0.024851482580708736,""vega_1pct"":0.24332207923247545,""theta_day"":-0.4057459407645711,""greeks_conf"":""high""}]",10.7,10.7,,,11770.0,5,VOLATILE,1.0,hard,UP,UP,,LONG,True,CE,HDFCLIFE26FEB720CE,NFO:HDFCLIFE26FEB720CE,720,1.8670399871407604,1.8670399871407604,10.7,5.35,19.259999999999998,90,0.01886792452830182,10.5,10.7,10.6,10.6,,ask,0.13136007406997677,1.0,1,high,0.7977609885226469,0.24332207923247545,-0.4057459407645711,1100,0,0,0,False,1.0,NEUTRAL,0.3125,False,adx=44.8 | ivp=1.00 | dte=5 | spr=0.019 | fallback single-leg,LIVE signal,NONE,0.0,True,MID
HEROMOTOCO,None,NSE:HEROMOTOCO,2026-02-24,BEAR_PUT_SPREAD,BEAR_PUT_SPREAD,"[{""side"":""BUY"",""right"":""PE"",""strike"":5500,""tradingsymbol"":""HEROMOTOCO26FEB5500PE"",""instrument_token"":25255682,""bid"":60.1,""ask"":60.8,""mid"":60.45,""ltp"":60.45,""oi"":132300.0,""volume"":532500.0,""spread_pct"":0.011579818031430864,""quote_ts"":""2026-02-19T12:32:15"",""price_used"":60.8,""tag"":""long"",""iv"":0.20518994860148432,""delta"":-0.536570271573523,""gamma"":0.002981200176315993,""vega_1pct"":2.579961701313182,""theta_day"":-4.672872405320079,""greeks_conf"":""high""},{""side"":""SELL"",""right"":""PE"",""strike"":5400,""tradingsymbol"":""HEROMOTOCO26FEB5400PE"",""instrument_token"":25255170,""bid"":23.3,""ask"":23.6,""mid"":23.450000000000003,""ltp"":23.450000000000003,""oi"":126750.0,""volume"":364350.0,""spread_pct"":0.01279317697228148,""quote_ts"":""2026-02-19T12:32:15"",""price_used"":23.3,""tag"":""short"",""iv"":0.21912849199450016,""delta"":-0.2668330368227517,""gamma"":0.002309691895245206,""vega_1pct"":2.134611960177184,""theta_day"":-4.3205731393304845,""greeks_conf"":""high""}]",37.5,37.5,62.5,5462.50,5625.0,5,VOLATILE,1.0,hard,DOWN,DOWN,,SHORT,True,PE,HEROMOTOCO26FEB5500PE,NFO:HEROMOTOCO26FEB5500PE,5500,-1.4434576000091135,1.4434576000091135,60.8,18.75,87.5,90,0.011579818031430864,60.1,60.8,60.45,60.45,2026-02-19T12:32:15,ask,0.20518994860148432,1.0,1,high,-0.26973723475077127,0.4453497411359981,-0.35229926598959427,150,0,0,0,False,1.0,NEUTRAL,0.3125,False,adx=22.2 | ivp=1.00 | dte=5 | spr=0.012 | volatile -> direction via debit spread,LIVE signal,NONE,0.0,True,MID
HINDPETRO,None,NSE:HINDPETRO,2026-02-24,BUY_PE,BUY_PE,"[{""side"":""BUY"",""right"":""PE"",""strike"":450,""tradingsymbol"":""HINDPETRO26FEB450PE"",""instrument_token"":25486594,""bid"":8.25,""ask"":8.4,""mid"":8.325,""ltp"":8.325,""oi"":1168425.0,""volume"":1269675.0,""spread_pct"":0.018018018018018063,""price_used"":8.4,""tag"":""long"",""iv"":0.28563593737983706,""delta"":-0.6007071839484887,""gamma"":0.02561399257509133,""vega_1pct"":0.20382177062932513,""theta_day"":-0.5228063799060974,""greeks_conf"":""high""}]",8.4,8.4,,,17010.0,5,VOLATILE,1.0,hard,DOWN,DOWN,,SHORT,True,PE,HINDPETRO26FEB450PE,NFO:HINDPETRO26FEB450PE,450,-1.9407640068307495,1.9407640068307495,8.4,4.2,15.120000000000001,90,0.018018018018018063,8.25,8.4,8.325,8.325,,ask,0.28563593737983706,1.0,1,high,-0.6007071839484887,0.20382177062932513,-0.5228063799060974,2025,0,0,0,False,1.0,NEUTRAL,0.3125,False,adx=48.7 | ivp=1.00 | dte=5 | spr=0.018 | fallback single-leg,LIVE signal,NONE,0.0,True,MID
HINDUNILVR,None,NSE:HINDUNILVR,2026-02-24,BUY_PE,BUY_PE,"[{""side"":""BUY"",""right"":""PE"",""strike"":2300,""tradingsymbol"":""HINDUNILVR26FEB2300PE"",""instrument_token"":27365634,""bid"":13.75,""ask"":14.1,""mid"":13.925,""ltp"":13.925,""oi"":727200.0,""volume"":826500.0,""spread_pct"":0.025134649910233366,""price_used"":14.1,""tag"":""long"",""iv"":0.15379048950576782,""delta"":-0.440106677996835,""gamma"":0.009395819981230668,""vega_1pct"":1.0766959702186782,""theta_day"":-1.447004144336614,""greeks_conf"":""high""}]",14.1,14.1,,,4230.0,5,VOLATILE,1.0,hard,DOWN,DOWN,,SHORT,True,PE,HINDUNILVR26FEB2300PE,NFO:HINDUNILVR26FEB2300PE,2300,-1.5772654330867582,1.5772654330867582,14.1,7.05,25.38,90,0.025134649910233366,13.75,14.1,13.925,13.925,,ask,0.15379048950576782,1.0,1,high,-0.440106677996835,1.0766959702186782,-1.447004144336614,300,0,0,0,False,1.0,NEUTRAL,0.3125,False,adx=29.3 | ivp=1.00 | dte=5 | spr=0.025 | fallback single-leg,LIVE signal,NONE,0.0,True,MID
HINDZINC,None,NSE:HINDZINC,2026-02-24,BUY_PE,BUY_PE,"[{""side"":""BUY"",""right"":""PE"",""strike"":585,""tradingsymbol"":""HINDZINC26FEB585PE"",""instrument_token"":27535618,""bid"":8.2,""ask"":8.3,""mid"":8.25,""ltp"":8.25,""oi"":407925.0,""volume"":2132725.0,""spread_pct"":0.012121212121212293,""quote_ts"":""2026-02-19T12:32:05"",""price_used"":8.3,""tag"":""long"",""iv"":0.3460178146467209,""delta"":-0.44561082201232305,""gamma"":0.016415678985486952,""vega_1pct"":0.2750047876616231,""theta_day"":-0.8842752816373383,""greeks_conf"":""high""}]",8.3,8.3,,,10167.5,5,VOLATILE,1.0,hard,DOWN,DOWN,,SHORT,False,PE,HINDZINC26FEB585PE,NFO:HINDZINC26FEB585PE,585,-1.1214951502655464,1.1214951502655464,8.3,4.15,14.940000000000001,90,0.012121212121212293,8.2,8.3,8.25,8.25,2026-02-19T12:32:05,ask,0.3460178146467209,1.0,1,high,-0.44561082201232305,0.2750047876616231,-0.8842752816373383,1225,0,0,0,False,1.0,NEUTRAL,0.3125,False,adx=19.8 | ivp=1.00 | dte=5 | spr=0.012 | watch-mode single-leg,Trigger SHORT when RSI closes <= 48 AND price closes below EMA_fast.,NONE,0.0,True,MID
HUDCO,None,NSE:HUDCO,2026-02-24,BUY_CE,BUY_CE,"[{""side"":""BUY"",""right"":""CE"",""strike"":185,""tradingsymbol"":""HUDCO26FEB185CE"",""instrument_token"":25809922,""bid"":12.12,""ask"":12.33,""mid"":12.225,""ltp"":12.225,""oi"":582750.0,""volume"":163725.0,""spread_pct"":0.01717791411042952,""price_used"":12.33,""tag"":""long"",""iv"":0.5,""delta"":0.8675862523817672,""gamma"":0.01834803796653937,""vega_1pct"":0.050036039056149936,""theta_day"":-0.27011991611396186,""greeks_conf"":""low""}]",12.33,12.33,,,34215.75,5,VOLATILE,1.0,hard,UP,UP,,LONG,True,CE,HUDCO26FEB185CE,NFO:HUDCO26FEB185CE,185,1.319620190476038,1.319620190476038,12.33,6.165,22.194,90,0.01717791411042952,12.12,12.33,12.225,12.225,,ask,0.5,1.0,1,low,0.8675862523817672,0.050036039056149936,-0.27011991611396186,2775,0,0,0,False,1.0,NEUTRAL,0.3125,False,adx=28.0 | ivp=1.00 | dte=5 | spr=0.017 | fallback single-leg,LIVE signal,NONE,0.0,True,MID
ICICIBANK,None,NSE:ICICIBANK,2026-02-24,BUY_PE,BUY_PE,"[{""side"":""BUY"",""right"":""PE"",""strike"":1400,""tradingsymbol"":""ICICIBANK26FEB1400PE"",""instrument_token"":25964546,""bid"":12.3,""ask"":12.4,""mid"":12.350000000000001,""ltp"":12.350000000000001,""oi"":2980600.0,""volume"":4381300.0,""spread_pct"":0.008097165991902805,""price_used"":12.4,""tag"":""long"",""iv"":0.1319465836572647,""delta"":-0.6145169033440958,""gamma"":0.017568971449440317,""vega_1pct"":0.6307699779451161,""theta_day"":-0.6695665911485715,""greeks_conf"":""high""}]",12.4,12.4,,,8680.0,5,VOLATILE,1.0,hard,DOWN,DOWN,,SHORT,True,PE,ICICIBANK26FEB1400PE,NFO:ICICIBANK26FEB1400PE,1400,-1.5212595858521014,1.5212595858521014,12.4,6.2,22.32,90,0.008097165991902805,12.3,12.4,12.350000000000001,12.350000000000001,,ask,0.1319465836572647,1.0,1,high,-0.6145169033440958,0.6307699779451161,-0.6695665911485715,700,0,0,0,False,1.0,NEUTRAL,0.3125,False,adx=26.4 | ivp=1.00 | dte=5 | spr=0.008 | fallback single-leg,LIVE signal,NONE,0.0,True,MID
ICICIGI,None,NSE:ICICIGI,2026-02-24,BUY_CE,BUY_CE,"[{""side"":""BUY"",""right"":""CE"",""strike"":1940,""tradingsymbol"":""ICICIGI26FEB1940CE"",""instrument_token"":27933186,""bid"":15.2,""ask"":15.65,""mid"":15.425,""ltp"":15.425,""oi"":89700.0,""volume"":26650.0,""spread_pct"":0.02917341977309569,""quote_ts"":""2026-02-19T12:32:16"",""price_used"":15.65,""tag"":""long"",""iv"":0.17471409982299807,""delta"":0.49252406742394134,""gamma"":0.009947213904603526,""vega_1pct"":0.9154575124292811,""theta_day"":-1.71523563260811,""greeks_conf"":""high""}]",15.65,15.65,,,5086.25,5,VOLATILE,1.0,hard,UP,UP,,LONG,False,CE,ICICIGI26FEB1940CE,NFO:ICICIGI26FEB1940CE,1940,1.1582935681533846,1.1582935681533846,15.65,7.825,28.17,90,0.02917341977309569,15.2,15.65,15.425,15.425,2026-02-19T12:32:16,ask,0.17471409982299807,1.0,1,high,0.49252406742394134,0.9154575124292811,-1.71523563260811,325,0,0,0,False,1.0,NEUTRAL,0.3125,False,adx=21.7 | ivp=1.00 | dte=5 | spr=0.029 | watch-mode single-leg,Trigger LONG when RSI closes >= 52 AND price closes above EMA_fast.,NONE,0.0,True,MID
ICICIPRULI,None,NSE:ICICIPRULI,2026-02-24,BUY_CE,BUY_CE,"[{""side"":""BUY"",""right"":""CE"",""strike"":640,""tradingsymbol"":""ICICIPRULI26FEB640CE"",""instrument_token"":26253314,""bid"":12.85,""ask"":13.35,""mid"":13.1,""ltp"":13.1,""oi"":160950.0,""volume"":134125.0,""spread_pct"":0.03816793893129771,""price_used"":13.35,""tag"":""long"",""iv"":0.16907788574028015,""delta"":0.8227215631767906,""gamma"":0.01992049013469102,""vega_1pct"":0.20054313507365829,""theta_day"":-0.4168419497854477,""greeks_conf"":""high""}]",13.35,13.35,,,12348.75,5,VOLATILE,1.0,hard,UP,UP,,LONG,True,CE,ICICIPRULI26FEB640CE,NFO:ICICIPRULI26FEB640CE,640,1.8328286185317202,1.8328286185317202,13.35,6.675,24.03,90,0.03816793893129771,12.85,13.35,13.1,13.1,,ask,0.16907788574028015,1.0,1,high,0.8227215631767906,0.20054313507365829,-0.4168419497854477,925,0,0,0,False,1.0,NEUTRAL,0.3125,False,adx=43.0 | ivp=1.00 | dte=5 | spr=0.038 | fallback single-leg,LIVE signal,NONE,0.0,True,MID
IDFCFIRSTB,None,NSE:IDFCFIRSTB,2026-02-24,BUY_CE,BUY_CE,"[{""side"":""BUY"",""right"":""CE"",""strike"":75,""tradingsymbol"":""IDFCFIRSTB26FEB75CE"",""instrument_token"":28305154,""bid"":9.0,""ask"":9.69,""mid"":9.344999999999999,""ltp"":9.344999999999999,""oi"":1372700.0,""volume"":37100.0,""spread_pct"":0.07383627608346705,""price_used"":9.69,""tag"":""long"",""iv"":0.5,""delta"":0.9807325861733431,""gamma"":0.009364474864367943,""vega_1pct"":0.004699375669015024,""theta_day"":-0.03497604895282644,""greeks_conf"":""low""}]",9.69,9.69,,,89874.75,5,VOLATILE,1.0,hard,UP,UP,,LONG,True,CE,IDFCFIRSTB26FEB75CE,NFO:IDFCFIRSTB26FEB75CE,75,1.3956034663357386,1.3956034663357386,9.69,4.845,17.442,90,0.07383627608346705,9.0,9.69,9.344999999999999,9.344999999999999,,ask,0.5,1.0,1,low,0.9807325861733431,0.004699375669015024,-0.03497604895282644,9275,0,0,0,False,1.0,NEUTRAL,0.3125,False,adx=32.8 | ivp=1.00 | dte=5 | spr=0.074 | fallback single-leg,LIVE signal,NONE,0.0,True,MID
INDHOTEL,None,NSE:INDHOTEL,2026-02-24,BUY_PE,BUY_PE,"[{""side"":""BUY"",""right"":""PE"",""strike"":690,""tradingsymbol"":""INDHOTEL26FEB690PE"",""instrument_token"":28926722,""bid"":12.5,""ask"":12.8,""mid"":12.65,""ltp"":12.65,""oi"":448000.0,""volume"":388000.0,""spread_pct"":0.0237154150197629,""price_used"":12.8,""tag"":""long"",""iv"":0.25050258259010305,""delta"":-0.6450417338779656,""gamma"":0.018404677188399738,""vega_1pct"":0.3006011164670971,""theta_day"":-0.66054774917045,""greeks_conf"":""high""}]",12.8,12.8,,,12800.0,5,VOLATILE,1.0,hard,DOWN,DOWN,,SHORT,True,PE,INDHOTEL26FEB690PE,NFO:INDHOTEL26FEB690PE,690,-1.5148426752492328,1.5148426752492328,12.8,6.4,23.040000000000003,90,0.0237154150197629,12.5,12.8,12.65,12.65,,ask,0.25050258259010305,1.0,1,high,-0.6450417338779656,0.3006011164670971,-0.66054774917045,1000,0,0,0,False,1.0,NEUTRAL,0.3125,False,adx=26.0 | ivp=1.00 | dte=5 | spr=0.024 | fallback single-leg,LIVE signal,NONE,0.0,True,MID
INDIANB,None,NSE:INDIANB,2026-02-24,BUY_CE,BUY_CE,"[{""side"":""BUY"",""right"":""CE"",""strike"":940,""tradingsymbol"":""INDIANB26FEB940CE"",""instrument_token"":26583298,""bid"":9.65,""ask"":9.75,""mid"":9.7,""ltp"":9.7,""oi"":336000.0,""volume"":1163000.0,""spread_pct"":0.010309278350515427,""quote_ts"":""2026-02-19T12:32:20"",""price_used"":9.75,""tag"":""long"",""iv"":0.23802375665569303,""delta"":0.47911936558956414,""gamma"":0.0150702123535366,""vega_1pct"":0.442475906926038,""theta_day"":-1.100096982437708,""greeks_conf"":""high""}]",9.75,9.75,,,9750.0,5,VOLATILE,1.0,hard,UP,UP,,LONG,False,CE,INDIANB26FEB940CE,NFO:INDIANB26FEB940CE,940,1.471384728583204,1.471384728583204,9.75,4.875,17.55,90,0.010309278350515427,9.65,9.75,9.7,9.7,2026-02-19T12:32:20,ask,0.23802375665569303,1.0,1,high,0.47911936558956414,0.442475906926038,-1.100096982437708,1000,0,0,0,False,1.0,NEUTRAL,0.3125,False,adx=38.4 | ivp=1.00 | dte=5 | spr=0.010 | watch-mode single-leg,Trigger LONG when RSI closes >= 52 AND price closes above EMA_fast.,NONE,0.0,True,MID
INDUSTOWER,None,NSE:INDUSTOWER,2026-02-24,BUY_CE,BUY_CE,"[{""side"":""BUY"",""right"":""CE"",""strike"":465,""tradingsymbol"":""INDUSTOWER26FEB465CE"",""instrument_token"":29446658,""bid"":9.9,""ask"":10.1,""mid"":10.0,""ltp"":10.0,""oi"":343400.0,""volume"":401200.0,""spread_pct"":0.019999999999999928,""price_used"":10.1,""tag"":""long"",""iv"":0.17152882824325563,""delta"":0.8337172771100512,""gamma"":0.0259132959859989,""vega_1pct"":0.1400260840965483,""theta_day"":-0.2976913430566629,""greeks_conf"":""high""}]",10.1,10.1,,,17170.0,5,VOLATILE,1.0,hard,UP,UP,,LONG,False,CE,INDUSTOWER26FEB465CE,NFO:INDUSTOWER26FEB465CE,465,0.9809134090493979,0.9809134090493979,10.1,5.05,18.18,90,0.019999999999999928,9.9,10.1,10.0,10.0,,ask,0.17152882824325563,1.0,1,high,0.8337172771100512,0.1400260840965483,-0.2976913430566629,1700,0,0,0,False,1.0,NEUTRAL,0.3125,False,adx=12.3 | ivp=1.00 | dte=5 | spr=0.020 | fallback single-leg,Trend UP but ADX<18. Trigger LONG when ADX>=18 AND RSI>=52.,NONE,0.0,True,MID
INOXWIND,None,NSE:INOXWIND,2026-02-24,BUY_PE,BUY_PE,"[{""side"":""BUY"",""right"":""PE"",""strike"":108,""tradingsymbol"":""INOXWIND26FEB107.5PE"",""instrument_token"":29612802,""bid"":9.48,""ask"":9.59,""mid"":9.535,""ltp"":9.535,""oi"":450450.0,""volume"":160875.0,""spread_pct"":0.011536444677503872,""price_used"":9.59,""tag"":""long"",""iv"":0.5,""delta"":-0.9402459064074636,""gamma"":0.020406099356063866,""vega_1pct"":0.013818690330852647,""theta_day"":-0.05063425174315709,""greeks_conf"":""low""}]",9.59,9.59,,,34284.25,5,VOLATILE,1.0,hard,DOWN,DOWN,,SHORT,False,PE,INOXWIND26FEB107.5PE,NFO:INOXWIND26FEB107.5PE,108,-0.8401667109615194,0.8401667109615194,9.59,4.795,17.262,90,0.011536444677503872,9.48,9.59,9.535,9.535,,ask,0.5,1.0,1,low,-0.9402459064074636,0.013818690330852647,-0.05063425174315709,3575,0,0,0,False,1.0,NEUTRAL,0.3125,False,adx=12.7 | ivp=1.00 | dte=5 | spr=0.012 | fallback single-leg,Trend DOWN but ADX<18. Trigger SHORT when ADX>=18 AND RSI<=48.,NONE,0.0,True,MID
IOC,None,NSE:IOC,2026-02-24,BUY_CE,BUY_CE,"[{""side"":""BUY"",""right"":""CE"",""strike"":165,""tradingsymbol"":""IOC26FEB165CE"",""instrument_token"":27205890,""bid"":11.01,""ask"":11.22,""mid"":11.115,""ltp"":11.115,""oi"":1750125.0,""volume"":453375.0,""spread_pct"":0.018893387314440024,""price_used"":11.22,""tag"":""long"",""iv"":0.5,""delta"":0.877398686505066,""gamma"":0.019445602119354116,""vega_1pct"":0.042417357833130824,""theta_day"":-0.23042765275426916,""greeks_conf"":""low""}]",11.22,11.22,,,54697.5,5,VOLATILE,1.0,hard,UP,UP,,LONG,False,CE,IOC26FEB165CE,NFO:IOC26FEB165CE,165,1.028434801628767,1.028434801628767,11.22,5.61,20.196,90,0.018893387314440024,11.01,11.22,11.115,11.115,,ask,0.5,1.0,1,low,0.877398686505066,0.042417357833130824,-0.23042765275426916,4875,0,0,0,False,1.0,NEUTRAL,0.3125,False,adx=24.5 | ivp=1.00 | dte=5 | spr=0.019 | fallback single-leg,Trigger LONG when RSI closes >= 52 AND price closes above EMA_fast.,NONE,0.0,True,MID
IRCTC,None,NSE:IRCTC,2026-02-24,BUY_CE,BUY_CE,"[{""side"":""BUY"",""right"":""CE"",""strike"":625,""tradingsymbol"":""IRCTC26FEB625CE"",""instrument_token"":29966082,""bid"":10.5,""ask"":10.65,""mid"":10.575,""ltp"":10.575,""oi"":439250.0,""volume"":2524375.0,""spread_pct"":0.014184397163120602,""price_used"":10.65,""tag"":""long"",""iv"":0.18846608071517948,""delta"":0.7224704660737249,""gamma"":0.023729311078663468,""vega_1pct"":0.2512021147811745,""theta_day"":-0.5354386129946961,""greeks_conf"":""high""}]",10.65,10.65,,,9318.75,5,VOLATILE,1.0,hard,UP,UP,,LONG,True,CE,IRCTC26FEB625CE,NFO:IRCTC26FEB625CE,625,1.5510801070642646,1.5510801070642646,10.65,5.325,19.17,90,0.014184397163120602,10.5,10.65,10.575,10.575,,ask,0.18846608071517948,1.0,1,high,0.7224704660737249,0.2512021147811745,-0.5354386129946961,875,0,0,0,False,1.0,NEUTRAL,0.3125,False,adx=27.9 | ivp=1.00 | dte=5 | spr=0.014 | fallback single-leg,LIVE signal,NONE,0.0,True,MID
IRFC,None,NSE:IRFC,2026-02-24,BUY_PE,BUY_PE,"[{""side"":""BUY"",""right"":""PE"",""strike"":120,""tradingsymbol"":""IRFC26FEB120PE"",""instrument_token"":27505410,""bid"":7.98,""ask"":8.05,""mid"":8.015,""ltp"":8.015,""oi"":2375750.0,""volume"":127500.0,""spread_pct"":0.008733624454148506,""price_used"":8.05,""tag"":""long"",""iv"":0.47012419699096686,""delta"":-0.8757722854766059,""gamma"":0.0327806076236618,""vega_1pct"":0.027259897681074632,""theta_day"":-0.10759590977617386,""greeks_conf"":""high""}]",8.05,8.05,,,34212.5,5,VOLATILE,1.0,hard,DOWN,DOWN,,SHORT,False,PE,IRFC26FEB120PE,NFO:IRFC26FEB120PE,120,-1.0276549013144105,1.0276549013144105,8.05,4.025,14.490000000000002,90,0.008733624454148506,7.98,8.05,8.015,8.015,,ask,0.47012419699096686,1.0,1,high,-0.8757722854766059,0.027259897681074632,-0.10759590977617386,4250,0,0,0,False,1.0,NEUTRAL,0.3125,False,adx=14.8 | ivp=1.00 | dte=5 | spr=0.009 | fallback single-leg,Trend DOWN but ADX<18. Trigger SHORT when ADX>=18 AND RSI<=48.,NONE,0.0,True,MID
ITC,None,NSE:ITC,2026-02-24,BUY_CE,BUY_CE,"[{""side"":""BUY"",""right"":""CE"",""strike"":320,""tradingsymbol"":""ITC26FEB320CE"",""instrument_token"":12776194,""bid"":8.15,""ask"":8.25,""mid"":8.2,""ltp"":8.2,""oi"":5809600.0,""volume"":828800.0,""spread_pct"":0.01219512195121947,""price_used"":8.25,""tag"":""long"",""iv"":0.5,""delta"":0.6893828487703066,""gamma"":0.018137235182071495,""vega_1pct"":0.1374839113443807,""theta_day"":-0.7060144423782042,""greeks_conf"":""low""}]",8.25,8.25,,,13200.0,5,VOLATILE,1.0,hard,UP,UP,,LONG,False,CE,ITC26FEB320CE,NFO:ITC26FEB320CE,320,0.9986050127793256,0.9986050127793256,8.25,4.125,14.85,90,0.01219512195121947,8.15,8.25,8.2,8.2,,ask,0.5,1.0,1,low,0.6893828487703066,0.1374839113443807,-0.7060144423782042,1600,0,0,0,False,1.0,NEUTRAL,0.3125,False,adx=22.6 | ivp=1.00 | dte=5 | spr=0.012 | fallback single-leg,Trigger LONG when RSI closes >= 52 AND price closes above EMA_fast.,NONE,0.0,True,MID
JINDALSTEL,None,NSE:JINDALSTEL,2026-02-24,BUY_CE,BUY_CE,"[{""side"":""BUY"",""right"":""CE"",""strike"":1220,""tradingsymbol"":""JINDALSTEL26FEB1220CE"",""instrument_token"":27830530,""bid"":11.5,""ask"":11.75,""mid"":11.625,""ltp"":11.625,""oi"":304375.0,""volume"":392500.0,""spread_pct"":0.021505376344086023,""quote_ts"":""2026-02-19T12:32:35"",""price_used"":11.75,""tag"":""long"",""iv"":0.2127561606960297,""delta"":0.48849204399784935,""gamma"":0.01299228773206788,""vega_1pct"":0.5752953710858975,""theta_day"":-1.2904296165978386,""greeks_conf"":""high""}]",11.75,11.75,,,7343.75,5,VOLATILE,1.0,hard,UP,UP,,LONG,False,CE,JINDALSTEL26FEB1220CE,NFO:JINDALSTEL26FEB1220CE,1220,1.002709890688418,1.002709890688418,11.75,5.875,21.150000000000002,90,0.021505376344086023,11.5,11.75,11.625,11.625,2026-02-19T12:32:35,ask,0.2127561606960297,1.0,1,high,0.48849204399784935,0.5752953710858975,-1.2904296165978386,625,0,0,0,False,1.0,NEUTRAL,0.3125,False,adx=13.4 | ivp=1.00 | dte=5 | spr=0.022 | watch-mode single-leg,Trend UP but ADX<18. Trigger LONG when ADX>=18 AND RSI>=52.,NONE,0.0,True,MID
JIOFIN,None,NSE:JIOFIN,2026-02-24,BUY_PE,BUY_PE,"[{""side"":""BUY"",""right"":""PE"",""strike"":270,""tradingsymbol"":""JIOFIN26FEB270PE"",""instrument_token"":27874050,""bid"":10.05,""ask"":10.2,""mid"":10.125,""ltp"":10.125,""oi"":2798850.0,""volume"":484100.0,""spread_pct"":0.014814814814814675,""price_used"":10.2,""tag"":""long"",""iv"":0.3158197234573364,""delta"":-0.8174899811991944,""gamma"":0.027145382332880368,""vega_1pct"":0.08171946574555106,""theta_day"":-0.21519960948177455,""greeks_conf"":""high""}]",10.2,10.2,,,23970.0,5,VOLATILE,1.0,hard,DOWN,DOWN,,SHORT,False,PE,JIOFIN26FEB270PE,NFO:JIOFIN26FEB270PE,270,-1.0774231900638258,1.0774231900638258,10.2,5.1,18.36,90,0.014814814814814675,10.05,10.2,10.125,10.125,,ask,0.3158197234573364,1.0,1,high,-0.8174899811991944,0.08171946574555106,-0.21519960948177455,2350,0,0,0,False,1.0,NEUTRAL,0.3125,False,adx=17.4 | ivp=1.00 | dte=5 | spr=0.015 | fallback single-leg,Trend DOWN but ADX<18. Trigger SHORT when ADX>=18 AND RSI<=48.,NONE,0.0,True,MID
JSWENERGY,None,NSE:JSWENERGY,2026-02-24,BUY_CE,BUY_CE,"[{""side"":""BUY"",""right"":""CE"",""strike"":480,""tradingsymbol"":""JSWENERGY26FEB480CE"",""instrument_token"":27983874,""bid"":8.4,""ask"":8.65,""mid"":8.525,""ltp"":8.525,""oi"":344000.0,""volume"":412000.0,""spread_pct"":0.029325513196480937,""price_used"":8.65,""tag"":""long"",""iv"":0.20499325331306462,""delta"":0.7102406814586645,""gamma"":0.028992893088968397,""vega_1pct"":0.1969947926043152,""theta_day"":-0.4494565214252374,""greeks_conf"":""high""}]",8.65,8.65,,,8650.0,5,VOLATILE,1.0,hard,UP,UP,,LONG,False,CE,JSWENERGY26FEB480CE,NFO:JSWENERGY26FEB480CE,480,1.2157467846543764,1.2157467846543764,8.65,4.325,15.57,90,0.029325513196480937,8.4,8.65,8.525,8.525,,ask,0.20499325331306462,1.0,1,high,0.7102406814586645,0.1969947926043152,-0.4494565214252374,1000,0,0,0,False,1.0,NEUTRAL,0.3125,False,adx=24.8 | ivp=1.00 | dte=5 | spr=0.029 | fallback single-leg,Trigger LONG when RSI closes >= 52 AND price closes above EMA_fast.,NONE,0.0,True,MID
JUBLFOOD,None,NSE:JUBLFOOD,2026-02-24,BUY_PE,BUY_PE,"[{""side"":""BUY"",""right"":""PE"",""strike"":540,""tradingsymbol"":""JUBLFOOD26FEB540PE"",""instrument_token"":28144898,""bid"":14.75,""ask"":15.05,""mid"":14.9,""ltp"":14.9,""oi"":380000.0,""volume"":53750.0,""spread_pct"":0.02013422818791951,""price_used"":15.05,""tag"":""long"",""iv"":0.21844005848503112,""delta"":-0.8374995713938176,""gamma"":0.018062761443917726,""vega_1pct"":0.1531073753087806,""theta_day"":-0.25157586738532345,""greeks_conf"":""high""}]",15.05,15.05,,,18812.5,5,VOLATILE,1.0,hard,DOWN,DOWN,,SHORT,False,PE,JUBLFOOD26FEB540PE,NFO:JUBLFOOD26FEB540PE,540,-1.0062178218353812,1.0062178218353812,15.05,7.525,27.090000000000003,90,0.02013422818791951,14.75,15.05,14.9,14.9,,ask,0.21844005848503112,1.0,1,high,-0.8374995713938176,0.1531073753087806,-0.25157586738532345,1250,0,0,0,False,1.0,NEUTRAL,0.3125,False,adx=13.6 | ivp=1.00 | dte=5 | spr=0.020 | fallback single-leg,Trend DOWN but ADX<18. Trigger SHORT when ADX>=18 AND RSI<=48.,NONE,0.0,True,MID
KALYANKJIL,None,NSE:KALYANKJIL,2026-02-24,BUY_PE,BUY_PE,"[{""side"":""BUY"",""right"":""PE"",""strike"":420,""tradingsymbol"":""KALYANKJIL26FEB420PE"",""instrument_token"":28208642,""bid"":13.35,""ask"":13.55,""mid"":13.45,""ltp"":13.45,""oi"":554600.0,""volume"":1211425.0,""spread_pct"":0.014869888475836512,""price_used"":13.55,""tag"":""long"",""iv"":0.38992020302200314,""delta"":-0.6854384163321963,""gamma"":0.01874712767534014,""vega_1pct"":0.17242877313865346,""theta_day"":-0.6077812322493163,""greeks_conf"":""high""}]",13.55,13.55,,,15921.25,5,VOLATILE,1.0,hard,DOWN,DOWN,,SHORT,True,PE,KALYANKJIL26FEB420PE,NFO:KALYANKJIL26FEB420PE,420,-1.3978060528852974,1.3978060528852974,13.55,6.775,24.39,90,0.014869888475836512,13.35,13.55,13.45,13.45,,ask,0.38992020302200314,1.0,1,high,-0.6854384163321963,0.17242877313865346,-0.6077812322493163,1175,0,0,0,False,1.0,NEUTRAL,0.3125,False,adx=19.8 | ivp=1.00 | dte=5 | spr=0.015 | fallback single-leg,LIVE signal,NONE,0.0,True,MID
KEI,None,NSE:KEI,2026-02-24,BUY_CE,BUY_CE,"[{""side"":""BUY"",""right"":""CE"",""strike"":4600,""tradingsymbol"":""KEI26FEB4600CE"",""instrument_token"":28364546,""bid"":57.95,""ask"":58.45,""mid"":58.2,""ltp"":58.2,""oi"":38150.0,""volume"":79625.0,""spread_pct"":0.008591065292096219,""quote_ts"":""2026-02-19T12:32:48"",""price_used"":58.45,""tag"":""long"",""iv"":0.24574851707363127,""delta"":0.5333841345138048,""gamma"":0.0029648989993526415,""vega_1pct"":2.169057204576684,""theta_day"":-5.5966303622589,""greeks_conf"":""high""}]",58.45,58.45,,,10228.75,5,VOLATILE,1.0,hard,UP,UP,,LONG,False,CE,KEI26FEB4600CE,NFO:KEI26FEB4600CE,4600,1.3684491216578316,1.3684491216578316,58.45,29.225,105.21000000000001,90,0.008591065292096219,57.95,58.45,58.2,58.2,2026-02-19T12:32:48,ask,0.24574851707363127,1.0,1,high,0.5333841345138048,2.169057204576684,-5.5966303622589,175,0,0,0,False,1.0,NEUTRAL,0.3125,False,adx=32.9 | ivp=1.00 | dte=5 | spr=0.009 | watch-mode single-leg,Trigger LONG when RSI closes >= 52 AND price closes above EMA_fast.,NONE,0.0,True,MID
KFINTECH,None,NSE:KFINTECH,2026-02-24,BUY_CE,BUY_CE,"[{""side"":""BUY"",""right"":""CE"",""strike"":1040,""tradingsymbol"":""KFINTECH26FEB1040CE"",""instrument_token"":28449282,""bid"":11.9,""ask"":12.15,""mid"":12.025,""ltp"":12.025,""oi"":331500.0,""volume"":301000.0,""spread_pct"":0.020790020790020788,""quote_ts"":""2026-02-19T12:32:14"",""price_used"":12.15,""tag"":""long"",""iv"":0.3202924551067352,""delta"":0.4274882383837912,""gamma"":0.010026496953488092,""vega_1pct"":0.4793097219983171,""theta_day"":-1.5688113090729023,""greeks_conf"":""high""}]",12.15,12.15,,,6075.0,5,VOLATILE,1.0,hard,UP,UP,,LONG,False,CE,KFINTECH26FEB1040CE,NFO:KFINTECH26FEB1040CE,1040,1.2125484229847183,1.2125484229847183,12.15,6.075,21.87,90,0.020790020790020788,11.9,12.15,12.025,12.025,2026-02-19T12:32:14,ask,0.3202924551067352,1.0,1,high,0.4274882383837912,0.4793097219983171,-1.5688113090729023,500,0,0,0,False,1.0,NEUTRAL,0.3125,False,adx=24.6 | ivp=1.00 | dte=5 | spr=0.021 | watch-mode single-leg,Trigger LONG when RSI closes >= 52 AND price closes above EMA_fast.,NONE,0.0,True,MID
KPITTECH,None,NSE:KPITTECH,2026-02-24,BUY_PE,BUY_PE,"[{""side"":""BUY"",""right"":""PE"",""strike"":860,""tradingsymbol"":""KPITTECH26FEB860PE"",""instrument_token"":32516866,""bid"":15.45,""ask"":15.8,""mid"":15.625,""ltp"":15.625,""oi"":178925.0,""volume"":265625.0,""spread_pct"":0.02240000000000009,""quote_ts"":""2026-02-19T12:32:23"",""price_used"":15.8,""tag"":""long"",""iv"":0.3691158019704819,""delta"":-0.5048349727033026,""gamma"":0.010631927497281982,""vega_1pct"":0.40549144348990834,""theta_day"":-1.3870230929799996,""greeks_conf"":""high""}]",15.8,15.8,,,6715.0,5,VOLATILE,1.0,hard,DOWN,DOWN,,SHORT,False,PE,KPITTECH26FEB860PE,NFO:KPITTECH26FEB860PE,860,-0.9438351114227884,0.9438351114227884,15.8,7.9,28.44,90,0.02240000000000009,15.45,15.8,15.625,15.625,2026-02-19T12:32:23,ask,0.3691158019704819,1.0,1,high,-0.5048349727033026,0.40549144348990834,-1.3870230929799996,425,0,0,0,False,1.0,NEUTRAL,0.3125,False,adx=10.3 | ivp=1.00 | dte=5 | spr=0.022 | watch-mode single-leg,Trend DOWN but ADX<18. Trigger SHORT when ADX>=18 AND RSI<=48.,NONE,0.0,True,MID
LAURUSLABS,None,NSE:LAURUSLABS,2026-02-24,BUY_CE,BUY_CE,"[{""side"":""BUY"",""right"":""CE"",""strike"":1040,""tradingsymbol"":""LAURUSLABS26FEB1040CE"",""instrument_token"":28764418,""bid"":11.15,""ask"":11.4,""mid"":11.275,""ltp"":11.275,""oi"":719100.0,""volume"":2009400.0,""spread_pct"":0.022172949002217293,""price_used"":11.4,""tag"":""long"",""iv"":0.24793243082141875,""delta"":0.4819964315875701,""gamma"":0.013080191275581623,""vega_1pct"":0.4897648703035945,""theta_day"":-1.2654660757219627,""greeks_conf"":""high""}]",11.4,11.4,,,9690.0,5,VOLATILE,1.0,hard,UP,UP,,LONG,True,CE,LAURUSLABS26FEB1040CE,NFO:LAURUSLABS26FEB1040CE,1040,1.6333748550505824,1.6333748550505824,11.4,5.7,20.52,90,0.022172949002217293,11.15,11.4,11.275,11.275,,ask,0.24793243082141875,1.0,1,high,0.4819964315875701,0.4897648703035945,-1.2654660757219627,850,0,0,0,False,1.0,NEUTRAL,0.3125,False,adx=32.3 | ivp=1.00 | dte=5 | spr=0.022 | fallback single-leg,LIVE signal,NONE,0.0,True,MID
LICHSGFIN,None,NSE:LICHSGFIN,2026-02-24,BUY_CE,BUY_CE,"[{""side"":""BUY"",""right"":""CE"",""strike"":520,""tradingsymbol"":""LICHSGFIN26FEB520CE"",""instrument_token"":28849922,""bid"":9.25,""ask"":9.45,""mid"":9.35,""ltp"":9.35,""oi"":1729000.0,""volume"":895000.0,""spread_pct"":0.021390374331550728,""price_used"":9.45,""tag"":""long"",""iv"":0.2379808413200378,""delta"":0.6629465820251939,""gamma"":0.024645601529883893,""vega_1pct"":0.22737355748607657,""theta_day"":-0.5838512977805764,""greeks_conf"":""high""}]",9.45,9.45,,,9450.0,5,VOLATILE,1.0,hard,UP,UP,,LONG,True,CE,LICHSGFIN26FEB520CE,NFO:LICHSGFIN26FEB520CE,520,1.5151604854396834,1.5151604854396834,9.45,4.725,17.009999999999998,90,0.021390374331550728,9.25,9.45,9.35,9.35,,ask,0.2379808413200378,1.0,1,high,0.6629465820251939,0.22737355748607657,-0.5838512977805764,1000,0,0,0,False,1.0,NEUTRAL,0.3125,False,adx=26.0 | ivp=1.00 | dte=5 | spr=0.021 | fallback single-leg,LIVE signal,NONE,0.0,True,MID
LT,None,NSE:LT,2026-02-24,BUY_CE,BUY_CE,"[{""side"":""BUY"",""right"":""CE"",""strike"":4300,""tradingsymbol"":""LT26FEB4300CE"",""instrument_token"":33626370,""bid"":24.85,""ask"":25.15,""mid"":25.0,""ltp"":25.0,""oi"":366450.0,""volume"":1056125.0,""spread_pct"":0.011999999999999886,""quote_ts"":""2026-02-19T12:32:54"",""price_used"":25.15,""tag"":""long"",""iv"":0.11651732839655876,""delta"":0.5203607938894134,""gamma"":0.006713859438578518,""vega_1pct"":2.0292013777555375,""theta_day"":-2.6712469399598753,""greeks_conf"":""high""}]",25.15,25.15,,,4401.25,5,VOLATILE,1.0,hard,UP,UP,,LONG,False,CE,LT26FEB4300CE,NFO:LT26FEB4300CE,4300,1.406074234180786,1.406074234180786,25.15,12.575,45.269999999999996,90,0.011999999999999886,24.85,25.15,25.0,25.0,2026-02-19T12:32:54,ask,0.11651732839655876,1.0,1,high,0.5203607938894134,2.0292013777555375,-2.6712469399598753,175,0,0,0,False,1.0,NEUTRAL,0.3125,False,adx=34.9 | ivp=1.00 | dte=5 | spr=0.012 | watch-mode single-leg,Trigger LONG when RSI closes >= 52 AND price closes above EMA_fast.,NONE,0.0,True,MID
LTF,None,NSE:LTF,2026-02-24,BUY_CE,BUY_CE,"[{""side"":""BUY"",""right"":""CE"",""strike"":280,""tradingsymbol"":""LTF26FEB280CE"",""instrument_token"":29321730,""bid"":18.55,""ask"":18.85,""mid"":18.700000000000003,""ltp"":18.700000000000003,""oi"":1226250.0,""volume"":245250.0,""spread_pct"":0.016042780748663138,""price_used"":18.85,""tag"":""long"",""iv"":0.263672822265625,""delta"":0.9812386139165097,""gamma"":0.004919711525513296,""vega_1pct"":0.016211720188214856,""theta_day"":-0.08677786854191624,""greeks_conf"":""high""}]",18.85,18.85,,,42412.5,5,VOLATILE,1.0,hard,UP,UP,,LONG,False,CE,LTF26FEB280CE,NFO:LTF26FEB280CE,280,0.9756052630387296,0.9756052630387296,18.85,9.425,33.93000000000001,90,0.016042780748663138,18.55,18.85,18.700000000000003,18.700000000000003,,ask,0.263672822265625,1.0,1,high,0.9812386139165097,0.016211720188214856,-0.08677786854191624,2250,0,0,0,False,1.0,NEUTRAL,0.3125,False,adx=12.0 | ivp=1.00 | dte=5 | spr=0.016 | fallback single-leg,Trend UP but ADX<18. Trigger LONG when ADX>=18 AND RSI>=52.,NONE,0.0,True,MID
LTIM,None,NSE:LTIM,2026-02-24,BUY_PE,BUY_PE,"[{""side"":""BUY"",""right"":""PE"",""strike"":5050,""tradingsymbol"":""LTIM26FEB5050PE"",""instrument_token"":33900546,""bid"":77.3,""ask"":78.85,""mid"":78.07499999999999,""ltp"":78.07499999999999,""oi"":21900.0,""volume"":67500.0,""spread_pct"":0.019852705731668235,""quote_ts"":""2026-02-19T12:32:58"",""price_used"":78.85,""tag"":""long"",""iv"":0.30029629287672044,""delta"":-0.5212627757875066,""gamma"":0.002224861708498922,""vega_1pct"":2.375375567337018,""theta_day"":-6.517902027473517,""greeks_conf"":""high""}]",78.85,78.85,,,11827.5,5,VOLATILE,1.0,hard,DOWN,DOWN,,SHORT,False,PE,LTIM26FEB5050PE,NFO:LTIM26FEB5050PE,5050,-1.0639665231529523,1.0639665231529523,78.85,39.425,141.93,90,0.019852705731668235,77.3,78.85,78.07499999999999,78.07499999999999,2026-02-19T12:32:58,ask,0.30029629287672044,1.0,1,high,-0.5212627757875066,2.375375567337018,-6.517902027473517,150,0,0,0,False,1.0,NEUTRAL,0.3125,False,adx=16.7 | ivp=1.00 | dte=5 | spr=0.020 | watch-mode single-leg,Trend DOWN but ADX<18. Trigger SHORT when ADX>=18 AND RSI<=48.,NONE,0.0,True,MID
M&M,None,NSE:M&M,2026-02-24,BEAR_PUT_SPREAD,BEAR_PUT_SPREAD,"[{""side"":""BUY"",""right"":""PE"",""strike"":3450,""tradingsymbol"":""M&M26FEB3450PE"",""instrument_token"":34200834,""bid"":38.15,""ask"":38.5,""mid"":38.325,""ltp"":38.325,""oi"":271800.0,""volume"":1169600.0,""spread_pct"":0.009132420091324237,""quote_ts"":""2026-02-19T12:33:00"",""price_used"":38.5,""tag"":""long"",""iv"":0.23190355295419696,""delta"":-0.499136971554074,""gamma"":0.004213807168824242,""vega_1pct"":1.6286810342959896,""theta_day"":-3.397310924310304,""greeks_conf"":""high""},{""side"":""SELL"",""right"":""PE"",""strike"":3350,""tradingsymbol"":""M&M26FEB3350PE"",""instrument_token"":34200322,""bid"":8.45,""ask"":8.65,""mid"":8.55,""ltp"":8.55,""oi"":231600.0,""volume"":413000.0,""spread_pct"":0.0233918128654972,""quote_ts"":""2026-02-19T12:32:43"",""price_used"":8.45,""tag"":""short"",""iv"":0.2488360370554924,""delta"":-0.15824018148885388,""gamma"":0.002377805338419727,""vega_1pct"":0.986151303016713,""theta_day"":-2.3039845667364665,""greeks_conf"":""high""}]",30.05,30.05,69.95,3419.95,6010.0,5,VOLATILE,1.0,hard,DOWN,DOWN,,SHORT,True,PE,M&M26FEB3450PE,NFO:M&M26FEB3450PE,3450,-1.6090435206185243,1.6090435206185243,38.5,15.025,86.01,90,0.009132420091324237,38.15,38.5,38.325,38.325,2026-02-19T12:33:00,ask,0.23190355295419696,1.0,1,high,-0.3408967900652201,0.6425297312792766,-1.0933263575738374,200,0,0,0,False,1.0,NEUTRAL,0.3125,False,adx=31.0 | ivp=1.00 | dte=5 | spr=0.009 | volatile -> direction via debit spread,LIVE signal,NONE,0.0,True,MID
MANAPPURAM,None,NSE:MANAPPURAM,2026-02-24,BUY_CE,BUY_CE,"[{""side"":""BUY"",""right"":""CE"",""strike"":300,""tradingsymbol"":""MANAPPURAM26FEB300CE"",""instrument_token"":29797634,""bid"":8.95,""ask"":9.2,""mid"":9.075,""ltp"":9.075,""oi"":2646000.0,""volume"":816000.0,""spread_pct"":0.027548209366391185,""price_used"":9.2,""tag"":""long"",""iv"":0.2843103303451538,""delta"":0.7808133050608645,""gamma"":0.02852701009066019,""vega_1pct"":0.10763698790456662,""theta_day"":-0.33665862563971904,""greeks_conf"":""high""}]",9.2,9.2,,,27599.999999999996,5,VOLATILE,1.0,hard,UP,UP,,LONG,False,CE,MANAPPURAM26FEB300CE,NFO:MANAPPURAM26FEB300CE,300,1.1241507046082482,1.1241507046082482,9.2,4.6,16.56,90,0.027548209366391185,8.95,9.2,9.075,9.075,,ask,0.2843103303451538,1.0,1,high,0.7808133050608645,0.10763698790456662,-0.33665862563971904,3000,0,0,0,False,1.0,NEUTRAL,0.3125,False,adx=19.9 | ivp=1.00 | dte=5 | spr=0.028 | fallback single-leg,Trigger LONG when RSI closes >= 52 AND price closes above EMA_fast.,NONE,0.0,True,MID
MARICO,None,NSE:MARICO,2026-02-24,BUY_CE,BUY_CE,"[{""side"":""BUY"",""right"":""CE"",""strike"":760,""tradingsymbol"":""MARICO26FEB760CE"",""instrument_token"":29888514,""bid"":22.15,""ask"":22.75,""mid"":22.45,""ltp"":22.45,""oi"":129600.0,""volume"":25200.0,""spread_pct"":0.02672605790645886,""price_used"":22.75,""tag"":""long"",""iv"":0.19876576127243042,""delta"":0.883259934540072,""gamma"":0.010670835420372478,""vega_1pct"":0.18146145144736892,""theta_day"":-0.46170178873093576,""greeks_conf"":""high""}]",22.75,22.75,,,27300.0,5,VOLATILE,1.0,hard,UP,UP,,LONG,False,CE,MARICO26FEB760CE,NFO:MARICO26FEB760CE,760,1.4549220500599258,1.4549220500599258,22.75,11.375,40.95,90,0.02672605790645886,22.15,22.75,22.45,22.45,,ask,0.19876576127243042,1.0,1,high,0.883259934540072,0.18146145144736892,-0.46170178873093576,1200,0,0,0,False,1.0,NEUTRAL,0.3125,False,adx=37.5 | ivp=1.00 | dte=5 | spr=0.027 | fallback single-leg,Trigger LONG when RSI closes >= 52 AND price closes above EMA_fast.,NONE,0.0,True,MID
MAXHEALTH,None,NSE:MAXHEALTH,2026-02-24,BUY_CE,BUY_CE,"[{""side"":""BUY"",""right"":""CE"",""strike"":1080,""tradingsymbol"":""MAXHEALTH26FEB1080CE"",""instrument_token"":30106370,""bid"":13.2,""ask"":13.45,""mid"":13.325,""ltp"":13.325,""oi"":214200.0,""volume"":325500.0,""spread_pct"":0.01876172607879925,""quote_ts"":""2026-02-19T12:33:03"",""price_used"":13.45,""tag"":""long"",""iv"":0.21765804570198066,""delta"":0.5643772984798949,""gamma"":0.014095913848268993,""vega_1pct"":0.5052935339840338,""theta_day"":-1.1717460568124074,""greeks_conf"":""high""}]",13.45,13.45,,,7061.25,5,VOLATILE,1.0,hard,UP,UP,,LONG,False,CE,MAXHEALTH26FEB1080CE,NFO:MAXHEALTH26FEB1080CE,1080,1.0676550146053327,1.0676550146053327,13.45,6.725,24.21,90,0.01876172607879925,13.2,13.45,13.325,13.325,2026-02-19T12:33:03,ask,0.21765804570198066,1.0,1,high,0.5643772984798949,0.5052935339840338,-1.1717460568124074,525,0,0,0,False,1.0,NEUTRAL,0.3125,False,adx=16.9 | ivp=1.00 | dte=5 | spr=0.019 | watch-mode single-leg,Trend UP but ADX<18. Trigger LONG when ADX>=18 AND RSI>=52.,NONE,0.0,True,MID
MIDCPNIFTY,None,NSE:NIFTY MID SELECT,2026-02-24,BEAR_PUT_SPREAD,BEAR_PUT_SPREAD,"[{""side"":""BUY"",""right"":""PE"",""strike"":13575,""tradingsymbol"":""MIDCPNIFTY26FEB13575PE"",""instrument_token"":16202754,""bid"":116.6,""ask"":117.65,""mid"":117.125,""ltp"":117.125,""oi"":49080.0,""volume"":466920.0,""spread_pct"":0.008964781216648976,""quote_ts"":""2026-02-19T12:33:10"",""price_used"":117.65,""tag"":""long"",""iv"":0.19443488864922526,""delta"":-0.4756694727434275,""gamma"":0.0012730653049504949,""vega_1pct"":6.405866673241921,""theta_day"":-11.075650298549387,""greeks_conf"":""high""},{""side"":""SELL"",""right"":""PE"",""strike"":13525,""tradingsymbol"":""MIDCPNIFTY26FEB13525PE"",""instrument_token"":16200706,""bid"":94.6,""ask"":95.25,""mid"":94.925,""ltp"":94.925,""oi"":41760.0,""volume"":402480.0,""spread_pct"":0.006847511193047203,""quote_ts"":""2026-02-19T12:33:10"",""price_used"":94.6,""tag"":""short"",""iv"":0.19512809052932265,""delta"":-0.41273431907207236,""gamma"":0.0012403789694794838,""vega_1pct"":6.26364601632465,""theta_day"":-10.992262620090374,""greeks_conf"":""high""}]",23.05000000000001,23.05000000000001,26.94999999999999,13551.95,2766.0000000000014,5,VOLATILE,1.0,hard,DOWN,DOWN,,SHORT,True,PE,MIDCPNIFTY26FEB13575PE,NFO:MIDCPNIFTY26FEB13575PE,13575,-1.5841361242500342,1.5841361242500342,117.65,11.525000000000006,44.61,90,0.008964781216648976,116.6,117.65,117.125,117.125,2026-02-19T12:33:10,ask,0.19443488864922526,1.0,1,high,-0.06293515367135516,0.1422206569172717,-0.08338767845901351,120,0,0,0,False,1.0,NEUTRAL,0.3125,False,adx=29.7 | ivp=1.00 | dte=5 | spr=0.009 | volatile -> direction via debit spread,LIVE signal,NONE,0.0,True,MID
MPHASIS,None,NSE:MPHASIS,2026-02-24,BEAR_PUT_SPREAD,BEAR_PUT_SPREAD,"[{""side"":""BUY"",""right"":""PE"",""strike"":2400,""tradingsymbol"":""MPHASIS26FEB2400PE"",""instrument_token"":30462722,""bid"":36.15,""ask"":37.05,""mid"":36.599999999999994,""ltp"":36.599999999999994,""oi"":166375.0,""volume"":217800.0,""spread_pct"":0.024590163934426194,""quote_ts"":""2026-02-19T12:32:34"",""price_used"":37.05,""tag"":""long"",""iv"":0.3295180601799487,""delta"":-0.48573964462630825,""gamma"":0.004256242972201736,""vega_1pct"":1.133337731498419,""theta_day"":-3.4474393393031657,""greeks_conf"":""high""},{""side"":""SELL"",""right"":""PE"",""strike"":2300,""tradingsymbol"":""MPHASIS26FEB2300PE"",""instrument_token"":30460930,""bid"":8.3,""ask"":8.55,""mid"":8.425,""ltp"":8.425,""oi"":130350.0,""volume"":97075.0,""spread_pct"":0.029673590504451036,""quote_ts"":""2026-02-19T12:32:34"",""price_used"":8.3,""tag"":""short"",""iv"":0.3642329904470444,""delta"":-0.153255715887733,""gamma"":0.0022842533160883543,""vega_1pct"":0.672321897895237,""theta_day"":-2.328294865297069,""greeks_conf"":""high""}]",28.749999999999996,28.749999999999996,71.25,2371.25,7906.249999999999,5,VOLATILE,1.0,hard,DOWN,DOWN,,SHORT,True,PE,MPHASIS26FEB2400PE,NFO:MPHASIS26FEB2400PE,2400,-1.4175906574145654,1.4175906574145654,37.05,14.374999999999998,85.75,90,0.024590163934426194,36.15,37.05,36.599999999999994,36.599999999999994,2026-02-19T12:32:34,ask,0.3295180601799487,1.0,1,high,-0.33248392873857524,0.461015833603182,-1.1191444740060965,275,0,0,0,False,1.0,NEUTRAL,0.3125,False,adx=20.8 | ivp=1.00 | dte=5 | spr=0.025 | volatile -> direction via debit spread,LIVE signal,NONE,0.0,True,MID
MUTHOOTFIN,None,NSE:MUTHOOTFIN,2026-02-24,BEAR_PUT_SPREAD,BEAR_PUT_SPREAD,"[{""side"":""BUY"",""right"":""PE"",""strike"":3450,""tradingsymbol"":""MUTHOOTFIN26FEB3450PE"",""instrument_token"":36075522,""bid"":53.95,""ask"":54.55,""mid"":54.25,""ltp"":54.25,""oi"":190300.0,""volume"":369050.0,""spread_pct"":0.011059907834101278,""quote_ts"":""2026-02-19T12:33:13"",""price_used"":54.55,""tag"":""long"",""iv"":0.29982303209185607,""delta"":-0.5274707595696879,""gamma"":0.0032605578105331596,""vega_1pct"":1.6203198056730983,""theta_day"":-4.434786155664011,""greeks_conf"":""high""},{""side"":""SELL"",""right"":""PE"",""strike"":3350,""tradingsymbol"":""MUTHOOTFIN26FEB3350PE"",""instrument_token"":36075010,""bid"":18.35,""ask"":18.55,""mid"":18.450000000000003,""ltp"":18.450000000000003,""oi"":115225.0,""volume"":284350.0,""spread_pct"":0.010840108401083971,""quote_ts"":""2026-02-19T12:33:07"",""price_used"":18.35,""tag"":""short"",""iv"":0.31932447586917867,""delta"":-0.23728587874340823,""gamma"":0.002376435871190601,""vega_1pct"":1.257772662294489,""theta_day"":-3.783052308227791,""greeks_conf"":""high""}]",36.199999999999996,36.199999999999996,63.800000000000004,3413.80,9954.999999999998,5,VOLATILE,1.0,hard,DOWN,DOWN,,SHORT,True,PE,MUTHOOTFIN26FEB3450PE,NFO:MUTHOOTFIN26FEB3450PE,3450,-1.4164085184387034,1.4164085184387034,54.55,18.099999999999998,87.24000000000001,90,0.011059907834101278,53.95,54.55,54.25,54.25,2026-02-19T12:33:13,ask,0.29982303209185607,1.0,1,high,-0.2901848808262797,0.3625471433786094,-0.6517338474362204,275,0,0,0,False,1.0,NEUTRAL,0.3125,False,adx=20.8 | ivp=1.00 | dte=5 | spr=0.011 | volatile -> direction via debit spread,LIVE signal,NONE,0.0,True,MID
NATIONALUM,None,NSE:NATIONALUM,2026-02-24,BUY_PE,BUY_PE,"[{""side"":""BUY"",""right"":""PE"",""strike"":350,""tradingsymbol"":""NATIONALUM26FEB350PE"",""instrument_token"":9549826,""bid"":9.1,""ask"":9.2,""mid"":9.149999999999999,""ltp"":9.149999999999999,""oi"":1837500.0,""volume"":1346250.0,""spread_pct"":0.010928961748633843,""price_used"":9.2,""tag"":""long"",""iv"":0.3171930141983032,""delta"":-0.6874627172503183,""gamma"":0.02746034715843718,""vega_1pct"":0.14390676567664612,""theta_day"":-0.40524774751640713,""greeks_conf"":""high""}]",9.2,9.2,,,34500.0,5,VOLATILE,1.0,hard,DOWN,DOWN,,SHORT,False,PE,NATIONALUM26FEB350PE,NFO:NATIONALUM26FEB350PE,350,-1.0600048415119459,1.0600048415119459,9.2,4.6,16.56,90,0.010928961748633843,9.1,9.2,9.149999999999999,9.149999999999999,,ask,0.3171930141983032,1.0,1,high,-0.6874627172503183,0.14390676567664612,-0.40524774751640713,3750,0,0,0,False,1.0,NEUTRAL,0.3125,False,adx=16.5 | ivp=1.00 | dte=5 | spr=0.011 | fallback single-leg,Trend DOWN but ADX<18. Trigger SHORT when ADX>=18 AND RSI<=48.,NONE,0.0,True,MID
NAUKRI,None,NSE:NAUKRI,2026-02-24,BUY_PE,BUY_PE,"[{""side"":""BUY"",""right"":""PE"",""strike"":1120,""tradingsymbol"":""NAUKRI26FEB1120PE"",""instrument_token"":30690562,""bid"":21.5,""ask"":22.0,""mid"":21.75,""ltp"":21.75,""oi"":152250.0,""volume"":199500.0,""spread_pct"":0.022988505747126436,""quote_ts"":""2026-02-19T12:32:37"",""price_used"":22.0,""tag"":""long"",""iv"":0.3339514527716636,""delta"":-0.5620001274560558,""gamma"":0.008964033776558165,""vega_1pct"":0.5188700445433037,""theta_day"":-1.5850170293916273,""greeks_conf"":""high""}]",22.0,22.0,,,8250.0,5,VOLATILE,1.0,hard,DOWN,DOWN,,SHORT,False,PE,NAUKRI26FEB1120PE,NFO:NAUKRI26FEB1120PE,1120,-1.01325022964844,1.01325022964844,22.0,11.0,39.6,90,0.022988505747126436,21.5,22.0,21.75,21.75,2026-02-19T12:32:37,ask,0.3339514527716636,1.0,1,high,-0.5620001274560558,0.5188700445433037,-1.5850170293916273,375,0,0,0,False,1.0,NEUTRAL,0.3125,False,adx=14.0 | ivp=1.00 | dte=5 | spr=0.023 | watch-mode single-leg,Trend DOWN but ADX<18. Trigger SHORT when ADX>=18 AND RSI<=48.,NONE,0.0,True,MID
NBCC,None,NSE:NBCC,2026-02-24,BUY_PE,BUY_PE,"[{""side"":""BUY"",""right"":""PE"",""strike"":105,""tradingsymbol"":""NBCC26FEB105PE"",""instrument_token"":36422146,""bid"":9.2,""ask"":9.38,""mid"":9.29,""ltp"":9.29,""oi"":929500.0,""volume"":52000.0,""spread_pct"":0.019375672766415664,""price_used"":9.38,""tag"":""long"",""iv"":0.6076821528778077,""delta"":-0.8843602625548703,""gamma"":0.02819627089272989,""vega_1pct"":0.022162497192496123,""theta_day"":-0.11596804247206688,""greeks_conf"":""high""}]",9.38,9.38,,,60970.00000000001,5,VOLATILE,1.0,hard,DOWN,DOWN,,SHORT,True,PE,NBCC26FEB105PE,NFO:NBCC26FEB105PE,105,-1.477777427675092,1.477777427675092,9.38,4.69,16.884,90,0.019375672766415664,9.2,9.38,9.29,9.29,,ask,0.6076821528778077,1.0,1,high,-0.8843602625548703,0.022162497192496123,-0.11596804247206688,6500,0,0,0,False,1.0,NEUTRAL,0.3125,False,adx=24.0 | ivp=1.00 | dte=5 | spr=0.019 | fallback single-leg,LIVE signal,NONE,0.0,True,MID
OBEROIRLTY,None,NSE:OBEROIRLTY,2026-02-24,BUY_PE,BUY_PE,"[{""side"":""BUY"",""right"":""PE"",""strike"":1520,""tradingsymbol"":""OBEROIRLTY26FEB1520PE"",""instrument_token"":31490306,""bid"":20.9,""ask"":21.35,""mid"":21.125,""ltp"":21.125,""oi"":99750.0,""volume"":163800.0,""spread_pct"":0.02130177514792913,""price_used"":21.35,""tag"":""long"",""iv"":0.2612695634689331,""delta"":-0.5330617905325064,""gamma"":0.008483447094391064,""vega_1pct"":0.7131310674356987,""theta_day"":-1.682448077527,""greeks_conf"":""high""}]",21.35,21.35,,,7472.500000000001,5,VOLATILE,1.0,hard,DOWN,DOWN,,SHORT,True,PE,OBEROIRLTY26FEB1520PE,NFO:OBEROIRLTY26FEB1520PE,1520,-1.533065930582976,1.533065930582976,21.35,10.675,38.43000000000001,90,0.02130177514792913,20.9,21.35,21.125,21.125,,ask,0.2612695634689331,1.0,1,high,-0.5330617905325064,0.7131310674356987,-1.682448077527,350,0,0,0,False,1.0,NEUTRAL,0.3125,False,adx=27.0 | ivp=1.00 | dte=5 | spr=0.021 | fallback single-leg,LIVE signal,NONE,0.0,True,MID
OFSS,None,NSE:OFSS,2026-02-24,BUY_PE,BUY_PE,"[{""side"":""BUY"",""right"":""PE"",""strike"":6700,""tradingsymbol"":""OFSS26FEB6700PE"",""instrument_token"":37331970,""bid"":98.8,""ask"":100.65,""mid"":99.725,""ltp"":99.725,""oi"":34200.0,""volume"":98025.0,""spread_pct"":0.018551015292053233,""quote_ts"":""2026-02-19T12:32:47"",""price_used"":100.65,""tag"":""long"",""iv"":0.3254434874780178,""delta"":-0.4820579215071482,""gamma"":0.001542610675149316,""vega_1pct"":3.1638011976570484,""theta_day"":-9.502553027181161,""greeks_conf"":""high""}]",100.65,100.65,,,7548.75,5,VOLATILE,1.0,hard,DOWN,DOWN,,SHORT,False,PE,OFSS26FEB6700PE,NFO:OFSS26FEB6700PE,6700,-1.037391487018074,1.037391487018074,100.65,50.325,181.17000000000002,90,0.018551015292053233,98.8,100.65,99.725,99.725,2026-02-19T12:32:47,ask,0.3254434874780178,1.0,1,high,-0.4820579215071482,3.1638011976570484,-9.502553027181161,75,0,0,0,False,1.0,NEUTRAL,0.3125,False,adx=15.3 | ivp=1.00 | dte=5 | spr=0.019 | watch-mode single-leg,Trend DOWN but ADX<18. Trigger SHORT when ADX>=18 AND RSI<=48.,NONE,0.0,True,MID
ONGC,None,NSE:ONGC,2026-02-24,BUY_CE,BUY_CE,"[{""side"":""BUY"",""right"":""CE"",""strike"":259,""tradingsymbol"":""ONGC26FEB258.75CE"",""instrument_token"":31701762,""bid"":11.15,""ask"":11.5,""mid"":11.325,""ltp"":11.325,""oi"":2799000.0,""volume"":463500.0,""spread_pct"":0.030905077262693127,""price_used"":11.5,""tag"":""long"",""iv"":0.5,""delta"":0.7805783348556543,""gamma"":0.018455153506165313,""vega_1pct"":0.09472347437394549,""theta_day"":-0.4947274773915038,""greeks_conf"":""low""}]",11.5,11.5,,,25875.0,5,VOLATILE,1.0,hard,UP,UP,,LONG,True,CE,ONGC26FEB258.75CE,NFO:ONGC26FEB258.75CE,259,1.5291437199401972,1.5291437199401972,11.5,5.75,20.7,90,0.030905077262693127,11.15,11.5,11.325,11.325,,ask,0.5,1.0,1,low,0.7805783348556543,0.09472347437394549,-0.4947274773915038,2250,0,0,0,False,1.0,NEUTRAL,0.3125,False,adx=41.1 | ivp=1.00 | dte=5 | spr=0.031 | fallback single-leg,LIVE signal,NONE,0.0,True,MID
PATANJALI,None,NSE:PATANJALI,2026-02-24,BUY_CE,BUY_CE,"[{""side"":""BUY"",""right"":""CE"",""strike"":520,""tradingsymbol"":""PATANJALI26FEB520CE"",""instrument_token"":31908098,""bid"":14.85,""ask"":15.2,""mid"":15.024999999999999,""ltp"":15.024999999999999,""oi"":136800.0,""volume"":22500.0,""spread_pct"":0.02329450915141429,""price_used"":15.2,""tag"":""long"",""iv"":0.1928911286582947,""delta"":0.8854516320702566,""gamma"":0.015865216895299246,""vega_1pct"":0.12242553887675921,""theta_day"":-0.3057394256584268,""greeks_conf"":""high""}]",15.2,15.2,,,13680.0,5,VOLATILE,1.0,hard,UP,UP,,LONG,False,CE,PATANJALI26FEB520CE,NFO:PATANJALI26FEB520CE,520,1.136244280768821,1.136244280768821,15.2,7.6,27.36,90,0.02329450915141429,14.85,15.2,15.024999999999999,15.024999999999999,,ask,0.1928911286582947,1.0,1,high,0.8854516320702566,0.12242553887675921,-0.3057394256584268,900,0,0,0,False,1.0,NEUTRAL,0.3125,False,adx=20.5 | ivp=1.00 | dte=5 | spr=0.023 | fallback single-leg,Trigger LONG when RSI closes >= 52 AND price closes above EMA_fast.,NONE,0.0,True,MID
PERSISTENT,None,NSE:PERSISTENT,2026-02-24,BEAR_PUT_SPREAD,BEAR_PUT_SPREAD,"[{""side"":""BUY"",""right"":""PE"",""strike"":5400,""tradingsymbol"":""PERSISTENT26FEB5400PE"",""instrument_token"":32069122,""bid"":149.15,""ask"":151.1,""mid"":150.125,""ltp"":150.125,""oi"":85200.0,""volume"":1123200.0,""spread_pct"":0.012989175686927484,""quote_ts"":""2026-02-19T12:33:32"",""price_used"":151.1,""tag"":""long"",""iv"":0.4988351525906324,""delta"":-0.543975288623284,""gamma"":0.001253928866483795,""vega_1pct"":2.513574502228479,""theta_day"":-11.735497183891743,""greeks_conf"":""high""},{""side"":""SELL"",""right"":""PE"",""strike"":5200,""tradingsymbol"":""PERSISTENT26FEB5200PE"",""instrument_token"":32068610,""bid"":57.25,""ask"":57.95,""mid"":57.6,""ltp"":57.6,""oi"":107300.0,""volume"":651400.0,""spread_pct"":0.012152777777777827,""quote_ts"":""2026-02-19T12:33:32"",""price_used"":57.25,""tag"":""short"",""iv"":0.4798767070186139,""delta"":-0.29227266026526344,""gamma"":0.001129365893783682,""vega_1pct"":2.1778409001432415,""theta_day"":-9.934403785140303,""greeks_conf"":""high""}]",93.85,93.85,106.15,5306.15,9385.0,5,VOLATILE,1.0,hard,DOWN,DOWN,,SHORT,True,PE,PERSISTENT26FEB5400PE,NFO:PERSISTENT26FEB5400PE,5400,-1.5489967426582456,1.5489967426582456,151.1,46.925,178.77,90,0.012989175686927484,149.15,151.1,150.125,150.125,2026-02-19T12:33:32,ask,0.4988351525906324,1.0,1,high,-0.2517026283580206,0.3357336020852375,-1.8010933987514406,100,0,0,0,False,1.0,NEUTRAL,0.3125,False,adx=27.8 | ivp=1.00 | dte=5 | spr=0.013 | volatile -> direction via debit spread,LIVE signal,NONE,0.0,True,MID
PETRONET,None,NSE:PETRONET,2026-02-24,BUY_CE,BUY_CE,"[{""side"":""BUY"",""right"":""CE"",""strike"":295,""tradingsymbol"":""PETRONET26FEB295CE"",""instrument_token"":32135682,""bid"":8.5,""ask"":8.75,""mid"":8.625,""ltp"":8.625,""oi"":505400.0,""volume"":121600.0,""spread_pct"":0.028985507246376812,""price_used"":8.75,""tag"":""long"",""iv"":0.24026965922164914,""delta"":0.8242409329776919,""gamma"":0.030015212528190553,""vega_1pct"":0.09264575873248111,""theta_day"":-0.25685068355939417,""greeks_conf"":""high""}]",8.75,8.75,,,16625.0,5,VOLATILE,1.0,hard,UP,UP,,LONG,False,CE,PETRONET26FEB295CE,NFO:PETRONET26FEB295CE,295,1.3597140707390334,1.3597140707390334,8.75,4.375,15.75,90,0.028985507246376812,8.5,8.75,8.625,8.625,,ask,0.24026965922164914,1.0,1,high,0.8242409329776919,0.09264575873248111,-0.25685068355939417,1900,0,0,0,False,1.0,NEUTRAL,0.3125,False,adx=32.4 | ivp=1.00 | dte=5 | spr=0.029 | fallback single-leg,Trigger LONG when RSI closes >= 52 AND price closes above EMA_fast.,BOS_DOWN,0.11111111111109506,True,MID
PIIND,None,NSE:PIIND,2026-02-24,BUY_PE,BUY_PE,"[{""side"":""BUY"",""right"":""PE"",""strike"":3000,""tradingsymbol"":""PIIND26FEB3000PE"",""instrument_token"":32474626,""bid"":38.5,""ask"":39.4,""mid"":38.95,""ltp"":38.95,""oi"":117075.0,""volume"":205275.0,""spread_pct"":0.023106546854942196,""price_used"":39.4,""tag"":""long"",""iv"":0.2572295614540578,""delta"":-0.5156639039910622,""gamma"":0.00437146671779927,""vega_1pct"":1.4131953924985536,""theta_day"":-3.288184457184625,""greeks_conf"":""high""}]",39.4,39.4,,,6895.0,5,VOLATILE,1.0,hard,DOWN,DOWN,,SHORT,True,PE,PIIND26FEB3000PE,NFO:PIIND26FEB3000PE,3000,-1.6053140699251744,1.6053140699251744,39.4,19.7,70.92,90,0.023106546854942196,38.5,39.4,38.95,38.95,,ask,0.2572295614540578,1.0,1,high,-0.5156639039910622,1.4131953924985536,-3.288184457184625,175,0,0,0,False,1.0,NEUTRAL,0.3125,False,adx=30.8 | ivp=1.00 | dte=5 | spr=0.023 | fallback single-leg,LIVE signal,BOS_DOWN,0.02469135802470628,True,MID
PNB,None,NSE:PNB,2026-02-24,BUY_CE,BUY_CE,"[{""side"":""BUY"",""right"":""CE"",""strike"":117,""tradingsymbol"":""PNB26FEB117CE"",""instrument_token"":39770114,""bid"":9.91,""ask"":10.14,""mid"":10.025,""ltp"":10.025,""oi"":664000.0,""volume"":152000.0,""spread_pct"":0.022942643391521238,""price_used"":10.14,""tag"":""long"",""iv"":0.5,""delta"":0.9251202764333881,""gamma"":0.01878109958636992,""vega_1pct"":0.021286224201582264,""theta_day"":-0.1214967870298325,""greeks_conf"":""low""}]",10.14,10.14,,,81120.0,5,VOLATILE,1.0,hard,UP,UP,,LONG,False,CE,PNB26FEB117CE,NFO:PNB26FEB117CE,117,1.1057505585267096,1.1057505585267096,10.14,5.07,18.252000000000002,90,0.022942643391521238,9.91,10.14,10.025,10.025,,ask,0.5,1.0,1,low,0.9251202764333881,0.021286224201582264,-0.1214967870298325,8000,0,0,0,False,1.0,NEUTRAL,0.3125,False,adx=29.3 | ivp=1.00 | dte=5 | spr=0.023 | fallback single-leg,Trigger LONG when RSI closes >= 52 AND price closes above EMA_fast.,NONE,0.0,True,MID
POLICYBZR,None,NSE:POLICYBZR,2026-02-24,BUY_PE,BUY_PE,"[{""side"":""BUY"",""right"":""PE"",""strike"":1480,""tradingsymbol"":""POLICYBZR26FEB1480PE"",""instrument_token"":32780802,""bid"":19.15,""ask"":19.55,""mid"":19.35,""ltp"":19.35,""oi"":187950.0,""volume"":493850.0,""spread_pct"":0.020671834625323106,""quote_ts"":""2026-02-19T12:33:35"",""price_used"":19.55,""tag"":""long"",""iv"":0.3291187091398239,""delta"":-0.4383262982778271,""gamma"":0.006800495445549657,""vega_1pct"":0.6941674542214625,""theta_day"":-2.119736241703903,""greeks_conf"":""high""}]",19.55,19.55,,,6842.5,5,VOLATILE,1.0,hard,DOWN,DOWN,,SHORT,False,PE,POLICYBZR26FEB1480PE,NFO:POLICYBZR26FEB1480PE,1480,-1.0622735516564357,1.0622735516564357,19.55,9.775,35.190000000000005,90,0.020671834625323106,19.15,19.55,19.35,19.35,2026-02-19T12:33:35,ask,0.3291187091398239,1.0,1,high,-0.4383262982778271,0.6941674542214625,-2.119736241703903,350,0,0,0,False,1.0,NEUTRAL,0.3125,False,adx=16.6 | ivp=1.00 | dte=5 | spr=0.021 | watch-mode single-leg,Trend DOWN but ADX<18. Trigger SHORT when ADX>=18 AND RSI<=48.,NONE,0.0,True,MID
POLYCAB,None,NSE:POLYCAB,2026-02-24,BULL_CALL_SPREAD,BULL_CALL_SPREAD,"[{""side"":""BUY"",""right"":""CE"",""strike"":7800,""tradingsymbol"":""POLYCAB26FEB7800CE"",""instrument_token"":32892418,""bid"":90.45,""ask"":92.1,""mid"":91.275,""ltp"":91.275,""oi"":104125.0,""volume"":178125.0,""spread_pct"":0.018077239112571804,""quote_ts"":""2026-02-19T12:33:42"",""price_used"":92.1,""tag"":""long"",""iv"":0.19771552764153483,""delta"":0.5784465276307276,""gamma"":0.0021337770325256197,""vega_1pct"":3.627586992007114,""theta_day"":-7.730190340676552,""greeks_conf"":""high""},{""side"":""SELL"",""right"":""CE"",""strike"":8000,""tradingsymbol"":""POLYCAB26FEB8000CE"",""instrument_token"":32892930,""bid"":23.35,""ask"":23.95,""mid"":23.65,""ltp"":23.65,""oi"":120000.0,""volume"":153500.0,""spread_pct"":0.025369978858350864,""quote_ts"":""2026-02-19T12:33:32"",""price_used"":23.35,""tag"":""short"",""iv"":0.21646297281324864,""delta"":0.21058260216968633,""gamma"":0.0014381520329626247,""vega_1pct"":2.6768031808233093,""theta_day"":-5.922888310648583,""greeks_conf"":""high""}]",68.75,68.75,7931.25,68.75,8593.75,5,VOLATILE,1.0,hard,UP,UP,,LONG,True,CE,POLYCAB26FEB7800CE,NFO:POLYCAB26FEB7800CE,7800,1.5065080689390338,1.5065080689390338,92.1,34.375,6413.75,90,0.018077239112571804,90.45,92.1,91.275,91.275,2026-02-19T12:33:42,ask,0.19771552764153483,1.0,1,high,0.36786392546104124,0.950783811183805,-1.8073020300279694,125,0,0,0,False,1.0,NEUTRAL,0.3125,False,adx=25.6 | ivp=1.00 | dte=5 | spr=0.018 | volatile -> direction via debit spread,LIVE signal,NONE,0.0,True,MID
POWERINDIA,None,NSE:POWERINDIA,2026-02-24,BUY_CE,BUY_CE,"[{""side"":""BUY"",""right"":""CE"",""strike"":23500,""tradingsymbol"":""POWERINDIA26FEB23500CE"",""instrument_token"":33092866,""bid"":250.95,""ask"":257.85,""mid"":254.4,""ltp"":254.4,""oi"":32800.0,""volume"":89900.0,""spread_pct"":0.027122641509434095,""price_used"":257.85,""tag"":""long"",""iv"":0.39147960922905806,""delta"":0.3588505693920322,""gamma"":0.0003493615273731523,""vega_1pct"":10.211064203222794,""theta_day"":-40.337881370393816,""greeks_conf"":""high""}]",257.85,257.85,,,12892.500000000002,5,VOLATILE,1.0,hard,UP,UP,,LONG,False,CE,POWERINDIA26FEB23500CE,NFO:POWERINDIA26FEB23500CE,23500,1.454980755848032,1.454980755848032,257.85,128.925,464.13000000000005,90,0.027122641509434095,250.95,257.85,254.4,254.4,,ask,0.39147960922905806,1.0,1,high,0.3588505693920322,10.211064203222794,-40.337881370393816,50,0,0,0,False,1.0,NEUTRAL,0.3125,False,adx=37.5 | ivp=1.00 | dte=5 | spr=0.027 | fallback single-leg,Trigger LONG when RSI closes >= 52 AND price closes above EMA_fast.,NONE,0.0,True,MID
PPLPHARMA,None,NSE:PPLPHARMA,2026-02-24,BUY_CE,BUY_CE,"[{""side"":""BUY"",""right"":""CE"",""strike"":150,""tradingsymbol"":""PPLPHARMA26FEB150CE"",""instrument_token"":33205250,""bid"":15.19,""ask"":15.88,""mid"":15.535,""ltp"":15.535,""oi"":288750.0,""volume"":47250.0,""spread_pct"":0.044415835210814374,""price_used"":15.88,""tag"":""long"",""iv"":0.5292519927825928,""delta"":0.9428807088021409,""gamma"":0.01106846991301132,""vega_1pct"":0.02242260774165612,""theta_day"":-0.13888046480999772,""greeks_conf"":""high""}]",15.88,15.88,,,41685.0,5,VOLATILE,1.0,hard,UP,UP,,LONG,False,CE,PPLPHARMA26FEB150CE,NFO:PPLPHARMA26FEB150CE,150,0.9769032327494546,0.9769032327494546,15.88,7.94,28.584000000000003,90,0.044415835210814374,15.19,15.88,15.535,15.535,,ask,0.5292519927825928,1.0,1,high,0.9428807088021409,0.02242260774165612,-0.13888046480999772,2625,0,0,0,False,1.0,NEUTRAL,0.3125,False,adx=12.1 | ivp=1.00 | dte=5 | spr=0.044 | fallback single-leg,Trend UP but ADX<18. Trigger LONG when ADX>=18 AND RSI>=52.,NONE,0.0,True,MID
PREMIERENE,None,NSE:PREMIERENE,2026-02-24,BUY_PE,BUY_PE,"[{""side"":""BUY"",""right"":""PE"",""strike"":750,""tradingsymbol"":""PREMIERENE26FEB750PE"",""instrument_token"":40052482,""bid"":11.4,""ask"":11.8,""mid"":11.600000000000001,""ltp"":11.600000000000001,""oi"":161000.0,""volume"":303025.0,""spread_pct"":0.03448275862068968,""quote_ts"":""2026-02-19T12:33:19"",""price_used"":11.8,""tag"":""long"",""iv"":0.3596172076787949,""delta"":-0.4618504749867931,""gamma"":0.012399821830245123,""vega_1pct"":0.35365571401600804,""theta_day"":-1.1824445273338313,""greeks_conf"":""high""}]",11.8,11.8,,,6785.0,5,VOLATILE,1.0,hard,DOWN,DOWN,,SHORT,False,PE,PREMIERENE26FEB750PE,NFO:PREMIERENE26FEB750PE,750,-1.0517861377789015,1.0517861377789015,11.8,5.9,21.240000000000002,90,0.03448275862068968,11.4,11.8,11.600000000000001,11.600000000000001,2026-02-19T12:33:19,ask,0.3596172076787949,1.0,1,high,-0.4618504749867931,0.35365571401600804,-1.1824445273338313,575,0,0,0,False,1.0,NEUTRAL,0.3125,False,adx=16.0 | ivp=1.00 | dte=5 | spr=0.034 | watch-mode single-leg,Trend DOWN but ADX<18. Trigger SHORT when ADX>=18 AND RSI<=48.,NONE,0.0,True,MID
PRESTIGE,None,NSE:PRESTIGE,2026-02-24,BUY_PE,BUY_PE,"[{""side"":""BUY"",""right"":""PE"",""strike"":1500,""tradingsymbol"":""PRESTIGE26FEB1500PE"",""instrument_token"":40099074,""bid"":20.35,""ask"":20.9,""mid"":20.625,""ltp"":20.625,""oi"":113850.0,""volume"":151650.0,""spread_pct"":0.02666666666666653,""price_used"":20.9,""tag"":""long"",""iv"":0.29716347337388993,""delta"":-0.48646062802537293,""gamma"":0.007552670780514539,""vega_1pct"":0.7083105966319035,""theta_day"":-1.931255136920904,""greeks_conf"":""high""}]",20.9,20.9,,,9405.0,5,VOLATILE,1.0,hard,DOWN,DOWN,,SHORT,True,PE,PRESTIGE26FEB1500PE,NFO:PRESTIGE26FEB1500PE,1500,-1.393406983817464,1.393406983817464,20.9,10.45,37.62,90,0.02666666666666653,20.35,20.9,20.625,20.625,,ask,0.29716347337388993,1.0,1,high,-0.48646062802537293,0.7083105966319035,-1.931255136920904,450,0,0,0,False,1.0,NEUTRAL,0.3125,False,adx=19.5 | ivp=1.00 | dte=5 | spr=0.027 | fallback single-leg,LIVE signal,NONE,0.0,True,MID
RBLBANK,None,NSE:RBLBANK,2026-02-24,BUY_CE,BUY_CE,"[{""side"":""BUY"",""right"":""CE"",""strike"":330,""tradingsymbol"":""RBLBANK26FEB330CE"",""instrument_token"":33409026,""bid"":9.0,""ask"":9.2,""mid"":9.1,""ltp"":9.1,""oi"":1225550.0,""volume"":11423650.0,""spread_pct"":0.0219780219780219,""price_used"":9.2,""tag"":""long"",""iv"":0.31480882888412476,""delta"":0.7150618726851752,""gamma"":0.027046497006251204,""vega_1pct"":0.135342137874587,""theta_day"":-0.4539562403838374,""greeks_conf"":""high""}]",9.2,9.2,,,29209.999999999996,5,VOLATILE,1.0,hard,UP,UP,,LONG,True,CE,RBLBANK26FEB330CE,NFO:RBLBANK26FEB330CE,330,2.111785986509989,2.111785986509989,9.2,4.6,16.56,90,0.0219780219780219,9.0,9.2,9.1,9.1,,ask,0.31480882888412476,1.0,1,high,0.7150618726851752,0.135342137874587,-0.4539562403838374,3175,0,0,0,False,1.0,NEUTRAL,0.3125,False,adx=57.8 | ivp=1.00 | dte=5 | spr=0.022 | fallback single-leg,LIVE signal,NONE,0.0,True,MID
SAMMAANCAP,None,NSE:SAMMAANCAP,2026-02-24,BUY_CE,BUY_CE,"[{""side"":""BUY"",""right"":""CE"",""strike"":140,""tradingsymbol"":""SAMMAANCAP26FEB140CE"",""instrument_token"":33947394,""bid"":10.6,""ask"":11.0,""mid"":10.8,""ltp"":10.8,""oi"":4742900.0,""volume"":713800.0,""spread_pct"":0.03703703703703707,""price_used"":11.0,""tag"":""long"",""iv"":0.45669646530151375,""delta"":0.9132321884955941,""gamma"":0.01942711157035596,""vega_1pct"":0.02814579369160873,""theta_day"":-0.14626746337315147,""greeks_conf"":""high""}]",11.0,11.0,,,47300.0,5,VOLATILE,1.0,hard,UP,UP,,LONG,True,CE,SAMMAANCAP26FEB140CE,NFO:SAMMAANCAP26FEB140CE,140,1.973324949650359,1.973324949650359,11.0,5.5,19.8,90,0.03703703703703707,10.6,11.0,10.8,10.8,,ask,0.45669646530151375,1.0,1,high,0.9132321884955941,0.02814579369160873,-0.14626746337315147,4300,0,0,0,False,1.0,NEUTRAL,0.3125,False,adx=50.4 | ivp=1.00 | dte=5 | spr=0.037 | fallback single-leg,LIVE signal,NONE,0.0,True,MID
SBICARD,None,NSE:SBICARD,2026-02-24,BUY_CE,BUY_CE,"[{""side"":""BUY"",""right"":""CE"",""strike"":760,""tradingsymbol"":""SBICARD26FEB760CE"",""instrument_token"":34043650,""bid"":19.1,""ask"":19.5,""mid"":19.3,""ltp"":19.3,""oi"":272000.0,""volume"":56800.0,""spread_pct"":0.020725388601036194,""price_used"":19.5,""tag"":""long"",""iv"":0.5,""delta"":0.7242870510844411,""gamma"":0.007183070961686568,""vega_1pct"":0.31078910657161773,""theta_day"":-1.6047492478853826,""greeks_conf"":""low""}]",19.5,19.5,,,15600.0,5,VOLATILE,1.0,hard,UP,UP,,LONG,True,CE,SBICARD26FEB760CE,NFO:SBICARD26FEB760CE,760,1.1664064812787724,1.1664064812787724,19.5,9.75,35.1,90,0.020725388601036194,19.1,19.5,19.3,19.3,,ask,0.5,1.0,1,low,0.7242870510844411,0.31078910657161773,-1.6047492478853826,800,0,0,0,False,1.0,NEUTRAL,0.3125,False,adx=18.4 | ivp=1.00 | dte=5 | spr=0.021 | fallback single-leg,LIVE signal,NONE,0.0,True,MID
SBILIFE,None,NSE:SBILIFE,2026-02-24,BUY_CE,BUY_CE,"[{""side"":""BUY"",""right"":""CE"",""strike"":2040,""tradingsymbol"":""SBILIFE26FEB2040CE"",""instrument_token"":34151426,""bid"":12.0,""ask"":12.4,""mid"":12.2,""ltp"":12.2,""oi"":1249125.0,""volume"":262875.0,""spread_pct"":0.03278688524590167,""quote_ts"":""2026-02-19T12:33:54"",""price_used"":12.4,""tag"":""long"",""iv"":0.08725026157236096,""delta"":0.6268317261861979,""gamma"":0.01791201347986626,""vega_1pct"":0.9172051636828097,""theta_day"":-0.9898759931118983,""greeks_conf"":""high""}]",12.4,12.4,,,4650.0,5,VOLATILE,1.0,hard,UP,UP,,LONG,False,CE,SBILIFE26FEB2040CE,NFO:SBILIFE26FEB2040CE,2040,0.9929024152543767,0.9929024152543767,12.4,6.2,22.32,90,0.03278688524590167,12.0,12.4,12.2,12.2,2026-02-19T12:33:54,ask,0.08725026157236096,1.0,1,high,0.6268317261861979,0.9172051636828097,-0.9898759931118983,375,0,0,0,False,1.0,NEUTRAL,0.3125,False,adx=12.9 | ivp=1.00 | dte=5 | spr=0.033 | watch-mode single-leg,Trend UP but ADX<18. Trigger LONG when ADX>=18 AND RSI>=52.,NONE,0.0,True,MID
SHREECEM,None,NSE:SHREECEM,2026-02-24,BUY_CE,BUY_CE,"[{""side"":""BUY"",""right"":""CE"",""strike"":28000,""tradingsymbol"":""SHREECEM26FEB28000CE"",""instrument_token"":34632706,""bid"":33.55,""ask"":35.2,""mid"":34.375,""ltp"":34.375,""oi"":23150.0,""volume"":68850.0,""spread_pct"":0.04800000000000017,""price_used"":35.2,""tag"":""long"",""iv"":0.29213433247679477,""delta"":0.08283377532209146,""gamma"":0.0001654822542184299,""vega_1pct"":4.818315163472948,""theta_day"":-14.097275557339852,""greeks_conf"":""high""}]",35.2,35.2,,,880.0000000000001,5,VOLATILE,1.0,hard,UP,UP,,LONG,False,CE,SHREECEM26FEB28000CE,NFO:SHREECEM26FEB28000CE,28000,1.402242426916542,1.402242426916542,35.2,17.6,63.36000000000001,90,0.04800000000000017,33.55,35.2,34.375,34.375,,ask,0.29213433247679477,1.0,1,high,0.08283377532209146,4.818315163472948,-14.097275557339852,25,1,2,1,True,1.0,NEUTRAL,0.3125,False,adx=34.7 | ivp=1.00 | dte=5 | spr=0.048 | fallback single-leg,Trigger LONG when RSI closes >= 52 AND price closes above EMA_fast.,NONE,0.0,True,MID
SOLARINDS,None,NSE:SOLARINDS,2026-02-24,BUY_CE,BUY_CE,"[{""side"":""BUY"",""right"":""CE"",""strike"":13500,""tradingsymbol"":""SOLARINDS26FEB13500CE"",""instrument_token"":34924290,""bid"":130.4,""ask"":134.1,""mid"":132.25,""ltp"":132.25,""oi"":49650.0,""volume"":72150.0,""spread_pct"":0.02797731568998101,""price_used"":134.1,""tag"":""long"",""iv"":0.26881163568717237,""delta"":0.4288113389005426,""gamma"":0.0009196540452891199,""vega_1pct"":6.234044576975419,""theta_day"":-17.281217130501926,""greeks_conf"":""high""}]",134.1,134.1,,,6705.0,5,VOLATILE,1.0,hard,UP,UP,,LONG,True,CE,SOLARINDS26FEB13500CE,NFO:SOLARINDS26FEB13500CE,13500,1.518288989565623,1.518288989565623,134.1,67.05,241.38,90,0.02797731568998101,130.4,134.1,132.25,132.25,,ask,0.26881163568717237,1.0,1,high,0.4288113389005426,6.234044576975419,-17.281217130501926,50,0,0,0,False,1.0,NEUTRAL,0.3125,False,adx=26.2 | ivp=1.00 | dte=5 | spr=0.028 | fallback single-leg,LIVE signal,NONE,0.0,True,MID
SONACOMS,None,NSE:SONACOMS,2026-02-24,BUY_CE,BUY_CE,"[{""side"":""BUY"",""right"":""CE"",""strike"":530,""tradingsymbol"":""SONACOMS26FEB530CE"",""instrument_token"":35040258,""bid"":8.4,""ask"":8.6,""mid"":8.5,""ltp"":8.5,""oi"":363825.0,""volume"":496125.0,""spread_pct"":0.0235294117647058,""price_used"":8.6,""tag"":""long"",""iv"":0.264273636964798,""delta"":0.5881714731550628,""gamma"":0.023321918297116075,""vega_1pct"":0.24571701391925255,""theta_day"":-0.6840110564174492,""greeks_conf"":""high""}]",8.6,8.6,,,10535.0,5,VOLATILE,1.0,hard,UP,UP,,LONG,True,CE,SONACOMS26FEB530CE,NFO:SONACOMS26FEB530CE,530,1.436808540691684,1.436808540691684,8.6,4.3,15.48,90,0.0235294117647058,8.4,8.6,8.5,8.5,,ask,0.264273636964798,1.0,1,high,0.5881714731550628,0.24571701391925255,-0.6840110564174492,1225,0,0,0,False,1.0,NEUTRAL,0.3125,False,adx=21.9 | ivp=1.00 | dte=5 | spr=0.024 | fallback single-leg,LIVE signal,NONE,0.0,True,MID
SRF,None,NSE:SRF,2026-02-24,BEAR_PUT_SPREAD,BEAR_PUT_SPREAD,"[{""side"":""BUY"",""right"":""PE"",""strike"":2680,""tradingsymbol"":""SRF26FEB2680PE"",""instrument_token"":40824578,""bid"":26.85,""ask"":27.6,""mid"":27.225,""ltp"":27.225,""oi"":38000.0,""volume"":317600.0,""spread_pct"":0.027548209366391182,""quote_ts"":""2026-02-19T12:34:03"",""price_used"":27.6,""tag"":""long"",""iv"":0.24922465926170345,""delta"":-0.4481350802349594,""gamma"":0.004986498954523007,""vega_1pct"":1.2590746104810528,""theta_day"":-2.860668264782541,""greeks_conf"":""high""},{""side"":""SELL"",""right"":""PE"",""strike"":2640,""tradingsymbol"":""SRF26FEB2640PE"",""instrument_token"":40823554,""bid"":14.25,""ask"":14.6,""mid"":14.425,""ltp"":14.425,""oi"":23000.0,""volume"":188800.0,""spread_pct"":0.02426343154246098,""quote_ts"":""2026-02-19T12:33:35"",""price_used"":14.25,""tag"":""short"",""iv"":0.26543950358343116,""delta"":-0.27341863810266087,""gamma"":0.003938081820382215,""vega_1pct"":1.059046464361183,""theta_day"":-2.6209397405230184,""greeks_conf"":""high""}]",13.350000000000001,13.350000000000001,26.65,2666.65,2670.0000000000005,5,VOLATILE,1.0,hard,DOWN,DOWN,,SHORT,True,PE,SRF26FEB2680PE,NFO:SRF26FEB2680PE,2680,-1.9402420103969173,1.9402420103969173,27.6,6.675000000000001,34.67,90,0.027548209366391182,26.85,27.6,27.225,27.225,2026-02-19T12:34:03,ask,0.24922465926170345,1.0,1,high,-0.17471644213229853,0.20002814611986985,-0.23972852425952285,200,0,0,0,False,1.0,NEUTRAL,0.3125,False,adx=48.7 | ivp=1.00 | dte=5 | spr=0.028 | volatile -> direction via debit spread,LIVE signal,NONE,0.0,True,MID
SUNPHARMA,None,NSE:SUNPHARMA,2026-02-24,BUY_CE,BUY_CE,"[{""side"":""BUY"",""right"":""CE"",""strike"":1700,""tradingsymbol"":""SUNPHARMA26FEB1700CE"",""instrument_token"":40923138,""bid"":19.55,""ask"":20.0,""mid"":19.775,""ltp"":19.775,""oi"":1496600.0,""volume"":595700.0,""spread_pct"":0.022756005056889978,""price_used"":20.0,""tag"":""long"",""iv"":0.5,""delta"":0.6002718837190225,""gamma"":0.003788681012833234,""vega_1pct"":0.7876475228846858,""theta_day"":-4.005482518758038,""greeks_conf"":""low""}]",20.0,20.0,,,7000.0,5,VOLATILE,1.0,hard,UP,UP,,LONG,False,CE,SUNPHARMA26FEB1700CE,NFO:SUNPHARMA26FEB1700CE,1700,0.8875610066369204,0.8875610066369204,20.0,10.0,36.0,90,0.022756005056889978,19.55,20.0,19.775,19.775,,ask,0.5,1.0,1,low,0.6002718837190225,0.7876475228846858,-4.005482518758038,350,0,0,0,False,1.0,NEUTRAL,0.3125,False,adx=15.6 | ivp=1.00 | dte=5 | spr=0.023 | fallback single-leg,Trend UP but ADX<18. Trigger LONG when ADX>=18 AND RSI>=52.,NONE,0.0,True,MID
SUPREMEIND,None,NSE:SUPREMEIND,2026-02-24,BUY_CE,BUY_CE,"[{""side"":""BUY"",""right"":""CE"",""strike"":3900,""tradingsymbol"":""SUPREMEIND26FEB3900CE"",""instrument_token"":35463426,""bid"":42.6,""ask"":43.85,""mid"":43.225,""ltp"":43.225,""oi"":60550.0,""volume"":352100.0,""spread_pct"":0.028918449971081547,""quote_ts"":""2026-02-19T12:34:04"",""price_used"":43.85,""tag"":""long"",""iv"":0.1871297448465824,""delta"":0.5784900374329914,""gamma"":0.00450996151957907,""vega_1pct"":1.8133133659309082,""theta_day"":-3.6773152113124183,""greeks_conf"":""high""}]",43.85,43.85,,,7673.75,5,VOLATILE,1.0,hard,UP,UP,,LONG,False,CE,SUPREMEIND26FEB3900CE,NFO:SUPREMEIND26FEB3900CE,3900,1.1085550939592632,1.1085550939592632,43.85,21.925,78.93,90,0.028918449971081547,42.6,43.85,43.225,43.225,2026-02-19T12:34:04,ask,0.1871297448465824,1.0,1,high,0.5784900374329914,1.8133133659309082,-3.6773152113124183,175,0,0,0,False,1.0,NEUTRAL,0.3125,False,adx=19.1 | ivp=1.00 | dte=5 | spr=0.029 | watch-mode single-leg,Trigger LONG when RSI closes >= 52 AND price closes above EMA_fast.,NONE,0.0,True,MID
SUZLON,None,NSE:SUZLON,2026-02-24,BUY_PE,BUY_PE,"[{""side"":""BUY"",""right"":""PE"",""strike"":55,""tradingsymbol"":""SUZLON26FEB55PE"",""instrument_token"":40999170,""bid"":9.29,""ask"":9.41,""mid"":9.35,""ltp"":9.35,""oi"":1633525.0,""volume"":649800.0,""spread_pct"":0.012834224598930587,""price_used"":9.41,""tag"":""long"",""iv"":0.9429939754638672,""delta"":-0.9441819594720735,""gamma"":0.02203617836255928,""vega_1pct"":0.006095597735959703,""theta_day"":-0.0474773414459316,""greeks_conf"":""high""}]",9.41,9.41,,,84925.25,5,VOLATILE,1.0,hard,DOWN,DOWN,,SHORT,False,PE,SUZLON26FEB55PE,NFO:SUZLON26FEB55PE,55,-0.9883087959970767,0.9883087959970767,9.41,4.705,16.938000000000002,90,0.012834224598930587,9.29,9.41,9.35,9.35,,ask,0.9429939754638672,1.0,1,high,-0.9441819594720735,0.006095597735959703,-0.0474773414459316,9025,0,0,0,False,1.0,NEUTRAL,0.3125,False,adx=12.7 | ivp=1.00 | dte=5 | spr=0.013 | fallback single-leg,Trend DOWN but ADX<18. Trigger SHORT when ADX>=18 AND RSI<=48.,NONE,0.0,True,MID
SWIGGY,None,NSE:SWIGGY,2026-02-24,BUY_PE,BUY_PE,"[{""side"":""BUY"",""right"":""PE"",""strike"":335,""tradingsymbol"":""SWIGGY26FEB335PE"",""instrument_token"":41056002,""bid"":10.15,""ask"":10.35,""mid"":10.25,""ltp"":10.25,""oi"":176800.0,""volume"":187200.0,""spread_pct"":0.01951219512195115,""price_used"":10.35,""tag"":""long"",""iv"":0.413456880443573,""delta"":-0.6469196211631095,""gamma"":0.023115148621983293,""vega_1pct"":0.14446469215604563,""theta_day"":-0.5464708762561011,""greeks_conf"":""high""}]",10.35,10.35,,,13455.0,5,VOLATILE,1.0,hard,DOWN,DOWN,,SHORT,True,PE,SWIGGY26FEB335PE,NFO:SWIGGY26FEB335PE,335,-1.4944364864913113,1.4944364864913113,10.35,5.175,18.63,90,0.01951219512195115,10.15,10.35,10.25,10.25,,ask,0.413456880443573,1.0,1,high,-0.6469196211631095,0.14446469215604563,-0.5464708762561011,1300,0,0,0,False,1.0,NEUTRAL,0.3125,False,adx=24.9 | ivp=1.00 | dte=5 | spr=0.020 | fallback single-leg,LIVE signal,NONE,0.0,True,MID
TATACONSUM,None,NSE:TATACONSUM,2026-02-24,BUY_CE,BUY_CE,"[{""side"":""BUY"",""right"":""CE"",""strike"":1160,""tradingsymbol"":""TATACONSUM26FEB1160CE"",""instrument_token"":35804162,""bid"":9.4,""ask"":9.7,""mid"":9.55,""ltp"":9.55,""oi"":218900.0,""volume"":221100.0,""spread_pct"":0.031413612565444914,""quote_ts"":""2026-02-19T12:33:35"",""price_used"":9.7,""tag"":""long"",""iv"":0.15846826109218598,""delta"":0.534415642881414,""gamma"":0.01824105594710387,""vega_1pct"":0.5464970048811832,""theta_day"":-0.9457760437895993,""greeks_conf"":""high""}]",9.7,9.7,,,5335.0,5,VOLATILE,1.0,hard,UP,UP,,LONG,False,CE,TATACONSUM26FEB1160CE,NFO:TATACONSUM26FEB1160CE,1160,1.112994151224741,1.112994151224741,9.7,4.85,17.46,90,0.031413612565444914,9.4,9.7,9.55,9.55,2026-02-19T12:33:35,ask,0.15846826109218598,1.0,1,high,0.534415642881414,0.5464970048811832,-0.9457760437895993,550,0,0,0,False,1.0,NEUTRAL,0.3125,False,adx=19.3 | ivp=1.00 | dte=5 | spr=0.031 | watch-mode single-leg,Trigger LONG when RSI closes >= 52 AND price closes above EMA_fast.,NONE,0.0,True,MID
TATASTEEL,None,NSE:TATASTEEL,2026-02-24,BUY_CE,BUY_CE,"[{""side"":""BUY"",""right"":""CE"",""strike"":200,""tradingsymbol"":""TATASTEEL26FEB200CE"",""instrument_token"":36014594,""bid"":8.09,""ask"":8.2,""mid"":8.145,""ltp"":8.145,""oi"":5131500.0,""volume"":2519000.0,""spread_pct"":0.013505217925107359,""price_used"":8.2,""tag"":""long"",""iv"":0.5,""delta"":0.7604104888791059,""gamma"":0.025207302459777085,""vega_1pct"":0.07653480228011966,""theta_day"":-0.3979162565207506,""greeks_conf"":""low""}]",8.2,8.2,,,45099.99999999999,5,VOLATILE,1.0,hard,UP,UP,,LONG,False,CE,TATASTEEL26FEB200CE,NFO:TATASTEEL26FEB200CE,200,0.9212112112589156,0.9212112112589156,8.2,4.1,14.76,90,0.013505217925107359,8.09,8.2,8.145,8.145,,ask,0.5,1.0,1,low,0.7604104888791059,0.07653480228011966,-0.3979162565207506,5500,0,0,0,False,1.0,NEUTRAL,0.3125,False,adx=17.7 | ivp=1.00 | dte=5 | spr=0.014 | fallback single-leg,Trend UP but ADX<18. Trigger LONG when ADX>=18 AND RSI>=52.,NONE,0.0,True,MID
TECHM,None,NSE:TECHM,2026-02-24,BUY_PE,BUY_PE,"[{""side"":""BUY"",""right"":""PE"",""strike"":1500,""tradingsymbol"":""TECHM26FEB1500PE"",""instrument_token"":41581826,""bid"":22.45,""ask"":22.6,""mid"":22.525,""ltp"":22.525,""oi"":311400.0,""volume"":1288800.0,""spread_pct"":0.006659267480577232,""price_used"":22.6,""tag"":""long"",""iv"":0.2956685891819,""delta"":-0.5168784516898758,""gamma"":0.007608969168370364,""vega_1pct"":0.7061732806452412,""theta_day"":-1.907409685058245,""greeks_conf"":""high""}]",22.6,22.6,,,13560.0,5,VOLATILE,1.0,hard,DOWN,DOWN,,SHORT,True,PE,TECHM26FEB1500PE,NFO:TECHM26FEB1500PE,1500,-1.556909850157118,1.556909850157118,22.6,11.3,40.68000000000001,90,0.006659267480577232,22.45,22.6,22.525,22.525,,ask,0.2956685891819,1.0,1,high,-0.5168784516898758,0.7061732806452412,-1.907409685058245,600,0,0,0,False,1.0,NEUTRAL,0.3125,False,adx=28.2 | ivp=1.00 | dte=5 | spr=0.007 | fallback single-leg,LIVE signal,NONE,0.0,True,MID
TIINDIA,None,NSE:TIINDIA,2026-02-24,BULL_CALL_SPREAD,BULL_CALL_SPREAD,"[{""side"":""BUY"",""right"":""CE"",""strike"":2500,""tradingsymbol"":""TIINDIA26FEB2500CE"",""instrument_token"":36690946,""bid"":33.45,""ask"":34.55,""mid"":34.0,""ltp"":34.0,""oi"":351400.0,""volume"":737000.0,""spread_pct"":0.03235294117647042,""quote_ts"":""2026-02-19T12:34:17"",""price_used"":34.55,""tag"":""long"",""iv"":0.2753958614554406,""delta"":0.5207069225121528,""gamma"":0.0048833069744565975,""vega_1pct"":1.1802598102838007,""theta_day"":-3.381423527289113,""greeks_conf"":""high""},{""side"":""SELL"",""right"":""CE"",""strike"":2540,""tradingsymbol"":""TIINDIA26FEB2540CE"",""instrument_token"":41665026,""bid"":18.15,""ask"":19.05,""mid"":18.6,""ltp"":18.6,""oi"":38000.0,""volume"":234400.0,""spread_pct"":0.04838709677419366,""quote_ts"":""2026-02-19T12:34:16"",""price_used"":18.15,""tag"":""short"",""iv"":0.28527115702676775,""delta"":0.3378136556984406,""gamma"":0.004324927405272634,""vega_1pct"":1.0827865918889799,""theta_day"":-3.151108065059143,""greeks_conf"":""high""}]",16.4,16.4,2523.6,16.40,3279.9999999999995,5,VOLATILE,1.0,hard,UP,UP,,LONG,True,CE,TIINDIA26FEB2500CE,NFO:TIINDIA26FEB2500CE,2500,1.7592462164658793,1.7592462164658793,34.55,8.2,2035.2800000000002,90,0.03235294117647042,33.45,34.55,34.0,34.0,2026-02-19T12:34:17,ask,0.2753958614554406,1.0,1,high,0.1828932668137122,0.09747321839482082,-0.2303154622299699,200,0,0,0,False,1.0,NEUTRAL,0.3125,False,adx=39.0 | ivp=1.00 | dte=5 | spr=0.032 | volatile -> direction via debit spread,LIVE signal,NONE,0.0,True,MID
TITAN,None,NSE:TITAN,2026-02-24,BUY_CE,BUY_CE,"[{""side"":""BUY"",""right"":""CE"",""strike"":4240,""tradingsymbol"":""TITAN26FEB4240CE"",""instrument_token"":36953346,""bid"":30.85,""ask"":31.35,""mid"":31.1,""ltp"":31.1,""oi"":146825.0,""volume"":331975.0,""spread_pct"":0.01607717041800643,""quote_ts"":""2026-02-19T12:34:13"",""price_used"":31.35,""tag"":""long"",""iv"":0.13018347861742974,""delta"":0.5605943565776348,""gamma"":0.006022299564549913,""vega_1pct"":1.9833756806571166,""theta_day"":-2.9066815270188298,""greeks_conf"":""high""}]",31.35,31.35,,,5486.25,5,VOLATILE,1.0,hard,UP,UP,,LONG,False,CE,TITAN26FEB4240CE,NFO:TITAN26FEB4240CE,4240,1.0104991714589922,1.0104991714589922,31.35,15.675,56.43000000000001,90,0.01607717041800643,30.85,31.35,31.1,31.1,2026-02-19T12:34:13,ask,0.13018347861742974,1.0,1,high,0.5605943565776348,1.9833756806571166,-2.9066815270188298,175,0,0,0,False,1.0,NEUTRAL,0.3125,False,adx=13.8 | ivp=1.00 | dte=5 | spr=0.016 | watch-mode single-leg,Trend UP but ADX<18. Trigger LONG when ADX>=18 AND RSI>=52.,NONE,0.0,True,MID
TMPV,None,NSE:TMPV,2026-02-24,BUY_CE,BUY_CE,"[{""side"":""BUY"",""right"":""CE"",""strike"":375,""tradingsymbol"":""TMPV26FEB375CE"",""instrument_token"":41788930,""bid"":8.3,""ask"":8.4,""mid"":8.350000000000001,""ltp"":8.350000000000001,""oi"":809600.0,""volume"":546400.0,""spread_pct"":0.011976047904191572,""price_used"":8.4,""tag"":""long"",""iv"":0.24518108096885677,""delta"":0.7269408759287944,""gamma"":0.030036102736821457,""vega_1pct"":0.15013038861713204,""theta_day"":-0.403497943362646,""greeks_conf"":""high""}]",8.4,8.4,,,6720.0,5,VOLATILE,1.0,hard,UP,UP,,LONG,False,CE,TMPV26FEB375CE,NFO:TMPV26FEB375CE,375,1.1873736140664932,1.1873736140664932,8.4,4.2,15.120000000000001,90,0.011976047904191572,8.3,8.4,8.350000000000001,8.350000000000001,,ask,0.24518108096885677,1.0,1,high,0.7269408759287944,0.15013038861713204,-0.403497943362646,800,0,0,0,False,1.0,NEUTRAL,0.3125,False,adx=23.3 | ivp=1.00 | dte=5 | spr=0.012 | fallback single-leg,Trigger LONG when RSI closes >= 52 AND price closes above EMA_fast.,NONE,0.0,True,MID
TORNTPHARM,None,NSE:TORNTPHARM,2026-02-24,BULL_CALL_SPREAD,BULL_CALL_SPREAD,"[{""side"":""BUY"",""right"":""CE"",""strike"":4240,""tradingsymbol"":""TORNTPHARM26FEB4240CE"",""instrument_token"":41887234,""bid"":38.0,""ask"":39.05,""mid"":38.525,""ltp"":38.525,""oi"":51500.0,""volume"":253250.0,""spread_pct"":0.027255029201816928,""quote_ts"":""2026-02-19T12:34:19"",""price_used"":39.05,""tag"":""long"",""iv"":0.1894698227324486,""delta"":0.5093778988397566,""gamma"":0.004193314490192597,""vega_1pct"":2.0020855156060695,""theta_day"":-4.051503081399821,""greeks_conf"":""high""},{""side"":""SELL"",""right"":""CE"",""strike"":4280,""tradingsymbol"":""TORNTPHARM26FEB4280CE"",""instrument_token"":41888258,""bid"":24.25,""ask"":24.65,""mid"":24.45,""ltp"":24.45,""oi"":51250.0,""volume"":381500.0,""spread_pct"":0.01635991820040894,""quote_ts"":""2026-02-19T12:34:20"",""price_used"":24.25,""tag"":""short"",""iv"":0.20359850490427017,""delta"":0.3572472985672074,""gamma"":0.003650751887011442,""vega_1pct"":1.8730183958604372,""theta_day"":-3.96745497307404,""greeks_conf"":""high""}]",14.799999999999997,14.799999999999997,4265.2,14.80,3699.999999999999,5,VOLATILE,1.0,hard,UP,UP,,LONG,True,CE,TORNTPHARM26FEB4240CE,NFO:TORNTPHARM26FEB4240CE,4240,1.5085559709757101,1.5085559709757101,39.05,7.399999999999999,3426.96,90,0.027255029201816928,38.0,39.05,38.525,38.525,2026-02-19T12:34:19,ask,0.1894698227324486,1.0,1,high,0.1521306002725492,0.12906711974563234,-0.08404810832578136,250,0,0,0,False,1.0,NEUTRAL,0.3125,False,adx=25.7 | ivp=1.00 | dte=5 | spr=0.027 | volatile -> direction via debit spread,LIVE signal,NONE,0.0,True,MID
TORNTPOWER,None,NSE:TORNTPOWER,2026-02-24,BUY_CE,BUY_CE,"[{""side"":""BUY"",""right"":""CE"",""strike"":1520,""tradingsymbol"":""TORNTPOWER26FEB1520CE"",""instrument_token"":37380354,""bid"":16.1,""ask"":16.95,""mid"":16.525,""ltp"":16.525,""oi"":101150.0,""volume"":424575.0,""spread_pct"":0.05143721633888036,""quote_ts"":""2026-02-19T12:34:19"",""price_used"":16.95,""tag"":""long"",""iv"":0.2516517599115371,""delta"":0.4784294892088268,""gamma"":0.008816940915750556,""vega_1pct"":0.7152063098952308,""theta_day"":-1.873448777721219,""greeks_conf"":""high""}]",16.95,16.95,,,7203.75,5,VOLATILE,1.0,hard,UP,UP,,LONG,False,CE,TORNTPOWER26FEB1520CE,NFO:TORNTPOWER26FEB1520CE,1520,1.4908063768175683,1.4908063768175683,16.95,8.475,30.509999999999998,90,0.05143721633888036,16.1,16.95,16.525,16.525,2026-02-19T12:34:19,ask,0.2516517599115371,1.0,1,high,0.4784294892088268,0.7152063098952308,-1.873448777721219,425,0,0,0,False,1.0,NEUTRAL,0.3125,False,adx=39.4 | ivp=1.00 | dte=5 | spr=0.051 | watch-mode single-leg,Trigger LONG when RSI closes >= 52 AND price closes above EMA_fast.,NONE,0.0,True,MID
TRENT,None,NSE:TRENT,2026-02-24,BEAR_PUT_SPREAD,BEAR_PUT_SPREAD,"[{""side"":""BUY"",""right"":""PE"",""strike"":4050,""tradingsymbol"":""TRENT26FEB4050PE"",""instrument_token"":42040578,""bid"":40.35,""ask"":41.0,""mid"":40.675,""ltp"":40.675,""oi"":112700.0,""volume"":622000.0,""spread_pct"":0.01598033189920095,""quote_ts"":""2026-02-19T12:34:21"",""price_used"":41.0,""tag"":""long"",""iv"":0.2585420554695129,""delta"":-0.4334777732578857,""gamma"":0.0031593592215593724,""vega_1pct"":1.8945294001167066,""theta_day"":-4.485145386447122,""greeks_conf"":""high""},{""side"":""SELL"",""right"":""PE"",""strike"":3950,""tradingsymbol"":""TRENT26FEB3950PE"",""instrument_token"":42040066,""bid"":10.9,""ask"":11.15,""mid"":11.025,""ltp"":11.025,""oi"":196700.0,""volume"":274400.0,""spread_pct"":0.022675736961451247,""quote_ts"":""2026-02-19T12:34:14"",""price_used"":10.9,""tag"":""short"",""iv"":0.2600345554761886,""delta"":-0.16394442833919032,""gamma"":0.0019739503869101215,""vega_1pct"":1.190524784125016,""theta_day"":-2.9106858299740432,""greeks_conf"":""high""}]",30.1,30.1,69.9,4019.90,3010.0,5,VOLATILE,1.0,hard,DOWN,DOWN,,SHORT,True,PE,TRENT26FEB4050PE,NFO:TRENT26FEB4050PE,4050,-1.702030050604609,1.702030050604609,41.0,15.05,86.02000000000001,90,0.01598033189920095,40.35,41.0,40.675,40.675,2026-02-19T12:34:21,ask,0.2585420554695129,1.0,1,high,-0.2695333449186954,0.7040046159916906,-1.5744595564730783,100,0,0,0,False,1.0,NEUTRAL,0.3125,False,adx=36.0 | ivp=1.00 | dte=5 | spr=0.016 | volatile -> direction via debit spread,LIVE signal,NONE,0.0,True,MID
TVSMOTOR,None,NSE:TVSMOTOR,2026-02-24,BULL_CALL_SPREAD,BULL_CALL_SPREAD,"[{""side"":""BUY"",""right"":""CE"",""strike"":3880,""tradingsymbol"":""TVSMOTOR26FEB3880CE"",""instrument_token"":42140162,""bid"":33.7,""ask"":34.15,""mid"":33.925,""ltp"":33.925,""oi"":138950.0,""volume"":561050.0,""spread_pct"":0.013264554163596044,""quote_ts"":""2026-02-19T12:34:23"",""price_used"":34.15,""tag"":""long"",""iv"":0.17604447522830963,""delta"":0.5202579234857179,""gamma"":0.004924072837208018,""vega_1pct"":1.831270352503246,""theta_day"":-3.473343121925858,""greeks_conf"":""high""},{""side"":""SELL"",""right"":""CE"",""strike"":3920,""tradingsymbol"":""TVSMOTOR26FEB3920CE"",""instrument_token"":42140674,""bid"":19.35,""ask"":19.7,""mid"":19.525,""ltp"":19.525,""oi"":34825.0,""volume"":70525.0,""spread_pct"":0.017925736235595284,""quote_ts"":""2026-02-19T12:34:10"",""price_used"":19.35,""tag"":""short"",""iv"":0.18913603678846358,""delta"":0.3412716269665266,""gamma"":0.004220940648525428,""vega_1pct"":1.6865107961502388,""theta_day"":-3.3283114060167973,""greeks_conf"":""high""}]",14.799999999999997,14.799999999999997,3905.2,14.80,2589.9999999999995,5,VOLATILE,1.0,hard,UP,UP,,LONG,True,CE,TVSMOTOR26FEB3880CE,NFO:TVSMOTOR26FEB3880CE,3880,1.4419141472653136,1.4419141472653136,34.15,7.399999999999999,3138.96,90,0.013264554163596044,33.7,34.15,33.925,33.925,2026-02-19T12:34:23,ask,0.17604447522830963,1.0,1,high,0.1789862965191913,0.1447595563530073,-0.14503171590906083,175,0,0,0,False,1.0,NEUTRAL,0.3125,False,adx=22.1 | ivp=1.00 | dte=5 | spr=0.013 | volatile -> direction via debit spread,LIVE signal,NONE,0.0,True,MID
UNIONBANK,None,NSE:UNIONBANK,2026-02-24,BUY_CE,BUY_CE,"[{""side"":""BUY"",""right"":""CE"",""strike"":182,""tradingsymbol"":""UNIONBANK26FEB182.5CE"",""instrument_token"":42244610,""bid"":10.22,""ask"":10.35,""mid"":10.285,""ltp"":10.285,""oi"":721275.0,""volume"":177000.0,""spread_pct"":0.01263976665046174,""price_used"":10.35,""tag"":""long"",""iv"":0.5,""delta"":0.8466937034386613,""gamma"":0.02070919112419566,""vega_1pct"":0.054045254962131334,""theta_day"":-0.2886721901964794,""greeks_conf"":""low""}]",10.35,10.35,,,45798.75,5,VOLATILE,1.0,hard,UP,UP,,LONG,False,CE,UNIONBANK26FEB182.5CE,NFO:UNIONBANK26FEB182.5CE,182,1.0009113920395964,1.0009113920395964,10.35,5.175,18.63,90,0.01263976665046174,10.22,10.35,10.285,10.285,,ask,0.5,1.0,1,low,0.8466937034386613,0.054045254962131334,-0.2886721901964794,4425,0,0,0,False,1.0,NEUTRAL,0.3125,False,adx=22.7 | ivp=1.00 | dte=5 | spr=0.013 | fallback single-leg,Trigger LONG when RSI closes >= 52 AND price closes above EMA_fast.,NONE,0.0,True,MID
UNOMINDA,None,NSE:UNOMINDA,2026-02-24,BUY_PE,BUY_PE,"[{""side"":""BUY"",""right"":""PE"",""strike"":1220,""tradingsymbol"":""UNOMINDA26FEB1220PE"",""instrument_token"":42318594,""bid"":21.35,""ask"":22.25,""mid"":21.8,""ltp"":21.8,""oi"":102850.0,""volume"":10450.0,""spread_pct"":0.041284403669724704,""quote_ts"":""2026-02-19T12:34:14"",""price_used"":22.25,""tag"":""long"",""iv"":0.3042421195716858,""delta"":-0.5660621057375963,""gamma"":0.009015792212209401,""vega_1pct"":0.5643881808026951,""theta_day"":-1.5599808655637495,""greeks_conf"":""high""}]",22.25,22.25,,,12237.5,5,VOLATILE,1.0,hard,DOWN,DOWN,,SHORT,False,PE,UNOMINDA26FEB1220PE,NFO:UNOMINDA26FEB1220PE,1220,-1.0524318909325474,1.0524318909325474,22.25,11.125,40.050000000000004,90,0.041284403669724704,21.35,22.25,21.8,21.8,2026-02-19T12:34:14,ask,0.3042421195716858,1.0,1,high,-0.5660621057375963,0.5643881808026951,-1.5599808655637495,550,0,0,0,False,1.0,NEUTRAL,0.3125,False,adx=16.1 | ivp=1.00 | dte=5 | spr=0.041 | watch-mode single-leg,Trend DOWN but ADX<18. Trigger SHORT when ADX>=18 AND RSI<=48.,NONE,0.0,True,MID
UPL,None,NSE:UPL,2026-02-24,BUY_CE,BUY_CE,"[{""side"":""BUY"",""right"":""CE"",""strike"":750,""tradingsymbol"":""UPL26FEB750CE"",""instrument_token"":42347522,""bid"":11.7,""ask"":12.1,""mid"":11.899999999999999,""ltp"":11.899999999999999,""oi"":1329255.0,""volume"":1596190.0,""spread_pct"":0.033613445378151294,""price_used"":12.1,""tag"":""long"",""iv"":0.18870926761722567,""delta"":0.6996789819804224,""gamma"":0.020529317284222876,""vega_1pct"":0.312351263374626,""theta_day"":-0.6606345680778642,""greeks_conf"":""high""}]",12.1,12.1,,,16395.5,5,VOLATILE,1.0,hard,UP,UP,,LONG,True,CE,UPL26FEB750CE,NFO:UPL26FEB750CE,750,1.474501306254825,1.474501306254825,12.1,6.05,21.78,90,0.033613445378151294,11.7,12.1,11.899999999999999,11.899999999999999,,ask,0.18870926761722567,1.0,1,high,0.6996789819804224,0.312351263374626,-0.6606345680778642,1355,0,0,0,False,1.0,NEUTRAL,0.3125,False,adx=23.9 | ivp=1.00 | dte=5 | spr=0.034 | fallback single-leg,LIVE signal,NONE,0.0,True,MID
VBL,None,NSE:VBL,2026-02-24,BUY_CE,BUY_CE,"[{""side"":""BUY"",""right"":""CE"",""strike"":440,""tradingsymbol"":""VBL26FEB440CE"",""instrument_token"":39499010,""bid"":17.3,""ask"":17.65,""mid"":17.475,""ltp"":17.475,""oi"":450000.0,""volume"":48375.0,""spread_pct"":0.02002861230329029,""price_used"":17.65,""tag"":""long"",""iv"":0.2034769114532471,""delta"":0.9458736776139887,""gamma"":0.009974973712176574,""vega_1pct"":0.059444304333664016,""theta_day"":-0.18623853596289155,""greeks_conf"":""high""}]",17.65,17.65,,,19856.25,5,VOLATILE,1.0,hard,UP,UP,,LONG,False,CE,VBL26FEB440CE,NFO:VBL26FEB440CE,440,1.109851822567369,1.109851822567369,17.65,8.825,31.77,90,0.02002861230329029,17.3,17.65,17.475,17.475,,ask,0.2034769114532471,1.0,1,high,0.9458736776139887,0.059444304333664016,-0.18623853596289155,1125,0,0,0,False,1.0,NEUTRAL,0.3125,False,adx=19.1 | ivp=1.00 | dte=5 | spr=0.020 | fallback single-leg,Trigger LONG when RSI closes >= 52 AND price closes above EMA_fast.,NONE,0.0,True,MID
VOLTAS,None,NSE:VOLTAS,2026-02-24,BUY_CE,BUY_CE,"[{""side"":""BUY"",""right"":""CE"",""strike"":1540,""tradingsymbol"":""VOLTAS26FEB1540CE"",""instrument_token"":42470402,""bid"":14.95,""ask"":15.35,""mid"":15.149999999999999,""ltp"":15.149999999999999,""oi"":297375.0,""volume"":667875.0,""spread_pct"":0.026402640264026427,""quote_ts"":""2026-02-19T12:34:14"",""price_used"":15.35,""tag"":""long"",""iv"":0.2504429779572487,""delta"":0.44996652666597503,""gamma"":0.008706764976428786,""vega_1pct"":0.7184348167093816,""theta_day"":-1.8673134936841886,""greeks_conf"":""high""}]",15.35,15.35,,,5756.25,5,VOLATILE,1.0,hard,UP,UP,,LONG,False,CE,VOLTAS26FEB1540CE,NFO:VOLTAS26FEB1540CE,1540,1.1233314754389536,1.1233314754389536,15.35,7.675,27.63,90,0.026402640264026427,14.95,15.35,15.149999999999999,15.149999999999999,2026-02-19T12:34:14,ask,0.2504429779572487,1.0,1,high,0.44996652666597503,0.7184348167093816,-1.8673134936841886,375,0,0,0,False,1.0,NEUTRAL,0.3125,False,adx=19.9 | ivp=1.00 | dte=5 | spr=0.026 | watch-mode single-leg,Trigger LONG when RSI closes >= 52 AND price closes above EMA_fast.,NONE,0.0,True,MID
WAAREEENER,None,NSE:WAAREEENER,2026-02-24,BEAR_PUT_SPREAD,BEAR_PUT_SPREAD,"[{""side"":""BUY"",""right"":""PE"",""strike"":2900,""tradingsymbol"":""WAAREEENER26FEB2900PE"",""instrument_token"":42525954,""bid"":49.15,""ask"":50.15,""mid"":49.65,""ltp"":49.65,""oi"":90825.0,""volume"":540925.0,""spread_pct"":0.02014098690835851,""quote_ts"":""2026-02-19T12:34:15"",""price_used"":50.15,""tag"":""long"",""iv"":0.3961715369157791,""delta"":-0.46245789362402023,""gamma"":0.0029110970549829523,""vega_1pct"":1.367800787283803,""theta_day"":-5.060764792834517,""greeks_conf"":""high""},{""side"":""SELL"",""right"":""PE"",""strike"":2800,""tradingsymbol"":""WAAREEENER26FEB2800PE"",""instrument_token"":42524930,""bid"":16.15,""ask"":16.7,""mid"":16.424999999999997,""ltp"":16.424999999999997,""oi"":78050.0,""volume"":194600.0,""spread_pct"":0.03348554033485545,""quote_ts"":""2026-02-19T12:34:15"",""price_used"":16.15,""tag"":""short"",""iv"":0.4050037514121532,""delta"":-0.20478365502710572,""gamma"":0.002035809824617518,""vega_1pct"":0.9778655492226365,""theta_day"":-3.7656164045529743,""greeks_conf"":""high""}]",34.0,34.0,66.0,2866.00,5950.0,5,VOLATILE,1.0,hard,DOWN,DOWN,,SHORT,True,PE,WAAREEENER26FEB2900PE,NFO:WAAREEENER26FEB2900PE,2900,-1.5993391431911068,1.5993391431911068,50.15,17.0,86.80000000000001,90,0.02014098690835851,49.15,50.15,49.65,49.65,2026-02-19T12:34:15,ask,0.3961715369157791,1.0,1,high,-0.2576742385969145,0.3899352380611665,-1.2951483882815427,175,0,0,0,False,1.0,NEUTRAL,0.3125,False,adx=30.5 | ivp=1.00 | dte=5 | spr=0.020 | volatile -> direction via debit spread,LIVE signal,NONE,0.0,True,MID
WIPRO,None,NSE:WIPRO,2026-02-24,BUY_PE,BUY_PE,"[{""side"":""BUY"",""right"":""PE"",""strike"":220,""tradingsymbol"":""WIPRO26FEB220PE"",""instrument_token"":44204290,""bid"":8.29,""ask"":8.37,""mid"":8.329999999999998,""ltp"":8.329999999999998,""oi"":4335000.0,""volume"":441000.0,""spread_pct"":0.009603841536614656,""price_used"":8.37,""tag"":""long"",""iv"":0.30120943585205084,""delta"":-0.836336294256074,""gamma"":0.03262369194777935,""vega_1pct"":0.062049448104239825,""theta_day"":-0.15192031039973913,""greeks_conf"":""high""}]",8.37,8.37,,,25109.999999999996,5,VOLATILE,1.0,hard,DOWN,DOWN,,SHORT,True,PE,WIPRO26FEB220PE,NFO:WIPRO26FEB220PE,220,-1.5130517137944288,1.5130517137944288,8.37,4.185,15.065999999999999,90,0.009603841536614656,8.29,8.37,8.329999999999998,8.329999999999998,,ask,0.30120943585205084,1.0,1,high,-0.836336294256074,0.062049448104239825,-0.15192031039973913,3000,0,0,0,False,1.0,NEUTRAL,0.3125,False,adx=25.9 | ivp=1.00 | dte=5 | spr=0.010 | fallback single-leg,LIVE signal,NONE,0.0,True,MID
ZYDUSLIFE,None,NSE:ZYDUSLIFE,2026-02-24,BUY_CE,BUY_CE,"[{""side"":""BUY"",""right"":""CE"",""strike"":910,""tradingsymbol"":""ZYDUSLIFE26FEB910CE"",""instrument_token"":42615298,""bid"":8.3,""ask"":8.5,""mid"":8.4,""ltp"":8.4,""oi"":381600.0,""volume"":1105200.0,""spread_pct"":0.023809523809523725,""quote_ts"":""2026-02-19T12:34:15"",""price_used"":8.5,""tag"":""long"",""iv"":0.18757916377830502,""delta"":0.5175697179978872,""gamma"":0.01971266577600325,""vega_1pct"":0.42958319154278435,""theta_day"":-0.8626788351532956,""greeks_conf"":""high""}]",8.5,8.5,,,7650.0,5,VOLATILE,1.0,hard,UP,UP,,LONG,False,CE,ZYDUSLIFE26FEB910CE,NFO:ZYDUSLIFE26FEB910CE,910,1.2670987359311505,1.2670987359311505,8.5,4.25,15.3,90,0.023809523809523725,8.3,8.5,8.4,8.4,2026-02-19T12:34:15,ask,0.18757916377830502,1.0,1,high,0.5175697179978872,0.42958319154278435,-0.8626788351532956,900,0,0,0,False,1.0,NEUTRAL,0.3125,False,adx=27.5 | ivp=1.00 | dte=5 | spr=0.024 | watch-mode single-leg,Trigger LONG when RSI closes >= 52 AND price closes above EMA_fast.,NONE,0.0,True,MID
