Datetime,open,high,low,close,volume
2025-10-27 11:30:00+05:30,241.15,241.35,241.0,241.15,85967
2025-10-27 11:45:00+05:30,241.1,241.15,240.95,241.05,117356
2025-10-27 12:00:00+05:30,241.1,241.25,240.9,241.0,102146
2025-10-27 12:15:00+05:30,241.0,241.15,240.9,240.95,102181
2025-10-27 12:30:00+05:30,240.9,241.75,240.85,241.75,209025
2025-10-27 12:45:00+05:30,241.8,242.65,241.65,241.9,253330
2025-10-27 13:00:00+05:30,241.9,242.85,241.9,242.4,359856
2025-10-27 13:15:00+05:30,242.45,242.45,241.7,241.7,222467
2025-10-27 13:30:00+05:30,241.7,241.9,241.45,241.55,230686
2025-10-27 13:45:00+05:30,241.55,241.9,241.4,241.55,216048
2025-10-27 14:00:00+05:30,241.6,241.8,241.5,241.65,210105
2025-10-27 14:15:00+05:30,241.65,242.45,241.5,242.0,688594
2025-10-27 14:30:00+05:30,242.1,242.2,241.4,241.45,308438
2025-10-27 14:45:00+05:30,241.45,241.55,241.15,241.3,355131
2025-10-27 15:00:00+05:30,241.3,241.5,241.3,241.4,754706
2025-10-27 15:15:00+05:30,241.4,241.85,241.35,241.85,948654
2025-10-28 09:15:00+05:30,241.35,242.0,240.4,240.65,587377
2025-10-28 09:30:00+05:30,240.65,241.8,240.3,241.6,448422
2025-10-28 09:45:00+05:30,241.6,241.65,240.9,241.25,135815
2025-10-28 10:00:00+05:30,241.25,241.25,240.85,240.85,148195
2025-10-28 10:15:00+05:30,240.85,240.95,240.6,240.75,156107
2025-10-28 10:30:00+05:30,240.75,240.8,239.8,240.1,301477
2025-10-28 10:45:00+05:30,240.15,240.45,239.75,239.8,152884
2025-10-28 11:00:00+05:30,239.8,240.1,239.5,240.1,108915
2025-10-28 11:15:00+05:30,240.05,240.3,240.0,240.2,76852
2025-10-28 11:30:00+05:30,240.2,240.6,240.15,240.3,187829
2025-10-28 11:45:00+05:30,240.25,240.4,240.05,240.05,123882
2025-10-28 12:00:00+05:30,240.0,240.15,239.05,239.05,177105
2025-10-28 12:15:00+05:30,239.1,239.3,238.9,239.0,122364
2025-10-28 12:30:00+05:30,238.95,239.95,238.9,239.9,240082
2025-10-28 12:45:00+05:30,239.9,240.2,239.7,240.05,194734
2025-10-28 13:00:00+05:30,240.05,240.15,239.15,239.2,213245
2025-10-28 13:15:00+05:30,239.3,239.6,238.95,239.5,172200
2025-10-28 13:30:00+05:30,239.45,240.0,239.25,239.25,243530
2025-10-28 13:45:00+05:30,239.25,239.3,238.85,239.05,239743
2025-10-28 14:00:00+05:30,239.05,239.3,238.7,239.2,333186
2025-10-28 14:15:00+05:30,239.2,239.35,238.5,238.8,310767
2025-10-28 14:30:00+05:30,238.85,239.1,238.55,238.65,275017
2025-10-28 14:45:00+05:30,238.65,238.95,238.3,238.7,497096
2025-10-28 15:00:00+05:30,238.7,239.8,238.6,238.65,1542008
2025-10-28 15:15:00+05:30,238.8,238.9,238.4,238.9,1508737
2025-10-29 09:15:00+05:30,239.3,240.3,238.95,240.25,244164
2025-10-29 09:30:00+05:30,240.25,241.15,240.25,240.55,211927
2025-10-29 09:45:00+05:30,240.6,241.4,240.45,241.3,233117
2025-10-29 10:00:00+05:30,241.25,242.85,241.25,242.15,369501
2025-10-29 10:15:00+05:30,242.2,243.1,242.2,243.1,277163
2025-10-29 10:30:00+05:30,243.1,243.5,242.8,243.4,439327
2025-10-29 10:45:00+05:30,243.4,243.4,242.6,242.7,193331
2025-10-29 11:00:00+05:30,242.8,243.1,242.05,242.15,360128
2025-10-29 11:15:00+05:30,242.15,242.3,241.75,242.0,184356
2025-10-29 11:30:00+05:30,242.05,242.9,241.85,242.3,109339
2025-10-29 11:45:00+05:30,242.2,242.75,242.2,242.5,89343
2025-10-29 12:00:00+05:30,242.6,243.35,242.55,243.3,319098
2025-10-29 12:15:00+05:30,243.3,243.9,243.0,243.75,460857
2025-10-29 12:30:00+05:30,243.75,243.8,242.65,242.75,360633
2025-10-29 12:45:00+05:30,242.75,242.9,242.35,242.5,199225
2025-10-29 13:00:00+05:30,242.5,242.75,242.3,242.7,214505
2025-10-29 13:15:00+05:30,242.75,243.2,242.65,243.0,155246
2025-10-29 13:30:00+05:30,243.0,243.1,242.15,242.25,278655
2025-10-29 13:45:00+05:30,242.25,242.65,241.6,242.5,655291
2025-10-29 14:00:00+05:30,242.5,242.6,242.05,242.45,176878
2025-10-29 14:15:00+05:30,242.45,243.0,242.4,242.7,304248
2025-10-29 14:30:00+05:30,242.7,242.9,242.25,242.8,416353
2025-10-29 14:45:00+05:30,242.8,242.85,242.35,242.7,580796
2025-10-29 15:00:00+05:30,242.75,243.0,242.6,242.85,482068
2025-10-29 15:15:00+05:30,242.85,245.4,242.8,244.6,1465795
2025-10-30 09:15:00+05:30,244.6,244.6,241.9,243.45,322621
2025-10-30 09:30:00+05:30,243.4,243.45,242.5,242.65,172907
2025-10-30 09:45:00+05:30,242.65,242.9,242.05,242.25,138446
2025-10-30 10:00:00+05:30,242.3,243.2,242.3,243.1,102768
2025-10-30 10:15:00+05:30,243.2,243.7,242.25,242.55,274164
2025-10-30 10:30:00+05:30,242.45,242.9,242.25,242.6,126285
2025-10-30 10:45:00+05:30,242.6,243.3,242.25,242.9,154381
2025-10-30 11:00:00+05:30,242.9,243.3,242.7,243.2,116685
2025-10-30 11:15:00+05:30,243.2,243.95,243.05,243.55,268848
2025-10-30 11:30:00+05:30,243.5,244.05,243.3,243.7,183104
2025-10-30 11:45:00+05:30,243.7,243.9,242.95,243.1,129197
2025-10-30 12:00:00+05:30,243.05,243.2,242.7,242.9,105437
2025-10-30 12:15:00+05:30,242.85,243.2,242.7,242.9,60937
2025-10-30 12:30:00+05:30,243.0,243.2,242.65,242.75,152587
2025-10-30 12:45:00+05:30,242.85,243.0,242.55,242.6,233967
2025-10-30 13:00:00+05:30,242.6,242.65,242.15,242.25,167241
2025-10-30 13:15:00+05:30,242.3,242.6,242.2,242.35,107045
2025-10-30 13:30:00+05:30,242.4,242.55,241.65,242.0,202382
2025-10-30 13:45:00+05:30,242.0,242.4,241.7,242.35,190977
2025-10-30 14:00:00+05:30,242.25,242.5,242.1,242.5,200103
2025-10-30 14:15:00+05:30,242.5,243.0,242.25,242.45,258681
2025-10-30 14:30:00+05:30,242.55,242.8,242.15,242.35,291513
2025-10-30 14:45:00+05:30,242.4,242.75,242.05,242.1,368215
2025-10-30 15:00:00+05:30,242.2,242.8,242.2,242.75,408954
2025-10-30 15:15:00+05:30,242.75,243.0,242.65,242.95,502190
2025-10-31 09:15:00+05:30,242.9,243.7,242.4,243.4,264820
2025-10-31 09:30:00+05:30,243.45,244.1,243.3,244.05,189286
2025-10-31 09:45:00+05:30,244.05,244.1,243.4,243.5,156082
2025-10-31 10:00:00+05:30,243.55,243.6,242.95,243.0,83754
2025-10-31 10:15:00+05:30,243.0,243.0,242.7,242.8,80998
2025-10-31 10:30:00+05:30,242.8,242.8,241.55,241.8,182875
2025-10-31 10:45:00+05:30,241.75,242.2,241.65,242.05,81735
2025-10-31 11:00:00+05:30,242.0,242.3,241.8,242.1,165939
2025-10-31 11:15:00+05:30,242.1,242.2,241.8,241.8,51885
2025-10-31 11:30:00+05:30,241.85,242.7,241.8,242.7,136773
2025-10-31 11:45:00+05:30,242.7,242.7,242.05,242.6,158254
2025-10-31 12:00:00+05:30,242.6,243.9,242.4,243.5,474848
2025-10-31 12:15:00+05:30,243.5,243.7,242.95,243.05,238599
2025-10-31 12:30:00+05:30,242.95,243.45,242.8,243.3,194110
2025-10-31 12:45:00+05:30,243.3,245.35,243.3,245.35,722361
2025-10-31 13:00:00+05:30,245.25,245.95,244.7,245.1,408048
2025-10-31 13:15:00+05:30,245.1,245.15,244.2,244.35,264950
2025-10-31 13:30:00+05:30,244.35,244.65,244.15,244.15,181384
2025-10-31 13:45:00+05:30,244.15,244.2,243.55,243.7,228358
2025-10-31 14:00:00+05:30,243.7,244.6,243.65,244.4,187671
2025-10-31 14:15:00+05:30,244.4,244.55,243.95,244.2,223483
2025-10-31 14:30:00+05:30,244.2,244.45,244.15,244.15,247807
2025-10-31 14:45:00+05:30,244.15,244.15,243.4,243.45,353949
2025-10-31 15:00:00+05:30,243.6,243.9,243.3,243.55,888134
2025-10-31 15:15:00+05:30,243.55,244.15,243.2,243.9,986479
2025-11-03 09:15:00+05:30,243.2,245.25,242.5,245.15,441049
2025-11-03 09:30:00+05:30,245.1,246.5,244.65,245.15,544186
2025-11-03 09:45:00+05:30,245.15,245.3,244.2,244.5,239964
2025-11-03 10:00:00+05:30,244.5,245.6,244.5,245.1,133807
2025-11-03 10:15:00+05:30,245.0,245.1,244.6,244.95,94912
2025-11-03 10:30:00+05:30,244.9,245.4,244.65,245.2,93314
2025-11-03 10:45:00+05:30,245.2,245.35,244.9,245.05,67422
2025-11-03 11:00:00+05:30,245.0,245.8,244.75,245.45,174637
2025-11-03 11:15:00+05:30,245.4,245.55,245.15,245.45,80530
2025-11-03 11:30:00+05:30,245.45,245.6,244.95,245.1,81302
2025-11-03 11:45:00+05:30,245.05,245.55,244.85,245.1,87096
2025-11-03 12:00:00+05:30,245.1,245.3,244.85,244.85,55559
2025-11-03 12:15:00+05:30,244.85,245.1,244.7,245.0,51538
2025-11-03 12:30:00+05:30,245.05,245.3,244.85,245.15,98902
2025-11-03 12:45:00+05:30,245.25,245.75,244.95,245.35,140380
2025-11-03 13:00:00+05:30,245.35,245.6,245.15,245.3,79188
2025-11-03 13:15:00+05:30,245.3,245.3,244.55,245.0,191552
2025-11-03 13:30:00+05:30,245.05,245.45,244.9,245.1,233455
2025-11-03 13:45:00+05:30,245.05,245.1,244.6,245.1,242336
2025-11-03 14:00:00+05:30,245.05,245.45,244.85,245.1,276732
2025-11-03 14:15:00+05:30,245.15,245.45,244.9,245.1,344932
2025-11-03 14:30:00+05:30,245.2,245.4,245.0,245.3,218210
2025-11-03 14:45:00+05:30,245.4,245.4,244.8,245.05,334766
2025-11-03 15:00:00+05:30,245.05,245.9,245.0,245.9,409858
2025-11-03 15:15:00+05:30,245.9,246.0,245.05,245.45,676374
2025-11-04 09:15:00+05:30,244.2,245.1,243.25,244.9,1404431
2025-11-04 09:30:00+05:30,244.9,245.55,244.5,245.4,275095
2025-11-04 09:45:00+05:30,245.3,245.45,244.6,245.1,170790
2025-11-04 10:00:00+05:30,245.15,245.25,244.45,244.95,98439
2025-11-04 10:15:00+05:30,244.85,244.95,244.25,244.45,131909
2025-11-04 10:30:00+05:30,244.5,244.8,243.65,243.65,145467
2025-11-04 10:45:00+05:30,243.7,244.15,243.35,243.45,113978
2025-11-04 11:00:00+05:30,243.45,243.5,242.6,242.9,140245
2025-11-04 11:15:00+05:30,242.9,243.3,242.6,243.1,89441
2025-11-04 11:30:00+05:30,243.05,243.3,242.1,242.35,146749
2025-11-04 11:45:00+05:30,242.3,242.9,242.15,242.4,70303
2025-11-04 12:00:00+05:30,242.5,242.65,241.95,242.65,95942
2025-11-04 12:15:00+05:30,242.55,243.0,242.4,242.55,66815
2025-11-04 12:30:00+05:30,242.7,242.75,242.25,242.35,107611
2025-11-04 12:45:00+05:30,242.45,242.7,242.2,242.55,125981
2025-11-04 13:00:00+05:30,242.45,242.9,242.2,242.65,121341
2025-11-04 13:15:00+05:30,242.7,242.8,242.25,242.65,127854
2025-11-04 13:30:00+05:30,242.55,243.15,242.5,243.0,155559
2025-11-04 13:45:00+05:30,242.9,243.05,242.35,242.45,176791
2025-11-04 14:00:00+05:30,242.4,242.55,241.25,241.65,246587
2025-11-04 14:15:00+05:30,241.55,241.7,241.2,241.7,181211
2025-11-04 14:30:00+05:30,241.65,241.9,241.3,241.4,179790
2025-11-04 14:45:00+05:30,241.3,241.6,240.95,241.05,330865
2025-11-04 15:00:00+05:30,241.1,241.2,240.3,240.6,644807
2025-11-04 15:15:00+05:30,240.6,241.45,240.4,241.45,639414
2025-11-06 09:15:00+05:30,241.8,242.7,239.85,242.7,636528
2025-11-06 09:30:00+05:30,242.95,243.65,242.85,243.25,317600
2025-11-06 09:45:00+05:30,243.25,243.65,242.9,243.05,239929
2025-11-06 10:00:00+05:30,243.05,243.3,241.35,241.35,244716
2025-11-06 10:15:00+05:30,241.35,242.05,241.35,241.9,141331
2025-11-06 10:30:00+05:30,241.95,242.15,241.35,241.65,143930
2025-11-06 10:45:00+05:30,241.65,242.1,241.5,241.95,86284
2025-11-06 11:00:00+05:30,241.9,242.75,241.9,242.4,116493
2025-11-06 11:15:00+05:30,242.3,242.3,241.25,241.55,223468
2025-11-06 11:30:00+05:30,241.5,241.6,240.65,240.9,222349
2025-11-06 11:45:00+05:30,240.85,241.65,240.85,241.35,84871
2025-11-06 12:00:00+05:30,241.55,241.6,240.2,240.2,298159
2025-11-06 12:15:00+05:30,240.2,240.55,240.2,240.3,118170
2025-11-06 12:30:00+05:30,240.35,240.75,240.2,240.3,159133
2025-11-06 12:45:00+05:30,240.35,241.05,240.2,240.5,296391
2025-11-06 13:00:00+05:30,240.5,241.2,240.5,240.8,177581
2025-11-06 13:15:00+05:30,240.75,241.0,240.2,240.25,119665
2025-11-06 13:30:00+05:30,240.25,240.6,240.1,240.1,86868
2025-11-06 13:45:00+05:30,240.1,240.2,238.85,239.7,679253
2025-11-06 14:00:00+05:30,239.65,240.05,239.4,240.0,140365
2025-11-06 14:15:00+05:30,239.95,240.25,239.6,240.2,177344
2025-11-06 14:30:00+05:30,240.25,240.35,239.95,240.3,163515
2025-11-06 14:45:00+05:30,240.3,240.55,239.85,240.3,329742
2025-11-06 15:00:00+05:30,240.35,240.35,239.6,239.7,430456
2025-11-06 15:15:00+05:30,239.8,240.5,239.35,240.4,1318875
2025-11-07 09:15:00+05:30,238.4,239.4,238.4,238.6,242790
2025-11-07 09:30:00+05:30,238.75,240.2,238.6,240.05,199788
2025-11-07 09:45:00+05:30,240.1,240.2,239.1,239.5,235224
2025-11-07 10:00:00+05:30,239.5,239.7,239.0,239.35,97733
2025-11-07 10:15:00+05:30,239.35,239.85,239.3,239.55,135273
2025-11-07 10:30:00+05:30,239.55,240.2,239.25,240.05,90118
2025-11-07 10:45:00+05:30,240.05,240.45,240.0,240.3,158926
2025-11-07 11:00:00+05:30,240.3,241.05,240.3,240.95,117297
2025-11-07 11:15:00+05:30,240.95,241.45,240.8,241.4,106723
2025-11-07 11:30:00+05:30,241.3,241.55,240.8,241.15,141783
2025-11-07 11:45:00+05:30,241.15,241.4,240.5,240.8,130540
2025-11-07 12:00:00+05:30,240.8,240.9,240.45,240.55,79510
2025-11-07 12:15:00+05:30,240.45,240.7,240.3,240.45,70661
2025-11-07 12:30:00+05:30,240.45,240.65,240.2,240.65,81456
2025-11-07 12:45:00+05:30,240.6,240.8,240.35,240.75,93113
2025-11-07 13:00:00+05:30,240.65,241.25,240.6,241.2,80151
2025-11-07 13:15:00+05:30,241.15,241.75,241.05,241.75,129264
2025-11-07 13:30:00+05:30,241.75,241.85,241.05,241.2,207690
2025-11-07 13:45:00+05:30,241.2,241.4,240.95,241.0,73688
2025-11-07 14:00:00+05:30,241.0,241.05,240.45,240.7,131841
2025-11-07 14:15:00+05:30,240.7,241.2,240.5,240.9,107310
2025-11-07 14:30:00+05:30,240.9,241.15,240.85,241.1,94773
2025-11-07 14:45:00+05:30,241.0,241.05,239.9,240.0,345426
2025-11-07 15:00:00+05:30,240.0,240.5,239.5,240.25,422910
2025-11-07 15:15:00+05:30,240.25,241.05,240.2,241.05,852053
2025-11-10 09:15:00+05:30,240.3,242.85,240.15,242.85,393334
2025-11-10 09:30:00+05:30,242.85,243.65,242.85,243.3,510256
2025-11-10 09:45:00+05:30,243.35,243.35,242.85,243.05,217982
2025-11-10 10:00:00+05:30,243.05,243.35,242.55,242.65,224382
2025-11-10 10:15:00+05:30,242.65,243.05,242.05,242.1,177681
2025-11-10 10:30:00+05:30,242.05,242.1,240.85,241.0,789509
2025-11-10 10:45:00+05:30,241.0,241.1,239.6,240.2,397613
2025-11-10 11:00:00+05:30,240.15,240.45,239.85,240.05,89981
2025-11-10 11:15:00+05:30,240.05,240.45,239.5,240.2,222450
2025-11-10 11:30:00+05:30,240.25,240.3,240.1,240.2,57513
2025-11-10 11:45:00+05:30,240.2,240.35,239.85,239.95,76357
2025-11-10 12:00:00+05:30,239.85,240.05,238.95,239.85,300761
2025-11-10 12:15:00+05:30,239.95,239.95,239.4,239.5,129090
2025-11-10 12:30:00+05:30,239.5,240.1,238.9,239.55,1129937
2025-11-10 12:45:00+05:30,239.55,239.65,237.95,239.0,436277
2025-11-10 13:00:00+05:30,239.05,239.7,238.8,239.6,167503
2025-11-10 13:15:00+05:30,239.6,240.05,239.35,240.05,147740
2025-11-10 13:30:00+05:30,240.05,240.25,239.6,239.6,134243
2025-11-10 13:45:00+05:30,239.6,239.85,239.35,239.8,135555
2025-11-10 14:00:00+05:30,239.75,240.1,239.65,239.8,290980
2025-11-10 14:15:00+05:30,239.7,240.2,239.7,240.1,256896
2025-11-10 14:30:00+05:30,240.0,240.2,239.55,239.55,184052
2025-11-10 14:45:00+05:30,239.65,239.7,239.15,239.35,147061
2025-11-10 15:00:00+05:30,239.45,239.9,239.35,239.7,244899
2025-11-10 15:15:00+05:30,239.75,239.9,239.35,239.85,523398
2025-11-11 09:15:00+05:30,242.4,242.4,238.35,240.2,2199670
2025-11-11 09:30:00+05:30,240.25,241.15,238.6,238.7,650593
2025-11-11 09:45:00+05:30,238.65,238.95,237.1,238.1,817719
2025-11-11 10:00:00+05:30,238.2,238.5,237.55,237.6,356404
2025-11-11 10:15:00+05:30,237.7,237.85,236.75,236.95,307935
2025-11-11 10:30:00+05:30,236.95,237.05,235.55,236.2,403048
2025-11-11 10:45:00+05:30,236.15,236.5,235.05,235.95,1686148
2025-11-11 11:00:00+05:30,235.95,236.15,235.35,235.75,519302
2025-11-11 11:15:00+05:30,235.75,236.45,235.45,235.8,494632
2025-11-11 11:30:00+05:30,235.85,235.85,234.6,235.5,358060
2025-11-11 11:45:00+05:30,235.4,235.95,235.15,235.75,306380
2025-11-11 12:00:00+05:30,235.6,236.35,235.55,235.65,389569
2025-11-11 12:15:00+05:30,235.65,235.95,235.45,235.8,388463
2025-11-11 12:30:00+05:30,235.8,236.3,235.55,235.9,566231
2025-11-11 12:45:00+05:30,235.8,236.0,235.45,235.55,463649
2025-11-11 13:00:00+05:30,235.55,235.65,235.35,235.55,195703
2025-11-11 13:15:00+05:30,235.45,236.45,235.35,236.05,897756
2025-11-11 13:30:00+05:30,236.15,236.8,235.9,236.5,492368
2025-11-11 13:45:00+05:30,236.5,237.35,236.5,236.95,566690
2025-11-11 14:00:00+05:30,237.1,237.4,236.9,237.25,359053
2025-11-11 14:15:00+05:30,237.15,237.25,236.85,237.0,421712
2025-11-11 14:30:00+05:30,237.05,237.3,236.25,236.55,539344
2025-11-11 14:45:00+05:30,236.55,237.35,236.3,237.3,531798
2025-11-11 15:00:00+05:30,237.4,238.1,237.35,237.85,1189225
2025-11-11 15:15:00+05:30,237.9,238.4,237.9,238.3,870518
2025-11-12 09:15:00+05:30,240.9,243.6,238.3,243.35,2577514
2025-11-12 09:30:00+05:30,243.3,243.75,242.35,242.5,1149129
2025-11-12 09:45:00+05:30,242.5,242.9,241.75,241.85,775924
2025-11-12 10:00:00+05:30,241.85,242.2,241.15,241.25,593311
2025-11-12 10:15:00+05:30,241.35,241.75,241.15,241.5,299365
2025-11-12 10:30:00+05:30,241.45,242.4,241.45,242.3,390425
2025-11-12 10:45:00+05:30,242.25,242.45,241.75,241.75,328945
2025-11-12 11:00:00+05:30,241.8,242.2,241.65,242.2,265628
2025-11-12 11:15:00+05:30,242.2,242.2,242.1,242.15,147959
2025-11-12 11:30:00+05:30,242.15,242.15,241.65,241.65,158189
2025-11-12 11:45:00+05:30,241.75,241.95,241.55,241.9,179035
2025-11-12 12:00:00+05:30,241.9,242.15,241.6,241.75,525445
2025-11-12 12:15:00+05:30,241.75,241.95,241.65,241.9,144429
2025-11-12 12:30:00+05:30,241.8,242.3,241.7,242.1,587845
2025-11-12 12:45:00+05:30,242.1,242.2,241.85,242.2,122097
2025-11-12 13:00:00+05:30,242.2,242.25,242.05,242.2,178525
2025-11-12 13:15:00+05:30,242.2,242.2,242.0,242.15,162269
2025-11-12 13:30:00+05:30,242.15,242.2,242.0,242.2,267944
2025-11-12 13:45:00+05:30,242.2,242.2,242.15,242.2,171304
2025-11-12 14:00:00+05:30,242.2,242.2,241.75,242.0,255810
2025-11-12 14:15:00+05:30,242.0,242.0,241.6,241.75,313962
2025-11-12 14:30:00+05:30,241.75,242.05,241.65,241.8,430110
2025-11-12 14:45:00+05:30,241.75,242.0,241.65,241.9,539303
2025-11-12 15:00:00+05:30,242.05,242.2,242.05,242.2,509681
2025-11-12 15:15:00+05:30,242.15,242.4,241.75,242.4,764659
2025-11-13 09:15:00+05:30,241.95,241.95,235.85,237.75,2677946
2025-11-13 09:30:00+05:30,237.75,238.6,237.25,237.6,1290019
2025-11-13 09:45:00+05:30,237.55,238.15,237.45,237.95,519362
2025-11-13 10:00:00+05:30,237.9,238.6,237.75,238.05,550688
2025-11-13 10:15:00+05:30,238.05,238.4,237.45,238.35,434655
2025-11-13 10:30:00+05:30,238.35,238.4,238.25,238.25,244885
2025-11-13 10:45:00+05:30,238.25,239.0,238.25,238.85,304718
2025-11-13 11:00:00+05:30,238.85,239.05,238.45,239.05,422686
2025-11-13 11:15:00+05:30,239.05,239.05,238.65,238.9,218672
2025-11-13 11:30:00+05:30,238.9,239.1,238.8,239.0,174003
2025-11-13 11:45:00+05:30,239.05,239.35,239.0,239.35,225087
2025-11-13 12:00:00+05:30,239.4,239.75,239.25,239.75,250391
2025-11-13 12:15:00+05:30,239.7,239.85,239.25,239.45,320538
2025-11-13 12:30:00+05:30,239.45,239.55,239.05,239.05,244078
2025-11-13 12:45:00+05:30,238.9,239.25,238.55,239.15,274378
2025-11-13 13:00:00+05:30,239.25,239.55,239.2,239.35,270603
2025-11-13 13:15:00+05:30,239.45,239.7,239.3,239.65,171672
2025-11-13 13:30:00+05:30,239.65,239.85,239.4,239.75,215549
2025-11-13 13:45:00+05:30,239.75,239.75,239.0,239.0,259481
2025-11-13 14:00:00+05:30,239.05,239.15,238.4,238.65,579227
2025-11-13 14:15:00+05:30,238.6,239.25,238.5,239.25,304714
2025-11-13 14:30:00+05:30,239.25,239.55,239.0,239.5,473610
2025-11-13 14:45:00+05:30,239.45,239.6,239.0,239.05,437015
2025-11-13 15:00:00+05:30,239.05,239.05,238.75,239.05,732642
2025-11-13 15:15:00+05:30,239.05,240.0,238.95,239.9,1328966
2025-11-14 09:15:00+05:30,239.85,242.2,239.45,242.05,1029455
2025-11-14 09:30:00+05:30,242.15,243.9,242.0,242.95,944565
2025-11-14 09:45:00+05:30,242.95,243.4,242.35,242.7,296299
2025-11-14 10:00:00+05:30,242.8,242.8,241.85,242.05,267968
2025-11-14 10:15:00+05:30,242.05,242.3,241.45,241.55,199184
2025-11-14 10:30:00+05:30,241.55,241.55,240.85,241.2,233308
2025-11-14 10:45:00+05:30,241.2,242.6,241.15,242.35,212632
2025-11-14 11:00:00+05:30,242.45,242.75,242.0,242.45,450004
2025-11-14 11:15:00+05:30,242.4,242.65,242.1,242.4,112468
2025-11-14 11:30:00+05:30,242.4,242.45,242.05,242.4,143082
2025-11-14 11:45:00+05:30,242.4,242.9,242.25,242.3,119332
2025-11-14 12:00:00+05:30,242.25,242.8,242.25,242.8,72193
2025-11-14 12:15:00+05:30,242.75,243.3,242.75,243.3,183122
2025-11-14 12:30:00+05:30,243.25,243.3,242.85,243.15,138076
2025-11-14 12:45:00+05:30,243.1,243.15,242.65,242.75,106341
2025-11-14 13:00:00+05:30,242.75,242.8,241.9,241.95,147611
2025-11-14 13:15:00+05:30,241.95,242.15,241.3,241.65,192100
2025-11-14 13:30:00+05:30,241.7,241.75,241.4,241.5,114894
2025-11-14 13:45:00+05:30,241.5,241.7,241.2,241.55,196214
2025-11-14 14:00:00+05:30,241.55,241.7,241.2,241.3,104723
2025-11-14 14:15:00+05:30,241.3,241.3,240.65,240.9,251642
2025-11-14 14:30:00+05:30,240.85,241.15,240.75,241.1,261378
2025-11-14 14:45:00+05:30,241.1,241.45,240.9,241.2,208466
2025-11-14 15:00:00+05:30,241.2,242.45,241.2,242.25,1785652
2025-11-14 15:15:00+05:30,242.35,242.7,241.65,241.8,1310109
2025-11-17 09:15:00+05:30,241.9,243.2,241.75,242.8,303974
2025-11-17 09:30:00+05:30,242.8,243.95,242.7,243.0,478014
2025-11-17 09:45:00+05:30,243.0,243.1,242.3,242.65,248697
2025-11-17 10:00:00+05:30,242.75,243.5,242.75,243.2,215740
2025-11-17 10:15:00+05:30,243.2,243.7,243.0,243.2,238951
2025-11-17 10:30:00+05:30,243.1,243.25,242.6,243.15,160040
2025-11-17 10:45:00+05:30,243.2,243.3,242.85,243.05,107735
2025-11-17 11:00:00+05:30,243.1,243.4,242.8,243.3,209026
2025-11-17 11:15:00+05:30,243.4,243.55,242.85,242.85,284520
2025-11-17 11:30:00+05:30,242.85,243.4,242.7,243.35,500871
2025-11-17 11:45:00+05:30,243.35,243.55,242.85,243.3,502376
2025-11-17 12:00:00+05:30,243.4,243.5,243.0,243.15,121801
2025-11-17 12:15:00+05:30,243.15,243.2,242.7,242.8,132638
2025-11-17 12:30:00+05:30,242.7,242.8,242.4,242.5,123503
2025-11-17 12:45:00+05:30,242.55,242.75,242.2,242.2,159146
2025-11-17 13:00:00+05:30,242.3,242.45,242.0,242.1,193141
2025-11-17 13:15:00+05:30,242.25,242.45,242.1,242.15,144254
2025-11-17 13:30:00+05:30,242.15,242.7,242.1,242.25,210193
2025-11-17 13:45:00+05:30,242.2,242.4,241.95,242.1,113438
2025-11-17 14:00:00+05:30,242.1,242.3,241.85,242.05,202826
2025-11-17 14:15:00+05:30,242.05,242.15,241.8,242.0,204776
2025-11-17 14:30:00+05:30,242.0,242.25,241.9,242.0,105611
2025-11-17 14:45:00+05:30,241.95,242.2,241.85,242.0,256347
2025-11-17 15:00:00+05:30,242.0,242.25,241.85,242.15,460157
2025-11-17 15:15:00+05:30,242.15,242.8,242.15,242.7,570351
2025-11-18 09:15:00+05:30,241.3,243.25,241.25,243.0,490926
2025-11-18 09:30:00+05:30,243.0,243.7,242.85,243.35,254353
2025-11-18 09:45:00+05:30,243.4,243.4,242.25,242.3,277173
2025-11-18 10:00:00+05:30,242.3,242.65,241.95,242.15,304840
2025-11-18 10:15:00+05:30,242.15,242.5,242.05,242.3,136390
2025-11-18 10:30:00+05:30,242.25,242.3,241.7,241.85,331329
2025-11-18 10:45:00+05:30,242.0,242.3,241.85,242.05,92107
2025-11-18 11:00:00+05:30,242.05,242.9,242.0,242.55,185813
2025-11-18 11:15:00+05:30,242.6,242.9,242.45,242.45,98298
2025-11-18 11:30:00+05:30,242.5,242.7,242.3,242.45,773743
2025-11-18 11:45:00+05:30,242.5,242.8,242.45,242.75,314947
2025-11-18 12:00:00+05:30,242.75,242.85,242.3,242.75,440220
2025-11-18 12:15:00+05:30,242.85,242.85,242.25,242.35,118445
2025-11-18 12:30:00+05:30,242.3,242.4,241.8,241.95,220267
2025-11-18 12:45:00+05:30,242.0,242.05,241.75,241.9,108583
2025-11-18 13:00:00+05:30,241.9,241.95,241.75,241.75,125854
2025-11-18 13:15:00+05:30,241.85,241.85,241.55,241.75,130827
2025-11-18 13:30:00+05:30,241.75,241.85,241.45,241.75,247704
2025-11-18 13:45:00+05:30,241.65,241.85,241.5,241.5,149738
2025-11-18 14:00:00+05:30,241.6,241.85,241.4,241.6,332147
2025-11-18 14:15:00+05:30,241.6,241.8,241.35,241.5,231678
2025-11-18 14:30:00+05:30,241.6,241.7,241.3,241.45,253349
2025-11-18 14:45:00+05:30,241.45,241.45,241.15,241.15,196188
2025-11-18 15:00:00+05:30,241.15,241.5,241.0,241.4,819756
2025-11-18 15:15:00+05:30,241.4,241.45,240.65,241.2,1035924
2025-11-19 09:15:00+05:30,241.25,241.9,239.75,241.4,1081342
2025-11-19 09:30:00+05:30,241.15,241.7,240.95,241.5,298530
2025-11-19 09:45:00+05:30,241.5,241.65,240.85,241.55,139154
2025-11-19 10:00:00+05:30,241.55,241.8,241.4,241.75,154508
2025-11-19 10:15:00+05:30,241.75,241.8,241.1,241.15,151740
2025-11-19 10:30:00+05:30,241.2,241.3,240.95,241.15,129640
2025-11-19 10:45:00+05:30,241.15,241.55,240.95,241.2,148220
2025-11-19 11:00:00+05:30,241.3,241.45,241.15,241.3,141313
2025-11-19 11:15:00+05:30,241.3,241.5,241.15,241.35,126216
2025-11-19 11:30:00+05:30,241.4,241.75,241.2,241.7,104785
2025-11-19 11:45:00+05:30,241.7,241.7,241.25,241.3,117899
2025-11-19 12:00:00+05:30,241.3,242.7,241.25,242.5,209211
2025-11-19 12:15:00+05:30,242.55,242.95,242.55,242.75,473946
2025-11-19 12:30:00+05:30,242.75,243.5,242.6,243.35,271878
2025-11-19 12:45:00+05:30,243.3,243.4,243.15,243.3,386616
2025-11-19 13:00:00+05:30,243.3,243.65,243.3,243.5,163099
2025-11-19 13:15:00+05:30,243.55,243.55,243.3,243.3,159411
2025-11-19 13:30:00+05:30,243.3,243.75,243.3,243.7,158330
2025-11-19 13:45:00+05:30,243.75,244.55,243.7,244.2,480211
2025-11-19 14:00:00+05:30,244.25,244.5,243.9,244.05,342602
2025-11-19 14:15:00+05:30,244.05,244.3,244.05,244.2,186631
2025-11-19 14:30:00+05:30,244.15,244.25,243.95,244.05,286314
2025-11-19 14:45:00+05:30,244.05,244.15,243.4,243.5,207117
2025-11-19 15:00:00+05:30,243.45,243.6,243.35,243.35,407741
2025-11-19 15:15:00+05:30,243.35,243.45,242.9,243.05,622178
2025-11-20 09:15:00+05:30,243.3,243.8,241.9,242.65,419195
2025-11-20 09:30:00+05:30,242.65,243.35,242.65,243.0,421709
2025-11-20 09:45:00+05:30,242.9,243.35,242.85,243.1,245306
2025-11-20 10:00:00+05:30,243.1,243.65,243.1,243.55,188466
2025-11-20 10:15:00+05:30,243.55,244.25,243.3,244.25,381899
2025-11-20 10:30:00+05:30,244.25,245.1,244.15,244.9,490983
2025-11-20 10:45:00+05:30,244.85,245.35,244.35,244.75,584813
2025-11-20 11:00:00+05:30,244.75,244.9,244.3,244.35,365961
2025-11-20 11:15:00+05:30,244.4,244.4,244.05,244.25,224545
2025-11-20 11:30:00+05:30,244.25,244.55,244.2,244.3,261962
2025-11-20 11:45:00+05:30,244.4,244.55,243.8,243.9,200708
2025-11-20 12:00:00+05:30,243.9,244.1,243.55,243.65,148596
2025-11-20 12:15:00+05:30,243.65,243.75,243.55,243.65,85535
2025-11-20 12:30:00+05:30,243.75,243.75,243.15,243.15,182063
2025-11-20 12:45:00+05:30,243.3,243.55,243.15,243.4,113913
2025-11-20 13:00:00+05:30,243.4,243.5,243.0,243.0,172475
2025-11-20 13:15:00+05:30,243.0,243.35,243.0,243.35,92702
2025-11-20 13:30:00+05:30,243.35,243.75,243.3,243.7,148345
2025-11-20 13:45:00+05:30,243.75,244.05,243.4,243.95,130693
2025-11-20 14:00:00+05:30,243.95,244.0,243.8,243.85,101882
2025-11-20 14:15:00+05:30,243.85,244.1,243.35,243.4,293260
2025-11-20 14:30:00+05:30,243.4,243.55,242.95,243.0,170648
2025-11-20 14:45:00+05:30,243.05,243.15,242.7,242.75,346647
2025-11-20 15:00:00+05:30,242.75,242.95,242.05,242.25,552923
2025-11-20 15:15:00+05:30,242.3,242.75,242.1,242.1,580810
2025-11-21 09:15:00+05:30,241.35,242.2,241.1,241.65,251624
2025-11-21 09:30:00+05:30,241.7,242.4,241.6,241.7,151444
2025-11-21 09:45:00+05:30,241.6,242.2,241.6,242.1,156559
2025-11-21 10:00:00+05:30,242.1,242.6,242.05,242.15,174355
2025-11-21 10:15:00+05:30,242.25,242.25,240.95,241.05,362701
2025-11-21 10:30:00+05:30,241.05,241.55,241.05,241.25,147111
2025-11-21 10:45:00+05:30,241.3,241.55,241.2,241.4,157874
2025-11-21 11:00:00+05:30,241.4,242.4,241.25,242.4,257762
2025-11-21 11:15:00+05:30,242.4,242.55,242.15,242.4,223443
2025-11-21 11:30:00+05:30,242.4,242.55,241.85,242.15,305874
2025-11-21 11:45:00+05:30,242.15,242.45,242.1,242.3,151375
2025-11-21 12:00:00+05:30,242.3,242.6,242.3,242.5,183759
2025-11-21 12:15:00+05:30,242.5,242.55,242.3,242.35,143959
2025-11-21 12:30:00+05:30,242.4,242.5,242.3,242.35,189208
2025-11-21 12:45:00+05:30,242.35,242.5,242.3,242.4,170524
2025-11-21 13:00:00+05:30,242.45,242.5,241.7,241.7,401958
2025-11-21 13:15:00+05:30,241.8,242.35,241.7,242.25,397892
2025-11-21 13:30:00+05:30,242.05,242.2,241.05,241.15,187011
2025-11-21 13:45:00+05:30,241.15,241.5,241.15,241.45,197654
2025-11-21 14:00:00+05:30,241.5,241.55,241.25,241.25,206747
2025-11-21 14:15:00+05:30,241.25,241.6,241.25,241.45,224920
2025-11-21 14:30:00+05:30,241.45,241.6,241.25,241.25,250590
2025-11-21 14:45:00+05:30,241.2,241.45,241.05,241.1,263301
2025-11-21 15:00:00+05:30,241.15,241.6,240.75,241.1,1096408
2025-11-21 15:15:00+05:30,241.1,242.05,240.55,240.7,1319760
2025-11-24 09:15:00+05:30,241.25,241.75,239.6,240.4,478388
2025-11-24 09:30:00+05:30,240.45,240.9,240.3,240.85,253531
2025-11-24 09:45:00+05:30,240.8,241.0,240.65,240.7,189609
2025-11-24 10:00:00+05:30,240.7,241.05,240.55,240.85,114154
2025-11-24 10:15:00+05:30,240.95,240.95,239.2,240.3,583342
2025-11-24 10:30:00+05:30,240.25,240.65,240.25,240.4,237615
2025-11-24 10:45:00+05:30,240.4,240.55,240.25,240.3,149314
2025-11-24 11:00:00+05:30,240.25,240.45,240.1,240.25,192779
2025-11-24 11:15:00+05:30,240.25,240.25,239.85,240.0,75341
2025-11-24 11:30:00+05:30,240.1,240.5,239.95,240.25,205256
2025-11-24 11:45:00+05:30,240.25,240.45,239.45,240.25,452020
2025-11-24 12:00:00+05:30,240.35,240.8,240.2,240.45,824744
2025-11-24 12:15:00+05:30,240.5,241.15,240.25,240.75,686185
2025-11-24 12:30:00+05:30,240.75,240.85,240.35,240.7,408991
2025-11-24 12:45:00+05:30,240.7,240.7,240.3,240.45,210648
2025-11-24 13:00:00+05:30,240.45,240.55,239.8,240.0,239131
2025-11-24 13:15:00+05:30,240.0,240.25,239.85,239.85,125285
2025-11-24 13:30:00+05:30,239.9,240.1,239.75,239.9,146262
2025-11-24 13:45:00+05:30,239.9,240.0,239.4,239.55,176800
2025-11-24 14:00:00+05:30,239.6,239.7,239.3,239.3,224725
2025-11-24 14:15:00+05:30,239.3,239.55,239.25,239.4,160554
2025-11-24 14:30:00+05:30,239.4,239.6,239.35,239.45,210384
2025-11-24 14:45:00+05:30,239.45,239.9,239.25,239.85,304064
2025-11-24 15:00:00+05:30,239.8,240.75,239.6,239.85,4705063
2025-11-24 15:15:00+05:30,239.8,240.75,238.7,240.1,4442731
2025-11-25 09:15:00+05:30,240.1,240.6,239.0,239.3,245208
2025-11-25 09:30:00+05:30,239.35,239.5,239.1,239.15,110032
2025-11-25 09:45:00+05:30,239.15,239.5,239.05,239.05,88256
2025-11-25 10:00:00+05:30,239.05,240.2,239.05,240.15,127568
2025-11-25 10:15:00+05:30,240.15,241.15,240.05,241.05,178313
2025-11-25 10:30:00+05:30,241.05,241.3,240.75,241.05,163475
2025-11-25 10:45:00+05:30,241.05,241.5,240.75,241.3,829621
2025-11-25 11:00:00+05:30,241.3,241.4,241.05,241.3,512573
2025-11-25 11:15:00+05:30,241.4,241.4,241.15,241.35,414618
2025-11-25 11:30:00+05:30,241.35,241.4,241.25,241.3,379309
2025-11-25 11:45:00+05:30,241.25,241.7,241.25,241.5,459995
2025-11-25 12:00:00+05:30,241.5,241.6,241.25,241.6,382006
2025-11-25 12:15:00+05:30,241.6,241.8,241.45,241.5,752550
2025-11-25 12:30:00+05:30,241.5,241.6,241.1,241.15,200123
2025-11-25 12:45:00+05:30,241.15,241.15,240.75,240.85,211204
2025-11-25 13:00:00+05:30,240.9,241.0,240.55,240.85,220512
2025-11-25 13:15:00+05:30,240.85,240.95,240.25,240.45,204597
2025-11-25 13:30:00+05:30,240.35,240.55,240.15,240.35,219323
2025-11-25 13:45:00+05:30,240.35,240.65,240.25,240.4,171165
2025-11-25 14:00:00+05:30,240.5,240.55,240.3,240.35,180214
2025-11-25 14:15:00+05:30,240.35,240.7,239.9,239.95,314828
2025-11-25 14:30:00+05:30,239.95,240.45,239.85,240.2,325972
2025-11-25 14:45:00+05:30,240.2,240.35,239.8,239.95,333885
2025-11-25 15:00:00+05:30,239.95,240.25,239.55,239.6,1037081
2025-11-25 15:15:00+05:30,239.6,239.9,239.05,239.15,899931
2025-11-26 09:15:00+05:30,239.7,240.45,239.4,240.45,195053
2025-11-26 09:30:00+05:30,240.35,240.75,239.6,240.75,180513
2025-11-26 09:45:00+05:30,240.65,241.75,240.65,241.7,276112
2025-11-26 10:00:00+05:30,241.75,241.95,241.3,241.4,138897
2025-11-26 10:15:00+05:30,241.5,241.9,241.45,241.8,63907
2025-11-26 10:30:00+05:30,241.8,242.25,241.25,241.3,130092
2025-11-26 10:45:00+05:30,241.6,241.75,241.3,241.3,51355
2025-11-26 11:00:00+05:30,241.4,241.7,241.3,241.45,44517
2025-11-26 11:15:00+05:30,241.45,241.7,241.45,241.6,30769
2025-11-26 11:30:00+05:30,241.6,242.0,241.55,241.7,150850
2025-11-26 11:45:00+05:30,241.7,241.8,241.4,241.5,82912
2025-11-26 12:00:00+05:30,241.5,242.0,241.45,242.0,113272
2025-11-26 12:15:00+05:30,242.0,242.0,241.5,241.6,67824
2025-11-26 12:30:00+05:30,241.6,241.7,241.3,241.65,118450
2025-11-26 12:45:00+05:30,241.7,241.85,241.6,241.7,60761
2025-11-26 13:00:00+05:30,241.7,242.25,241.6,241.7,129380
2025-11-26 13:15:00+05:30,241.7,241.95,241.5,241.65,91225
2025-11-26 13:30:00+05:30,241.65,242.15,241.5,241.9,171840
2025-11-26 13:45:00+05:30,241.95,242.15,241.9,241.9,254145
2025-11-26 14:00:00+05:30,241.85,241.95,241.15,241.3,712252
2025-11-26 14:15:00+05:30,241.3,241.85,241.25,241.55,491767
2025-11-26 14:30:00+05:30,241.55,242.0,241.45,241.9,266296
2025-11-26 14:45:00+05:30,241.9,241.9,240.95,241.45,1898913
2025-11-26 15:00:00+05:30,241.45,242.3,241.45,242.2,868247
2025-11-26 15:15:00+05:30,242.2,242.25,241.85,241.85,599790
2025-11-27 09:15:00+05:30,242.3,243.1,241.35,241.55,309109
2025-11-27 09:30:00+05:30,241.5,241.55,240.15,240.15,218470
2025-11-27 09:45:00+05:30,240.15,240.5,239.65,240.0,201602
2025-11-27 10:00:00+05:30,240.0,240.1,239.45,239.5,158382
2025-11-27 10:15:00+05:30,239.45,239.55,238.8,239.0,246853
2025-11-27 10:30:00+05:30,239.0,239.75,238.95,239.55,123656
2025-11-27 10:45:00+05:30,239.55,239.85,239.45,239.5,104952
2025-11-27 11:00:00+05:30,239.6,239.6,239.25,239.25,104496
2025-11-27 11:15:00+05:30,239.25,239.3,238.95,239.1,96325
2025-11-27 11:30:00+05:30,239.1,239.15,238.85,239.05,99216
2025-11-27 11:45:00+05:30,239.05,239.1,238.45,238.45,124942
2025-11-27 12:00:00+05:30,238.55,238.75,238.05,238.1,188946
2025-11-27 12:15:00+05:30,238.2,238.4,237.95,238.2,74537
2025-11-27 12:30:00+05:30,238.3,238.6,238.15,238.5,90017
2025-11-27 12:45:00+05:30,238.55,238.95,238.5,238.55,78186
2025-11-27 13:00:00+05:30,238.55,238.55,237.9,238.0,141482
2025-11-27 13:15:00+05:30,238.0,238.0,237.2,237.5,316608
2025-11-27 13:30:00+05:30,237.6,237.75,237.45,237.6,109682
2025-11-27 13:45:00+05:30,237.6,238.1,237.45,237.95,246703
2025-11-27 14:00:00+05:30,238.05,238.4,237.7,237.95,282688
2025-11-27 14:15:00+05:30,238.0,238.35,237.6,238.05,220759
2025-11-27 14:30:00+05:30,238.1,238.1,237.65,237.65,325793
2025-11-27 14:45:00+05:30,237.65,238.0,237.4,237.9,323962
2025-11-27 15:00:00+05:30,237.95,238.4,237.9,238.35,648356
2025-11-27 15:15:00+05:30,238.4,238.65,238.2,238.35,733768
2025-11-28 09:15:00+05:30,239.35,239.7,237.95,238.35,445031
2025-11-28 09:30:00+05:30,238.35,238.6,237.75,237.95,187357
2025-11-28 09:45:00+05:30,237.95,238.05,237.6,237.8,94255
2025-11-28 10:00:00+05:30,237.8,238.15,237.65,237.7,70851
2025-11-28 10:15:00+05:30,237.7,237.9,237.25,237.5,92336
2025-11-28 10:30:00+05:30,237.55,238.15,237.5,238.05,107996
2025-11-28 10:45:00+05:30,238.05,238.3,237.9,238.3,100647
2025-11-28 11:00:00+05:30,238.3,238.6,237.95,238.6,111939
2025-11-28 11:15:00+05:30,238.6,238.75,237.75,237.85,186092
2025-11-28 11:30:00+05:30,237.85,238.15,237.75,238.0,69810
2025-11-28 11:45:00+05:30,238.0,238.2,237.85,237.9,63755
2025-11-28 12:00:00+05:30,237.85,238.1,237.7,237.9,43380
2025-11-28 12:15:00+05:30,237.9,237.95,237.65,237.7,58077
2025-11-28 12:30:00+05:30,237.75,238.0,237.6,237.95,32712
2025-11-28 12:45:00+05:30,237.95,238.55,237.7,238.3,102806
2025-11-28 13:00:00+05:30,238.3,238.4,237.9,238.05,116048
2025-11-28 13:15:00+05:30,238.0,238.05,237.4,237.65,125652
2025-11-28 13:30:00+05:30,237.65,237.85,237.5,237.6,46948
2025-11-28 13:45:00+05:30,237.6,237.65,237.3,237.65,99274
2025-11-28 14:00:00+05:30,237.65,237.75,237.4,237.45,49308
2025-11-28 14:15:00+05:30,237.45,237.65,237.4,237.6,51327
2025-11-28 14:30:00+05:30,237.6,237.8,237.45,237.75,67295
2025-11-28 14:45:00+05:30,237.7,237.75,237.45,237.5,96721
2025-11-28 15:00:00+05:30,237.5,238.05,237.35,238.0,653304
2025-11-28 15:15:00+05:30,238.0,238.0,236.95,237.35,719280
2025-12-01 09:15:00+05:30,238.45,240.05,237.4,239.7,471433
2025-12-01 09:30:00+05:30,239.7,240.2,239.5,239.5,294630
2025-12-01 09:45:00+05:30,239.5,239.85,238.9,238.9,210147
2025-12-01 10:00:00+05:30,238.9,239.15,238.7,238.8,160713
2025-12-01 10:15:00+05:30,238.8,239.6,238.8,239.6,186519
2025-12-01 10:30:00+05:30,239.6,239.65,239.3,239.35,162345
2025-12-01 10:45:00+05:30,239.35,239.5,238.95,239.4,135554
2025-12-01 11:00:00+05:30,239.4,239.4,239.05,239.25,163256
2025-12-01 11:15:00+05:30,239.25,239.25,238.85,239.05,127652
2025-12-01 11:30:00+05:30,239.05,239.25,238.6,238.7,178226
2025-12-01 11:45:00+05:30,238.7,238.95,238.55,238.9,126618
2025-12-01 12:00:00+05:30,238.85,238.95,238.6,238.6,101170
2025-12-01 12:15:00+05:30,238.6,238.9,238.6,238.8,125374
2025-12-01 12:30:00+05:30,238.8,238.8,238.4,238.55,133343
2025-12-01 12:45:00+05:30,238.6,238.75,238.55,238.6,104066
2025-12-01 13:00:00+05:30,238.6,238.7,238.45,238.7,140236
2025-12-01 13:15:00+05:30,238.7,239.25,238.6,238.7,250048
2025-12-01 13:30:00+05:30,238.7,239.15,238.55,239.05,133349
2025-12-01 13:45:00+05:30,239.05,239.15,238.8,239.1,125265
2025-12-01 14:00:00+05:30,239.1,239.5,239.1,239.35,371758
2025-12-01 14:15:00+05:30,239.35,239.35,239.1,239.35,232932
2025-12-01 14:30:00+05:30,239.35,239.35,239.15,239.15,262484
2025-12-01 14:45:00+05:30,239.1,239.3,238.7,239.0,556363
2025-12-01 15:00:00+05:30,239.05,239.35,238.9,239.35,714282
2025-12-01 15:15:00+05:30,239.35,239.35,238.6,238.75,817551
2025-12-02 09:15:00+05:30,237.9,240.6,237.8,240.3,404598
2025-12-02 09:30:00+05:30,240.4,240.4,239.0,239.05,410772
2025-12-02 09:45:00+05:30,239.05,239.1,238.6,238.6,147767
2025-12-02 10:00:00+05:30,238.6,239.0,238.45,238.55,129218
2025-12-02 10:15:00+05:30,238.55,238.85,238.35,238.45,109401
2025-12-02 10:30:00+05:30,238.45,238.8,238.4,238.45,116642
2025-12-02 10:45:00+05:30,238.5,238.8,238.45,238.65,94508
2025-12-02 11:00:00+05:30,238.65,238.8,237.9,237.95,143508
2025-12-02 11:15:00+05:30,238.0,238.5,237.9,238.1,144164
2025-12-02 11:30:00+05:30,238.1,238.25,237.8,237.95,202731
2025-12-02 11:45:00+05:30,238.0,238.05,237.7,238.0,121058
2025-12-02 12:00:00+05:30,237.9,238.15,237.8,238.05,81367
2025-12-02 12:15:00+05:30,238.1,238.4,238.05,238.35,92586
2025-12-02 12:30:00+05:30,238.4,238.5,238.1,238.15,94655
2025-12-02 12:45:00+05:30,238.1,238.3,238.0,238.1,63672
2025-12-02 13:00:00+05:30,238.1,238.3,237.85,238.25,58272
2025-12-02 13:15:00+05:30,238.25,238.4,238.0,238.25,73124
2025-12-02 13:30:00+05:30,238.2,238.3,237.85,238.15,201753
2025-12-02 13:45:00+05:30,238.2,238.55,237.95,238.3,282365
2025-12-02 14:00:00+05:30,238.25,238.4,238.2,238.3,163509
2025-12-02 14:15:00+05:30,238.35,238.35,237.45,237.55,273673
2025-12-02 14:30:00+05:30,237.55,237.65,237.15,237.35,325521
2025-12-02 14:45:00+05:30,237.35,237.4,236.9,237.05,324448
2025-12-02 15:00:00+05:30,237.05,238.2,237.05,238.15,551701
2025-12-02 15:15:00+05:30,238.15,238.2,237.9,238.2,758611
2025-12-03 09:15:00+05:30,238.45,238.75,236.55,236.7,449511
2025-12-03 09:30:00+05:30,236.7,237.7,236.7,237.0,286366
2025-12-03 09:45:00+05:30,237.0,237.0,236.2,236.25,301500
2025-12-03 10:00:00+05:30,236.2,236.25,235.5,235.5,227789
2025-12-03 10:15:00+05:30,235.5,235.65,235.25,235.65,186426
2025-12-03 10:30:00+05:30,235.65,235.85,235.15,235.3,171217
2025-12-03 10:45:00+05:30,235.3,235.9,235.0,235.05,198720
2025-12-03 11:00:00+05:30,235.2,235.6,235.1,235.5,175832
2025-12-03 11:15:00+05:30,235.5,235.5,234.7,235.0,278815
2025-12-03 11:30:00+05:30,235.0,235.4,234.5,234.9,263169
2025-12-03 11:45:00+05:30,234.75,234.85,234.3,234.7,246182
2025-12-03 12:00:00+05:30,234.7,235.15,234.6,235.1,307626
2025-12-03 12:15:00+05:30,235.1,235.2,234.6,234.95,864282
2025-12-03 12:30:00+05:30,234.95,234.95,234.4,234.55,277205
2025-12-03 12:45:00+05:30,234.6,234.8,234.4,234.6,185533
2025-12-03 13:00:00+05:30,234.6,234.65,234.4,234.45,211536
2025-12-03 13:15:00+05:30,234.45,234.55,234.05,234.3,261112
2025-12-03 13:30:00+05:30,234.3,234.55,234.2,234.35,221470
2025-12-03 13:45:00+05:30,234.35,234.7,234.35,234.6,211132
2025-12-03 14:00:00+05:30,234.6,235.35,234.4,235.0,567992
2025-12-03 14:15:00+05:30,235.0,235.75,235.0,235.2,527253
2025-12-03 14:30:00+05:30,235.15,235.4,234.25,234.5,941627
2025-12-03 14:45:00+05:30,234.45,234.5,234.15,234.35,155610
2025-12-03 15:00:00+05:30,234.45,234.7,234.45,234.5,3028818
2025-12-03 15:15:00+05:30,234.5,234.75,234.4,234.5,1218460
2025-12-04 09:15:00+05:30,234.95,235.35,234.2,234.7,421026
2025-12-04 09:30:00+05:30,234.75,235.25,234.55,235.15,215566
2025-12-04 09:45:00+05:30,235.15,235.15,234.55,234.7,187743
2025-12-04 10:00:00+05:30,234.75,235.2,234.6,235.05,171796
2025-12-04 10:15:00+05:30,235.05,235.85,234.75,235.75,190039
2025-12-04 10:30:00+05:30,235.7,236.15,235.5,236.05,229885
2025-12-04 10:45:00+05:30,236.05,236.6,236.0,236.4,329470
2025-12-04 11:00:00+05:30,236.4,236.45,236.0,236.35,157048
2025-12-04 11:15:00+05:30,236.35,236.6,236.2,236.4,159355
2025-12-04 11:30:00+05:30,236.3,236.4,236.0,236.2,157642
2025-12-04 11:45:00+05:30,236.1,236.6,235.95,236.3,281303
2025-12-04 12:00:00+05:30,236.3,236.9,236.25,236.9,361800
2025-12-04 12:15:00+05:30,236.9,236.9,236.45,236.65,141370
2025-12-04 12:30:00+05:30,236.65,237.1,236.5,236.7,2235197
2025-12-04 12:45:00+05:30,236.75,237.0,236.35,236.65,878993
2025-12-04 13:00:00+05:30,236.7,236.85,236.6,236.75,154786
2025-12-04 13:15:00+05:30,236.75,236.9,236.55,236.85,129401
2025-12-04 13:30:00+05:30,236.9,236.9,236.4,236.45,157721
2025-12-04 13:45:00+05:30,236.45,236.55,236.25,236.45,131209
2025-12-04 14:00:00+05:30,236.45,236.85,236.4,236.75,289209
2025-12-04 14:15:00+05:30,236.75,236.75,236.15,236.6,413868
2025-12-04 14:30:00+05:30,236.6,236.8,236.4,236.4,299898
2025-12-04 14:45:00+05:30,236.35,236.9,236.25,236.65,316733
2025-12-04 15:00:00+05:30,236.75,237.05,236.55,236.9,1271315
2025-12-04 15:15:00+05:30,236.85,236.85,236.35,236.4,1521267
2025-12-05 09:15:00+05:30,237.1,237.6,236.55,236.8,339873
2025-12-05 09:30:00+05:30,236.75,237.2,236.4,236.8,143868
2025-12-05 09:45:00+05:30,236.75,236.9,236.3,236.4,118457
2025-12-05 10:00:00+05:30,236.3,237.05,236.3,236.45,418053
2025-12-05 10:15:00+05:30,236.55,236.65,236.15,236.15,463643
2025-12-05 10:30:00+05:30,236.15,236.55,235.9,236.55,1000717
2025-12-05 10:45:00+05:30,236.6,237.45,236.45,237.1,198411
2025-12-05 11:00:00+05:30,237.05,237.55,237.0,237.35,101013
2025-12-05 11:15:00+05:30,237.35,237.4,236.95,237.15,92635
2025-12-05 11:30:00+05:30,237.2,237.3,237.1,237.15,84037
2025-12-05 11:45:00+05:30,237.15,237.2,236.65,236.8,156698
2025-12-05 12:00:00+05:30,236.8,236.9,236.7,236.8,70777
2025-12-05 12:15:00+05:30,236.8,237.1,236.65,237.05,102456
2025-12-05 12:30:00+05:30,237.05,237.4,237.05,237.35,79887
2025-12-05 12:45:00+05:30,237.35,237.55,237.35,237.4,222421
2025-12-05 13:00:00+05:30,237.4,237.5,237.15,237.35,67568
2025-12-05 13:15:00+05:30,237.35,237.5,237.35,237.45,77950
2025-12-05 13:30:00+05:30,237.45,237.5,237.35,237.35,93161
2025-12-05 13:45:00+05:30,237.35,237.4,236.3,236.45,332977
2025-12-05 14:00:00+05:30,236.45,236.5,236.25,236.45,133507
2025-12-05 14:15:00+05:30,236.45,236.55,236.25,236.35,113837
2025-12-05 14:30:00+05:30,236.35,236.45,235.95,235.95,112677
2025-12-05 14:45:00+05:30,235.95,236.25,235.75,236.05,184864
2025-12-05 15:00:00+05:30,236.05,236.45,235.35,235.5,2054551
2025-12-05 15:15:00+05:30,235.5,236.45,235.45,236.3,803753
2025-12-08 09:15:00+05:30,235.7,236.45,235.1,235.2,271639
2025-12-08 09:30:00+05:30,235.2,235.65,235.05,235.4,213919
2025-12-08 09:45:00+05:30,235.35,235.4,234.95,235.25,111620
2025-12-08 10:00:00+05:30,235.2,235.4,235.0,235.4,108332
2025-12-08 10:15:00+05:30,235.4,235.5,234.95,235.2,133188
2025-12-08 10:30:00+05:30,235.15,235.45,235.05,235.35,91940
2025-12-08 10:45:00+05:30,235.35,235.45,235.2,235.3,84842
2025-12-08 11:00:00+05:30,235.3,235.5,235.25,235.45,80926
2025-12-08 11:15:00+05:30,235.4,236.0,235.4,235.9,163716
2025-12-08 11:30:00+05:30,235.9,235.9,235.4,235.55,156584
2025-12-08 11:45:00+05:30,235.55,235.95,235.55,235.7,139780
2025-12-08 12:00:00+05:30,235.7,235.7,235.25,235.3,114911
2025-12-08 12:15:00+05:30,235.35,235.45,235.15,235.2,97007
2025-12-08 12:30:00+05:30,235.2,235.55,235.2,235.3,107038
2025-12-08 12:45:00+05:30,235.3,235.4,234.3,234.5,293344
2025-12-08 13:00:00+05:30,234.45,234.7,234.25,234.45,140156
2025-12-08 13:15:00+05:30,234.45,234.45,233.9,233.95,133829
2025-12-08 13:30:00+05:30,233.95,234.05,233.25,233.4,314942
2025-12-08 13:45:00+05:30,233.4,233.85,233.3,233.45,218497
2025-12-08 14:00:00+05:30,233.45,233.5,233.0,233.3,239916
2025-12-08 14:15:00+05:30,233.3,233.5,232.95,233.35,245515
2025-12-08 14:30:00+05:30,233.35,233.4,233.1,233.4,170202
2025-12-08 14:45:00+05:30,233.35,233.75,232.85,232.9,442916
2025-12-08 15:00:00+05:30,233.1,233.4,233.05,233.1,582295
2025-12-08 15:15:00+05:30,233.15,233.2,232.25,232.5,600431
2025-12-09 09:15:00+05:30,232.25,232.9,231.4,232.05,271023
2025-12-09 09:30:00+05:30,232.05,232.4,231.6,231.8,219662
2025-12-09 09:45:00+05:30,231.85,232.25,231.8,232.0,125022
2025-12-09 10:00:00+05:30,232.0,232.95,231.95,232.1,190185
2025-12-09 10:15:00+05:30,232.1,233.2,232.1,232.75,138534
2025-12-09 10:30:00+05:30,232.75,232.8,232.25,232.7,111800
2025-12-09 10:45:00+05:30,232.7,232.9,232.35,232.9,64564
2025-12-09 11:00:00+05:30,232.85,233.0,232.35,233.0,148044
2025-12-09 11:15:00+05:30,233.0,233.45,232.9,233.3,139494
2025-12-09 11:30:00+05:30,233.3,233.55,233.1,233.1,182147
2025-12-09 11:45:00+05:30,233.1,233.9,233.0,233.8,119590
2025-12-09 12:00:00+05:30,233.75,234.35,233.7,234.35,118950
2025-12-09 12:15:00+05:30,234.35,234.65,234.15,234.35,175267
2025-12-09 12:30:00+05:30,234.35,234.4,233.75,233.85,108791
2025-12-09 12:45:00+05:30,233.95,234.0,233.5,233.6,74539
2025-12-09 13:00:00+05:30,233.65,234.0,233.5,233.9,62089
2025-12-09 13:15:00+05:30,233.95,234.35,233.75,234.3,47403
2025-12-09 13:30:00+05:30,234.3,234.55,234.05,234.3,166562
2025-12-09 13:45:00+05:30,234.25,234.45,234.1,234.25,91794
2025-12-09 14:00:00+05:30,234.25,234.45,233.55,233.85,214749
2025-12-09 14:15:00+05:30,233.85,234.0,233.65,233.75,272432
2025-12-09 14:30:00+05:30,233.7,233.75,233.35,233.65,347372
2025-12-09 14:45:00+05:30,233.65,233.75,233.35,233.6,235143
2025-12-09 15:00:00+05:30,233.75,234.7,233.75,234.35,4127301
2025-12-09 15:15:00+05:30,234.35,234.35,233.4,233.8,1239003
2025-12-10 09:15:00+05:30,233.8,234.8,233.05,233.95,206098
2025-12-10 09:30:00+05:30,234.05,234.5,233.75,234.1,187149
2025-12-10 09:45:00+05:30,234.25,234.3,233.2,233.25,249224
2025-12-10 10:00:00+05:30,233.25,233.75,233.1,233.15,187645
2025-12-10 10:15:00+05:30,233.1,233.6,233.1,233.2,106695
2025-12-10 10:30:00+05:30,233.2,234.0,233.15,233.65,148652
2025-12-10 10:45:00+05:30,233.7,233.8,233.2,233.3,106039
2025-12-10 11:00:00+05:30,233.3,234.15,232.95,234.1,184550
2025-12-10 11:15:00+05:30,234.1,234.1,233.75,233.85,113202
2025-12-10 11:30:00+05:30,233.85,234.1,233.65,234.05,103525
2025-12-10 11:45:00+05:30,234.05,234.05,233.65,233.9,61549
2025-12-10 12:00:00+05:30,233.9,234.35,233.85,234.1,95390
2025-12-10 12:15:00+05:30,234.15,234.2,233.95,234.0,55109
2025-12-10 12:30:00+05:30,234.0,234.05,233.3,233.3,96521
2025-12-10 12:45:00+05:30,233.25,233.65,233.15,233.6,44637
2025-12-10 13:00:00+05:30,233.6,233.9,233.55,233.7,30615
2025-12-10 13:15:00+05:30,233.7,234.1,233.55,234.1,44813
2025-12-10 13:30:00+05:30,234.1,234.25,233.9,234.0,67100
2025-12-10 13:45:00+05:30,234.0,234.15,233.8,233.85,57112
2025-12-10 14:00:00+05:30,233.85,233.85,233.5,233.55,197828
2025-12-10 14:15:00+05:30,233.6,233.6,233.0,233.0,97131
2025-12-10 14:30:00+05:30,233.1,233.9,233.1,233.5,200187
2025-12-10 14:45:00+05:30,233.5,233.8,233.35,233.7,68528
2025-12-10 15:00:00+05:30,233.8,234.1,233.6,233.85,383607
2025-12-10 15:15:00+05:30,233.9,233.95,233.1,233.75,383022
2025-12-11 09:15:00+05:30,233.8,234.5,233.65,234.1,164970
2025-12-11 09:30:00+05:30,234.1,234.15,233.3,233.6,121104
2025-12-11 09:45:00+05:30,233.6,234.0,233.5,233.7,68850
2025-12-11 10:00:00+05:30,233.65,234.65,233.65,234.65,142976
2025-12-11 10:15:00+05:30,234.7,235.35,234.65,235.25,132664
2025-12-11 10:30:00+05:30,235.2,235.75,234.5,234.75,648376
2025-12-11 10:45:00+05:30,234.75,235.0,234.45,234.5,3025400
2025-12-11 11:00:00+05:30,234.45,234.7,234.25,234.4,147574
2025-12-11 11:15:00+05:30,234.35,234.45,234.05,234.05,82297
2025-12-11 11:30:00+05:30,234.1,234.25,233.2,233.5,185012
2025-12-11 11:45:00+05:30,233.5,233.65,233.45,233.5,106266
2025-12-11 12:00:00+05:30,233.5,234.15,233.45,233.75,286804
2025-12-11 12:15:00+05:30,233.75,234.3,233.75,234.0,246494
2025-12-11 12:30:00+05:30,233.95,234.1,233.65,233.85,129893
2025-12-11 12:45:00+05:30,233.85,234.05,233.7,233.7,117886
2025-12-11 13:00:00+05:30,233.7,233.9,233.25,233.45,159745
2025-12-11 13:15:00+05:30,233.45,233.6,233.4,233.4,101365
2025-12-11 13:30:00+05:30,233.4,233.6,233.4,233.45,126536
2025-12-11 13:45:00+05:30,233.45,233.5,233.05,233.25,102785
2025-12-11 14:00:00+05:30,233.25,233.5,233.2,233.25,127035
2025-12-11 14:15:00+05:30,233.2,233.5,233.1,233.5,276616
2025-12-11 14:30:00+05:30,233.5,233.6,233.15,233.15,188477
2025-12-11 14:45:00+05:30,233.15,233.3,232.85,233.15,329507
2025-12-11 15:00:00+05:30,233.2,233.3,232.65,232.7,740394
2025-12-11 15:15:00+05:30,232.7,233.5,232.7,233.25,1086181
2025-12-12 09:15:00+05:30,233.0,233.9,232.65,232.75,277216
2025-12-12 09:30:00+05:30,232.8,233.05,232.6,232.6,129758
2025-12-12 09:45:00+05:30,232.6,232.65,232.05,232.25,208713
2025-12-12 10:00:00+05:30,232.2,232.35,231.8,232.05,159014
2025-12-12 10:15:00+05:30,232.1,232.35,231.9,232.0,95096
2025-12-12 10:30:00+05:30,232.0,232.2,231.65,231.75,90911
2025-12-12 10:45:00+05:30,231.75,231.9,231.55,231.65,72437
2025-12-12 11:00:00+05:30,231.7,231.9,231.6,231.75,55354
2025-12-12 11:15:00+05:30,231.75,231.95,231.65,231.75,69158
2025-12-12 11:30:00+05:30,231.8,231.95,231.75,231.85,86857
2025-12-12 11:45:00+05:30,231.9,232.0,231.7,231.95,78635
2025-12-12 12:00:00+05:30,231.85,232.0,231.75,231.9,102601
2025-12-12 12:15:00+05:30,231.95,232.5,231.85,232.25,83828
2025-12-12 12:30:00+05:30,232.3,232.55,232.15,232.3,141313
2025-12-12 12:45:00+05:30,232.3,232.4,232.05,232.1,68586
2025-12-12 13:00:00+05:30,232.15,232.3,232.1,232.25,82612
2025-12-12 13:15:00+05:30,232.25,232.25,231.95,232.05,116942
2025-12-12 13:30:00+05:30,232.05,232.15,231.75,231.8,160062
2025-12-12 13:45:00+05:30,231.8,232.2,231.75,232.0,126922
2025-12-12 14:00:00+05:30,232.0,232.5,232.0,232.25,206126
2025-12-12 14:15:00+05:30,232.25,232.45,232.2,232.25,157159
2025-12-12 14:30:00+05:30,232.25,232.3,231.95,231.95,135125
2025-12-12 14:45:00+05:30,232.0,232.15,231.8,232.1,170080
2025-12-12 15:00:00+05:30,232.45,232.95,232.35,232.65,699106
2025-12-12 15:15:00+05:30,232.65,232.75,232.05,232.65,661297
2025-12-15 09:15:00+05:30,232.55,233.3,224.8,226.7,2546903
2025-12-15 09:30:00+05:30,226.7,227.15,224.65,226.3,1916298
2025-12-15 09:45:00+05:30,226.3,227.0,226.0,226.75,643367
2025-12-15 10:00:00+05:30,226.75,227.55,226.55,226.6,620440
2025-12-15 10:15:00+05:30,226.6,227.5,226.5,227.5,402100
2025-12-15 10:30:00+05:30,227.5,227.5,226.65,226.75,284012
2025-12-15 10:45:00+05:30,226.75,227.3,226.7,227.25,196400
2025-12-15 11:00:00+05:30,227.25,227.5,227.05,227.15,234103
2025-12-15 11:15:00+05:30,227.15,227.45,226.75,227.25,208771
2025-12-15 11:30:00+05:30,227.25,227.3,226.75,226.95,215646
2025-12-15 11:45:00+05:30,226.9,228.05,226.9,227.7,606318
2025-12-15 12:00:00+05:30,227.7,227.7,227.2,227.55,198450
2025-12-15 12:15:00+05:30,227.6,227.85,227.55,227.6,222477
2025-12-15 12:30:00+05:30,227.7,227.7,227.45,227.6,181178
2025-12-15 12:45:00+05:30,227.6,228.3,227.5,228.3,275312
2025-12-15 13:00:00+05:30,228.35,228.85,228.25,228.8,303525
2025-12-15 13:15:00+05:30,228.8,228.85,228.35,228.5,197698
2025-12-15 13:30:00+05:30,228.5,228.7,228.35,228.5,114428
2025-12-15 13:45:00+05:30,228.5,228.55,228.35,228.4,91811
2025-12-15 14:00:00+05:30,228.4,229.1,228.35,229.1,403458
2025-12-15 14:15:00+05:30,229.1,229.55,229.0,229.35,479235
2025-12-15 14:30:00+05:30,229.35,230.0,229.3,230.0,260521
2025-12-15 14:45:00+05:30,230.0,230.0,229.45,229.75,275057
2025-12-15 15:00:00+05:30,229.75,230.1,229.75,229.9,417303
2025-12-15 15:15:00+05:30,230.05,230.05,229.6,229.8,516341
2025-12-16 09:15:00+05:30,228.8,229.9,227.85,229.25,376099
2025-12-16 09:30:00+05:30,229.3,229.3,228.4,228.55,205682
2025-12-16 09:45:00+05:30,228.55,228.8,227.9,228.05,153993
2025-12-16 10:00:00+05:30,228.05,228.2,227.7,228.1,161164
2025-12-16 10:15:00+05:30,228.1,228.15,227.65,227.85,83455
2025-12-16 10:30:00+05:30,227.85,227.85,227.25,227.6,230805
2025-12-16 10:45:00+05:30,227.6,227.95,227.55,227.8,109537
2025-12-16 11:00:00+05:30,227.8,227.9,227.45,227.7,116403
2025-12-16 11:15:00+05:30,227.7,227.8,227.55,227.65,103485
2025-12-16 11:30:00+05:30,227.65,227.75,227.4,227.45,188011
2025-12-16 11:45:00+05:30,227.5,227.65,227.15,227.15,98493
2025-12-16 12:00:00+05:30,227.15,227.7,227.05,227.6,185976
2025-12-16 12:15:00+05:30,227.6,227.7,227.45,227.5,82232
2025-12-16 12:30:00+05:30,227.5,227.55,227.05,227.1,196990
2025-12-16 12:45:00+05:30,227.1,227.2,226.95,227.0,122963
2025-12-16 13:00:00+05:30,226.95,227.15,226.9,227.0,113571
2025-12-16 13:15:00+05:30,227.0,227.2,226.85,227.0,147715
2025-12-16 13:30:00+05:30,227.0,227.25,226.95,227.1,133544
2025-12-16 13:45:00+05:30,227.1,227.4,226.0,226.15,675523
2025-12-16 14:00:00+05:30,226.1,226.2,225.5,225.5,593974
2025-12-16 14:15:00+05:30,225.55,225.85,225.45,225.5,539107
2025-12-16 14:30:00+05:30,225.6,226.8,225.5,226.7,644988
2025-12-16 14:45:00+05:30,226.7,227.2,226.55,226.9,492769
2025-12-16 15:00:00+05:30,226.9,227.3,226.65,226.75,706742
2025-12-16 15:15:00+05:30,226.75,226.95,226.25,226.9,742540
2025-12-17 09:15:00+05:30,226.4,227.65,223.35,227.2,887051
2025-12-17 09:30:00+05:30,227.2,227.35,226.35,226.65,331450
2025-12-17 09:45:00+05:30,226.65,227.4,226.45,226.65,233691
2025-12-17 10:00:00+05:30,226.6,226.8,226.25,226.5,168728
2025-12-17 10:15:00+05:30,226.5,226.75,226.1,226.25,186333
2025-12-17 10:30:00+05:30,226.25,226.6,226.2,226.4,109264
2025-12-17 10:45:00+05:30,226.4,227.0,226.4,226.7,145230
2025-12-17 11:00:00+05:30,226.7,227.85,226.7,227.8,182702
2025-12-17 11:15:00+05:30,227.8,228.05,227.4,227.8,159203
2025-12-17 11:30:00+05:30,227.8,227.8,227.05,227.25,165901
2025-12-17 11:45:00+05:30,227.25,227.4,227.15,227.25,95669
2025-12-17 12:00:00+05:30,227.25,227.25,226.45,226.85,200661
2025-12-17 12:15:00+05:30,226.85,227.15,226.8,226.95,82015
2025-12-17 12:30:00+05:30,226.95,227.2,226.95,227.1,49618
2025-12-17 12:45:00+05:30,227.1,227.15,226.8,227.0,92937
2025-12-17 13:00:00+05:30,227.0,227.35,226.95,227.1,98019
2025-12-17 13:15:00+05:30,227.1,227.35,227.1,227.3,70858
2025-12-17 13:30:00+05:30,227.3,227.35,227.05,227.2,75476
2025-12-17 13:45:00+05:30,227.2,227.35,226.9,227.2,108440
2025-12-17 14:00:00+05:30,227.2,227.35,227.05,227.2,92813
2025-12-17 14:15:00+05:30,227.15,227.4,226.7,226.75,267739
2025-12-17 14:30:00+05:30,226.75,226.9,226.5,226.7,289203
2025-12-17 14:45:00+05:30,226.75,227.15,226.7,227.1,165603
2025-12-17 15:00:00+05:30,227.1,227.65,227.1,227.6,685055
2025-12-17 15:15:00+05:30,227.6,227.85,227.15,227.15,855985
2025-12-18 09:15:00+05:30,227.65,228.75,227.2,227.45,442180
2025-12-18 09:30:00+05:30,227.4,227.45,226.3,226.35,246224
2025-12-18 09:45:00+05:30,226.3,226.4,226.05,226.15,147573
2025-12-18 10:00:00+05:30,226.15,227.0,226.0,226.75,110453
2025-12-18 10:15:00+05:30,226.7,227.3,226.65,227.0,117054
2025-12-18 10:30:00+05:30,227.1,227.6,227.05,227.3,132644
2025-12-18 10:45:00+05:30,227.25,227.4,227.0,227.3,70646
2025-12-18 11:00:00+05:30,227.3,227.3,226.85,226.9,66021
2025-12-18 11:15:00+05:30,226.9,227.3,226.8,226.9,66418
2025-12-18 11:30:00+05:30,226.95,227.15,226.95,227.05,57228
2025-12-18 11:45:00+05:30,227.1,227.45,226.9,227.3,76299
2025-12-18 12:00:00+05:30,227.3,227.5,227.3,227.3,58173
2025-12-18 12:15:00+05:30,227.3,227.55,227.15,227.4,49370
2025-12-18 12:30:00+05:30,227.4,227.55,227.3,227.35,48741
2025-12-18 12:45:00+05:30,227.4,227.4,227.1,227.15,67692
2025-12-18 13:00:00+05:30,227.2,227.35,227.15,227.25,43687
2025-12-18 13:15:00+05:30,227.25,227.25,227.0,227.1,51089
2025-12-18 13:30:00+05:30,227.15,227.15,226.8,226.85,58638
2025-12-18 13:45:00+05:30,226.9,227.0,226.75,226.75,56440
2025-12-18 14:00:00+05:30,226.8,226.8,226.5,226.65,113679
2025-12-18 14:15:00+05:30,226.65,226.65,226.3,226.4,85486
2025-12-18 14:30:00+05:30,226.4,226.9,225.9,226.0,321460
2025-12-18 14:45:00+05:30,226.0,226.4,225.9,226.3,373743
2025-12-18 15:00:00+05:30,226.35,226.95,226.3,226.75,490928
2025-12-18 15:15:00+05:30,226.75,226.8,226.3,226.35,585496
2025-12-19 09:15:00+05:30,226.65,227.35,226.2,226.85,281913
2025-12-19 09:30:00+05:30,226.9,227.25,226.7,226.85,128821
2025-12-19 09:45:00+05:30,226.85,227.2,226.75,227.1,149709
2025-12-19 10:00:00+05:30,227.05,227.3,226.85,227.0,58403
2025-12-19 10:15:00+05:30,227.0,227.3,226.95,227.15,65474
2025-12-19 10:30:00+05:30,227.15,227.6,227.05,227.5,75687
2025-12-19 10:45:00+05:30,227.5,227.6,227.4,227.55,66471
2025-12-19 11:00:00+05:30,227.55,227.6,227.1,227.4,90245
2025-12-19 11:15:00+05:30,227.45,227.6,227.0,227.0,103421
2025-12-19 11:30:00+05:30,227.1,227.15,226.75,226.75,79757
2025-12-19 11:45:00+05:30,226.75,227.05,226.7,227.0,82322
2025-12-19 12:00:00+05:30,227.05,227.15,226.75,227.05,108637
2025-12-19 12:15:00+05:30,227.05,227.15,226.8,226.85,57708
2025-12-19 12:30:00+05:30,226.9,227.05,226.85,226.95,124773
2025-12-19 12:45:00+05:30,226.95,227.05,226.95,227.05,51019
2025-12-19 13:00:00+05:30,227.05,227.1,226.85,227.0,47299
2025-12-19 13:15:00+05:30,227.05,227.15,227.0,227.05,75402
2025-12-19 13:30:00+05:30,227.05,227.15,226.85,227.0,60159
2025-12-19 13:45:00+05:30,227.0,227.1,226.95,227.05,77258
2025-12-19 14:00:00+05:30,227.1,227.35,227.05,227.3,90722
2025-12-19 14:15:00+05:30,227.3,227.4,227.1,227.15,82735
2025-12-19 14:30:00+05:30,227.15,227.3,227.05,227.3,77812
2025-12-19 14:45:00+05:30,227.25,227.4,226.9,227.0,155757
2025-12-19 15:00:00+05:30,227.15,227.75,227.0,227.65,1604220
2025-12-19 15:15:00+05:30,227.65,228.15,227.5,227.55,1238531
2025-12-22 09:15:00+05:30,228.4,229.4,227.4,229.35,265057
2025-12-22 09:30:00+05:30,229.35,229.6,229.0,229.55,190887
2025-12-22 09:45:00+05:30,229.6,229.8,229.2,229.6,277329
2025-12-22 10:00:00+05:30,229.55,229.85,229.35,229.6,223246
2025-12-22 10:15:00+05:30,229.6,229.65,229.4,229.4,92315
2025-12-22 10:30:00+05:30,229.4,229.7,229.4,229.6,255424
2025-12-22 10:45:00+05:30,229.6,229.7,229.45,229.5,57706
2025-12-22 11:00:00+05:30,229.5,229.55,229.15,229.25,104639
2025-12-22 11:15:00+05:30,229.25,229.3,229.0,229.25,78709
2025-12-22 11:30:00+05:30,229.25,229.3,229.05,229.2,75847
2025-12-22 11:45:00+05:30,229.2,229.35,229.15,229.2,55213
2025-12-22 12:00:00+05:30,229.2,229.25,228.9,229.0,49502
2025-12-22 12:15:00+05:30,229.0,229.2,228.9,229.1,39492
2025-12-22 12:30:00+05:30,229.1,229.25,229.0,229.05,246228
2025-12-22 12:45:00+05:30,229.1,229.6,229.05,229.25,250006
2025-12-22 13:00:00+05:30,229.25,229.35,229.1,229.35,43980
2025-12-22 13:15:00+05:30,229.35,229.4,229.2,229.3,37051
2025-12-22 13:30:00+05:30,229.3,229.35,229.0,229.0,59063
2025-12-22 13:45:00+05:30,229.0,229.1,228.85,228.85,113100
2025-12-22 14:00:00+05:30,228.85,228.95,228.75,228.95,208813
2025-12-22 14:15:00+05:30,228.95,229.0,228.85,228.95,78604
2025-12-22 14:30:00+05:30,228.95,228.95,228.35,228.4,602025
2025-12-22 14:45:00+05:30,228.4,228.75,228.25,228.7,125517
2025-12-22 15:00:00+05:30,228.75,228.85,228.5,228.6,385537
2025-12-22 15:15:00+05:30,228.6,229.35,228.55,229.2,672609
2025-12-23 09:15:00+05:30,229.2,231.85,229.2,231.55,1978029
2025-12-23 09:30:00+05:30,231.65,232.45,231.1,231.15,568787
2025-12-23 09:45:00+05:30,231.15,231.5,230.95,231.25,245371
2025-12-23 10:00:00+05:30,231.3,231.4,231.1,231.3,102134
2025-12-23 10:15:00+05:30,231.3,231.4,230.75,230.85,151147
2025-12-23 10:30:00+05:30,230.9,231.0,230.65,230.95,120247
2025-12-23 10:45:00+05:30,230.95,230.95,230.85,230.9,67681
2025-12-23 11:00:00+05:30,230.95,231.0,230.8,230.9,76881
2025-12-23 11:15:00+05:30,230.9,231.0,230.9,230.9,64369
2025-12-23 11:30:00+05:30,230.9,230.9,230.7,230.9,78298
2025-12-23 11:45:00+05:30,230.9,230.9,230.45,230.75,133071
2025-12-23 12:00:00+05:30,230.75,231.35,230.7,231.15,190639
2025-12-23 12:15:00+05:30,231.15,231.35,231.0,231.2,61837
2025-12-23 12:30:00+05:30,231.2,231.2,230.95,231.05,54422
2025-12-23 12:45:00+05:30,231.05,231.15,230.95,231.0,48581
2025-12-23 13:00:00+05:30,231.0,231.05,230.8,231.0,74727
2025-12-23 13:15:00+05:30,231.0,231.05,230.9,230.9,63815
2025-12-23 13:30:00+05:30,230.95,231.0,230.85,230.9,54443
2025-12-23 13:45:00+05:30,230.9,230.95,230.65,230.85,76621
2025-12-23 14:00:00+05:30,230.85,230.9,230.7,230.8,55317
2025-12-23 14:15:00+05:30,230.8,231.05,230.75,230.8,193541
2025-12-23 14:30:00+05:30,230.8,230.9,230.4,230.4,167594
2025-12-23 14:45:00+05:30,230.4,230.7,230.15,230.55,214668
2025-12-23 15:00:00+05:30,230.55,230.75,230.0,230.05,390169
2025-12-23 15:15:00+05:30,230.05,230.25,229.7,230.0,547968
2025-12-24 09:15:00+05:30,230.1,231.15,229.65,231.05,294280
2025-12-24 09:30:00+05:30,231.05,231.1,230.4,230.7,134548
2025-12-24 09:45:00+05:30,230.75,230.95,230.2,230.35,145050
2025-12-24 10:00:00+05:30,230.35,230.4,230.1,230.35,71423
2025-12-24 10:15:00+05:30,230.35,230.4,229.85,230.1,89506
2025-12-24 10:30:00+05:30,230.1,230.15,229.85,229.9,75560
2025-12-24 10:45:00+05:30,229.95,230.0,229.4,229.55,180714
2025-12-24 11:00:00+05:30,229.55,229.85,229.55,229.85,77996
2025-12-24 11:15:00+05:30,229.85,230.35,229.8,230.0,74740
2025-12-24 11:30:00+05:30,230.0,230.2,229.4,229.5,100815
2025-12-24 11:45:00+05:30,229.45,229.5,229.1,229.45,172279
2025-12-24 12:00:00+05:30,229.35,229.6,229.3,229.45,130034
2025-12-24 12:15:00+05:30,229.45,229.55,229.3,229.55,107834
2025-12-24 12:30:00+05:30,229.5,229.55,229.1,229.2,157745
2025-12-24 12:45:00+05:30,229.2,229.25,228.85,229.05,138961
2025-12-24 13:00:00+05:30,229.05,229.2,228.65,228.7,128827
2025-12-24 13:15:00+05:30,228.7,228.7,228.2,228.4,278292
2025-12-24 13:30:00+05:30,228.3,228.4,228.15,228.25,138858
2025-12-24 13:45:00+05:30,228.3,228.45,228.15,228.25,125970
2025-12-24 14:00:00+05:30,228.25,228.5,228.15,228.15,217207
2025-12-24 14:15:00+05:30,228.15,228.5,227.8,227.95,298336
2025-12-24 14:30:00+05:30,228.0,228.2,227.85,228.1,173023
2025-12-24 14:45:00+05:30,228.1,228.5,228.05,228.45,178424
2025-12-24 15:00:00+05:30,228.55,228.8,228.35,228.4,257403
2025-12-24 15:15:00+05:30,228.4,228.45,228.15,228.4,337585
2025-12-26 09:15:00+05:30,228.45,228.75,227.7,228.35,151615
2025-12-26 09:30:00+05:30,228.4,229.0,228.25,228.7,150515
2025-12-26 09:45:00+05:30,228.7,228.75,228.2,228.35,58796
2025-12-26 10:00:00+05:30,228.35,228.45,227.9,228.2,150776
2025-12-26 10:15:00+05:30,228.2,228.3,227.95,228.15,63620
2025-12-26 10:30:00+05:30,228.15,228.5,228.05,228.5,62982
2025-12-26 10:45:00+05:30,228.5,228.85,228.4,228.5,102105
2025-12-26 11:00:00+05:30,228.5,228.75,228.4,228.5,38113
2025-12-26 11:15:00+05:30,228.5,229.3,228.2,229.25,139555
2025-12-26 11:30:00+05:30,229.25,229.7,229.15,229.3,176071
2025-12-26 11:45:00+05:30,229.25,229.6,229.2,229.55,67830
2025-12-26 12:00:00+05:30,229.55,229.85,229.35,229.85,132182
2025-12-26 12:15:00+05:30,229.8,229.8,229.3,229.6,76901
2025-12-26 12:30:00+05:30,229.55,229.6,229.15,229.35,68963
2025-12-26 12:45:00+05:30,229.35,229.7,229.25,229.45,94852
2025-12-26 13:00:00+05:30,229.5,229.85,229.1,229.25,228760
2025-12-26 13:15:00+05:30,229.25,229.45,229.15,229.4,174710
2025-12-26 13:30:00+05:30,229.3,229.45,229.2,229.35,192906
2025-12-26 13:45:00+05:30,229.4,229.75,229.05,229.2,185322
2025-12-26 14:00:00+05:30,229.2,229.35,229.0,229.15,166965
2025-12-26 14:15:00+05:30,229.2,229.25,228.9,229.0,205341
2025-12-26 14:30:00+05:30,229.0,229.0,228.75,228.85,250822
2025-12-26 14:45:00+05:30,228.85,229.25,228.7,229.25,186275
2025-12-26 15:00:00+05:30,229.25,229.45,229.05,229.15,238217
2025-12-26 15:15:00+05:30,229.15,229.35,228.9,228.95,325925
2025-12-29 09:15:00+05:30,229.15,229.6,228.6,228.85,285483
2025-12-29 09:30:00+05:30,228.9,229.35,228.8,229.2,96152
2025-12-29 09:45:00+05:30,229.2,229.75,229.1,229.25,128392
2025-12-29 10:00:00+05:30,229.25,229.85,229.0,229.85,195039
2025-12-29 10:15:00+05:30,229.85,230.5,229.6,230.45,352309
2025-12-29 10:30:00+05:30,230.5,231.85,230.4,231.65,493101
2025-12-29 10:45:00+05:30,231.65,233.0,231.35,232.65,1187873
2025-12-29 11:00:00+05:30,232.65,233.3,231.9,233.05,1273521
2025-12-29 11:15:00+05:30,233.0,233.5,232.4,232.5,833959
2025-12-29 11:30:00+05:30,232.5,232.55,231.2,231.4,501372
2025-12-29 11:45:00+05:30,231.4,232.55,231.1,232.1,1280910
2025-12-29 12:00:00+05:30,232.15,232.3,231.65,231.8,318313
2025-12-29 12:15:00+05:30,231.85,231.85,230.8,230.9,357353
2025-12-29 12:30:00+05:30,230.9,230.9,230.2,230.45,911471
2025-12-29 12:45:00+05:30,230.45,230.55,230.3,230.5,271864
2025-12-29 13:00:00+05:30,230.5,230.5,230.05,230.05,304911
2025-12-29 13:15:00+05:30,230.1,230.15,229.65,229.85,419402
2025-12-29 13:30:00+05:30,229.85,229.95,229.5,229.5,214373
2025-12-29 13:45:00+05:30,229.5,229.7,229.4,229.45,272617
2025-12-29 14:00:00+05:30,229.45,229.95,229.25,229.45,430220
2025-12-29 14:15:00+05:30,229.5,229.65,229.2,229.4,364485
2025-12-29 14:30:00+05:30,229.4,229.5,229.1,229.1,315345
2025-12-29 14:45:00+05:30,229.1,229.45,228.9,229.45,410743
2025-12-29 15:00:00+05:30,229.45,229.65,229.2,229.3,564108
2025-12-29 15:15:00+05:30,229.3,229.75,229.25,229.6,807981
2025-12-30 09:15:00+05:30,229.55,230.2,228.65,228.85,322890
2025-12-30 09:30:00+05:30,228.85,229.65,228.7,229.65,118317
2025-12-30 09:45:00+05:30,229.65,229.95,229.3,229.9,170389
2025-12-30 10:00:00+05:30,229.9,230.1,229.45,229.6,143887
2025-12-30 10:15:00+05:30,229.6,229.6,229.15,229.3,219071
2025-12-30 10:30:00+05:30,229.35,229.5,229.0,229.05,193100
2025-12-30 10:45:00+05:30,229.05,229.2,228.9,229.1,115301
2025-12-30 11:00:00+05:30,229.05,229.2,228.65,228.8,118734
2025-12-30 11:15:00+05:30,228.8,229.15,228.75,228.95,209786
2025-12-30 11:30:00+05:30,228.9,229.05,228.45,228.7,202050
2025-12-30 11:45:00+05:30,228.65,228.8,228.45,228.6,124974
2025-12-30 12:00:00+05:30,228.6,228.7,228.5,228.55,181381
2025-12-30 12:15:00+05:30,228.55,228.7,228.45,228.55,123074
2025-12-30 12:30:00+05:30,228.5,228.65,228.45,228.5,71661
2025-12-30 12:45:00+05:30,228.6,228.65,228.4,228.6,82162
2025-12-30 13:00:00+05:30,228.6,228.65,228.4,228.5,85800
2025-12-30 13:15:00+05:30,228.5,228.5,227.95,228.35,142705
2025-12-30 13:30:00+05:30,228.4,228.9,228.3,228.7,283944
2025-12-30 13:45:00+05:30,228.75,228.9,228.65,228.75,294456
2025-12-30 14:00:00+05:30,228.7,229.15,228.65,229.1,237522
2025-12-30 14:15:00+05:30,229.1,229.15,228.85,228.9,263786
2025-12-30 14:30:00+05:30,228.9,229.2,228.9,229.2,245126
2025-12-30 14:45:00+05:30,229.2,229.5,229.1,229.1,267301
2025-12-30 15:00:00+05:30,229.15,229.55,229.05,229.3,1087053
2025-12-30 15:15:00+05:30,229.3,229.35,228.8,229.1,909129
2025-12-31 09:15:00+05:30,229.3,231.8,229.2,231.35,377041
2025-12-31 09:30:00+05:30,231.25,231.4,230.85,231.0,93839
2025-12-31 09:45:00+05:30,231.0,231.35,230.75,230.8,128363
2025-12-31 10:00:00+05:30,230.8,231.35,230.8,231.25,123421
2025-12-31 10:15:00+05:30,231.25,231.95,231.1,231.7,169836
2025-12-31 10:30:00+05:30,231.7,231.8,231.5,231.8,91774
2025-12-31 10:45:00+05:30,231.8,231.8,231.45,231.6,50296
2025-12-31 11:00:00+05:30,231.6,231.8,231.55,231.8,92701
2025-12-31 11:15:00+05:30,231.7,231.8,231.45,231.6,173959
2025-12-31 11:30:00+05:30,231.65,232.95,231.6,232.6,535605
2025-12-31 11:45:00+05:30,232.65,233.25,232.35,232.7,224278
2025-12-31 12:00:00+05:30,232.7,233.2,232.7,233.1,191875
2025-12-31 12:15:00+05:30,233.05,233.2,232.55,232.65,121665
2025-12-31 12:30:00+05:30,232.65,233.5,232.5,232.85,767638
2025-12-31 12:45:00+05:30,232.85,233.1,232.6,232.95,113425
2025-12-31 13:00:00+05:30,232.9,233.15,232.8,233.1,103068
2025-12-31 13:15:00+05:30,233.1,233.1,232.6,232.7,191404
2025-12-31 13:30:00+05:30,232.7,232.9,232.55,232.6,88299
2025-12-31 13:45:00+05:30,232.6,233.45,232.55,233.4,348963
2025-12-31 14:00:00+05:30,233.5,234.2,233.4,234.1,756107
2025-12-31 14:15:00+05:30,234.1,234.25,234.0,234.0,421180
2025-12-31 14:30:00+05:30,234.0,234.1,234.0,234.0,240400
2025-12-31 14:45:00+05:30,234.0,234.35,233.8,233.95,610877
2025-12-31 15:00:00+05:30,234.05,234.55,234.05,234.3,1690700
2025-12-31 15:15:00+05:30,234.3,235.45,234.3,234.95,3754801
2026-01-01 09:15:00+05:30,235.35,235.55,233.1,233.9,712001
2026-01-01 09:30:00+05:30,233.95,234.95,233.75,234.55,743314
2026-01-01 09:45:00+05:30,234.65,235.3,234.25,235.1,255808
2026-01-01 10:00:00+05:30,235.1,235.45,234.4,234.65,207651
2026-01-01 10:15:00+05:30,234.65,234.8,234.05,234.35,131184
2026-01-01 10:30:00+05:30,234.35,234.55,233.8,233.85,80193
2026-01-01 10:45:00+05:30,233.9,234.15,233.6,233.65,88394
2026-01-01 11:00:00+05:30,233.65,233.75,233.35,233.5,103280
2026-01-01 11:15:00+05:30,233.45,233.95,233.45,233.65,76633
2026-01-01 11:30:00+05:30,233.65,234.0,232.85,232.85,213949
2026-01-01 11:45:00+05:30,232.85,233.5,232.8,233.4,170474
2026-01-01 12:00:00+05:30,233.4,233.65,233.05,233.15,155522
2026-01-01 12:15:00+05:30,233.15,233.8,232.9,233.7,168254
2026-01-01 12:30:00+05:30,233.65,233.7,232.7,233.0,168623
2026-01-01 12:45:00+05:30,233.0,233.2,232.8,233.1,132660
2026-01-01 13:00:00+05:30,233.1,233.15,232.45,232.45,166201
2026-01-01 13:15:00+05:30,232.55,232.65,232.3,232.5,168599
2026-01-01 13:30:00+05:30,232.5,232.75,232.45,232.75,163645
2026-01-01 13:45:00+05:30,232.75,232.85,232.4,232.65,210667
2026-01-01 14:00:00+05:30,232.65,232.85,232.2,232.45,199827
2026-01-01 14:15:00+05:30,232.55,232.75,232.35,232.65,180881
2026-01-01 14:30:00+05:30,232.65,232.75,232.05,232.05,193855
2026-01-01 14:45:00+05:30,232.05,232.6,231.95,232.4,257586
2026-01-01 15:00:00+05:30,232.45,232.65,232.25,232.25,372803
2026-01-01 15:15:00+05:30,232.4,232.65,232.25,232.45,462816
2026-01-02 09:15:00+05:30,232.45,234.45,232.45,233.95,232947
2026-01-02 09:30:00+05:30,233.95,234.5,233.75,234.4,156434
2026-01-02 09:45:00+05:30,234.4,234.45,234.0,234.1,125694
2026-01-02 10:00:00+05:30,234.1,235.4,234.1,234.9,364099
2026-01-02 10:15:00+05:30,234.9,235.3,234.9,235.3,161638
2026-01-02 10:30:00+05:30,235.25,236.95,235.2,236.2,667768
2026-01-02 10:45:00+05:30,236.25,236.7,235.85,235.95,212006
2026-01-02 11:00:00+05:30,236.05,236.2,235.8,236.0,165541
2026-01-02 11:15:00+05:30,235.95,236.2,235.5,235.6,130034
2026-01-02 11:30:00+05:30,235.55,235.6,234.8,234.95,244150
2026-01-02 11:45:00+05:30,235.05,235.3,234.8,234.85,187098
2026-01-02 12:00:00+05:30,234.95,235.05,234.7,234.85,344101
2026-01-02 12:15:00+05:30,234.85,235.25,234.6,235.2,164191
2026-01-02 12:30:00+05:30,235.2,235.6,235.1,235.2,210760
2026-01-02 12:45:00+05:30,235.25,235.35,235.05,235.15,122737
2026-01-02 13:00:00+05:30,235.1,235.3,235.0,235.0,154296
2026-01-02 13:15:00+05:30,235.05,235.35,235.0,235.15,187848
2026-01-02 13:30:00+05:30,235.15,235.2,234.95,235.1,161906
2026-01-02 13:45:00+05:30,235.1,235.25,235.05,235.1,158798
2026-01-02 14:00:00+05:30,235.1,235.65,235.1,235.6,165365
2026-01-02 14:15:00+05:30,235.6,235.95,235.35,235.85,184021
2026-01-02 14:30:00+05:30,235.8,235.95,235.55,235.85,275486
2026-01-02 14:45:00+05:30,235.8,236.15,235.7,236.1,237824
2026-01-02 15:00:00+05:30,236.2,236.25,235.6,235.8,378056
2026-01-02 15:15:00+05:30,235.8,236.45,235.75,236.45,503051
2026-01-05 09:15:00+05:30,241.15,241.15,236.55,237.25,3247322
2026-01-05 09:30:00+05:30,237.25,237.4,232.9,233.6,2551855
2026-01-05 09:45:00+05:30,233.8,233.8,231.55,232.7,1277019
2026-01-05 10:00:00+05:30,232.7,232.75,230.8,231.4,1200185
2026-01-05 10:15:00+05:30,231.4,232.1,230.95,231.6,1083010
2026-01-05 10:30:00+05:30,231.6,231.8,230.3,230.55,1100617
2026-01-05 10:45:00+05:30,230.6,231.9,230.5,231.65,627145
2026-01-05 11:00:00+05:30,231.65,233.5,231.4,232.7,1136554
2026-01-05 11:15:00+05:30,232.7,232.75,231.35,231.4,467062
2026-01-05 11:30:00+05:30,231.4,231.55,231.2,231.5,274759
2026-01-05 11:45:00+05:30,231.5,231.85,231.4,231.75,233255
2026-01-05 12:00:00+05:30,231.75,232.0,231.5,231.65,262775
2026-01-05 12:15:00+05:30,231.75,231.75,231.35,231.7,190444
2026-01-05 12:30:00+05:30,231.75,232.65,231.7,232.05,369538
2026-01-05 12:45:00+05:30,232.15,232.45,232.05,232.3,187282
2026-01-05 13:00:00+05:30,232.3,232.8,232.05,232.65,234571
2026-01-05 13:15:00+05:30,232.7,233.2,232.55,232.7,402308
2026-01-05 13:30:00+05:30,232.7,232.7,232.25,232.55,221664
2026-01-05 13:45:00+05:30,232.65,232.65,232.05,232.1,245143
2026-01-05 14:00:00+05:30,232.05,232.35,231.95,232.15,268379
2026-01-05 14:15:00+05:30,232.15,232.35,232.05,232.1,156274
2026-01-05 14:30:00+05:30,232.1,232.2,231.65,232.1,357654
2026-01-05 14:45:00+05:30,232.15,232.55,232.0,232.45,594907
2026-01-05 15:00:00+05:30,232.55,233.2,232.3,232.6,1194291
2026-01-05 15:15:00+05:30,232.55,232.75,232.15,232.6,1666505
2026-01-06 09:15:00+05:30,232.6,234.7,232.6,234.15,1549102
2026-01-06 09:30:00+05:30,234.0,235.05,234.0,234.6,848324
2026-01-06 09:45:00+05:30,234.6,235.2,234.6,235.05,402482
2026-01-06 10:00:00+05:30,235.05,236.25,234.8,235.5,654222
2026-01-06 10:15:00+05:30,235.5,236.05,234.95,235.15,432121
2026-01-06 10:30:00+05:30,235.15,235.55,234.9,235.25,230387
2026-01-06 10:45:00+05:30,235.2,235.3,234.35,234.55,280049
2026-01-06 11:00:00+05:30,234.55,234.95,233.8,233.8,262319
2026-01-06 11:15:00+05:30,233.8,234.9,233.75,234.85,402867
2026-01-06 11:30:00+05:30,234.85,235.4,234.55,235.25,390887
2026-01-06 11:45:00+05:30,235.2,235.35,234.8,235.2,231524
2026-01-06 12:00:00+05:30,235.2,235.45,235.1,235.3,215694
2026-01-06 12:15:00+05:30,235.35,235.45,235.05,235.2,198728
2026-01-06 12:30:00+05:30,235.3,235.6,235.15,235.3,271959
2026-01-06 12:45:00+05:30,235.4,235.75,235.35,235.5,237364
2026-01-06 13:00:00+05:30,235.5,235.55,235.35,235.45,151864
2026-01-06 13:15:00+05:30,235.45,235.5,235.2,235.25,216366
2026-01-06 13:30:00+05:30,235.35,235.45,235.2,235.45,177013
2026-01-06 13:45:00+05:30,235.45,235.6,235.2,235.5,189254
2026-01-06 14:00:00+05:30,235.5,235.6,235.25,235.35,202962
2026-01-06 14:15:00+05:30,235.25,235.7,235.2,235.7,224600
2026-01-06 14:30:00+05:30,235.7,236.6,235.7,236.55,700927
2026-01-06 14:45:00+05:30,236.45,236.55,236.05,236.35,298639
2026-01-06 15:00:00+05:30,236.35,236.8,236.15,236.3,944076
2026-01-06 15:15:00+05:30,236.3,236.4,235.8,236.25,1018131
2026-01-07 09:15:00+05:30,234.7,235.25,234.1,234.15,737018
2026-01-07 09:30:00+05:30,234.1,234.5,233.55,233.6,309947
2026-01-07 09:45:00+05:30,233.6,234.7,233.55,234.5,369956
2026-01-07 10:00:00+05:30,234.5,235.8,234.5,235.65,1117241
2026-01-07 10:15:00+05:30,235.7,236.1,235.25,235.55,490337
2026-01-07 10:30:00+05:30,235.5,235.7,235.35,235.65,203985
2026-01-07 10:45:00+05:30,235.65,235.7,235.45,235.65,126226
2026-01-07 11:00:00+05:30,235.65,236.0,235.45,235.75,178647
2026-01-07 11:15:00+05:30,235.65,235.8,235.45,235.5,272401
2026-01-07 11:30:00+05:30,235.55,235.55,235.1,235.15,221697
2026-01-07 11:45:00+05:30,235.15,235.25,234.8,234.9,197953
2026-01-07 12:00:00+05:30,234.9,234.95,234.55,234.65,137572
2026-01-07 12:15:00+05:30,234.65,234.75,233.9,233.95,202431
2026-01-07 12:30:00+05:30,233.95,234.35,233.95,234.15,127305
2026-01-07 12:45:00+05:30,234.15,234.3,234.0,234.1,106064
2026-01-07 13:00:00+05:30,234.15,234.55,234.1,234.4,167513
2026-01-07 13:15:00+05:30,234.5,234.5,233.6,233.65,192883
2026-01-07 13:30:00+05:30,233.75,233.8,232.7,232.9,442947
2026-01-07 13:45:00+05:30,233.0,233.25,232.9,233.2,142686
2026-01-07 14:00:00+05:30,233.25,233.45,233.05,233.1,175747
2026-01-07 14:15:00+05:30,233.1,233.2,232.95,233.1,165578
2026-01-07 14:30:00+05:30,233.1,233.45,233.0,233.35,183207
2026-01-07 14:45:00+05:30,233.3,233.7,233.05,233.55,241606
2026-01-07 15:00:00+05:30,233.6,233.8,233.4,233.65,561114
2026-01-07 15:15:00+05:30,233.7,233.7,233.5,233.7,1135764
2026-01-08 09:15:00+05:30,232.7,233.4,231.6,231.85,584517
2026-01-08 09:30:00+05:30,231.85,231.95,230.75,230.9,436326
2026-01-08 09:45:00+05:30,230.85,231.1,230.55,230.7,312440
2026-01-08 10:00:00+05:30,230.7,230.9,230.3,230.75,187460
2026-01-08 10:15:00+05:30,230.75,230.8,229.85,230.2,218577
2026-01-08 10:30:00+05:30,230.2,230.25,229.65,230.1,207733
2026-01-08 10:45:00+05:30,230.1,230.35,229.6,229.65,213316
2026-01-08 11:00:00+05:30,229.6,229.6,228.95,229.1,362279
2026-01-08 11:15:00+05:30,229.05,229.1,227.9,227.95,512940
2026-01-08 11:30:00+05:30,227.9,228.3,227.65,227.9,373343
2026-01-08 11:45:00+05:30,227.9,227.95,227.15,227.25,343068
2026-01-08 12:00:00+05:30,227.15,227.75,227.0,227.7,245832
2026-01-08 12:15:00+05:30,227.7,227.85,227.25,227.4,213098
2026-01-08 12:30:00+05:30,227.35,227.5,227.1,227.15,217084
2026-01-08 12:45:00+05:30,227.15,227.65,227.15,227.2,141107
2026-01-08 13:00:00+05:30,227.2,227.25,226.05,226.2,404877
2026-01-08 13:15:00+05:30,226.2,226.9,226.0,226.1,852644
2026-01-08 13:30:00+05:30,226.15,226.15,225.8,225.85,249313
2026-01-08 13:45:00+05:30,225.85,226.55,225.8,226.1,289135
2026-01-08 14:00:00+05:30,226.0,226.45,225.85,226.2,300404
2026-01-08 14:15:00+05:30,226.2,226.65,226.0,226.05,188984
2026-01-08 14:30:00+05:30,226.15,226.5,226.0,226.4,275824
2026-01-08 14:45:00+05:30,226.4,227.0,226.2,226.85,330448
2026-01-08 15:00:00+05:30,227.0,227.05,226.05,226.15,674587
2026-01-08 15:15:00+05:30,226.1,226.35,225.7,225.9,1041832
2026-01-09 09:15:00+05:30,226.95,232.75,226.65,229.75,2307986
2026-01-09 09:30:00+05:30,229.8,229.85,228.45,229.25,626011
2026-01-09 09:45:00+05:30,229.3,231.15,229.3,230.8,914754
2026-01-09 10:00:00+05:30,230.8,231.05,230.15,230.35,529381
2026-01-09 10:15:00+05:30,230.4,230.75,230.1,230.55,346073
2026-01-09 10:30:00+05:30,230.6,230.6,229.9,230.2,253090
2026-01-09 10:45:00+05:30,230.2,230.5,229.6,229.75,263030
2026-01-09 11:00:00+05:30,229.8,229.9,229.1,229.15,271944
2026-01-09 11:15:00+05:30,229.15,229.25,228.5,229.0,283920
2026-01-09 11:30:00+05:30,229.05,229.2,228.45,228.65,201447
2026-01-09 11:45:00+05:30,228.75,228.95,228.4,228.5,267952
2026-01-09 12:00:00+05:30,228.55,228.85,228.45,228.6,360996
2026-01-09 12:15:00+05:30,228.6,229.35,228.25,228.3,215055
2026-01-09 12:30:00+05:30,228.3,228.6,228.0,228.05,246444
2026-01-09 12:45:00+05:30,228.05,228.65,227.75,228.6,857362
2026-01-09 13:00:00+05:30,228.7,229.1,228.55,228.85,311195
2026-01-09 13:15:00+05:30,228.85,228.95,228.45,228.65,462683
2026-01-09 13:30:00+05:30,228.65,228.7,227.8,228.25,557013
2026-01-09 13:45:00+05:30,228.25,228.65,228.1,228.45,295897
2026-01-09 14:00:00+05:30,228.45,228.9,228.15,228.2,181305
2026-01-09 14:15:00+05:30,228.2,228.8,228.2,228.25,697833
2026-01-09 14:30:00+05:30,228.25,228.75,228.2,228.7,444647
2026-01-09 14:45:00+05:30,228.75,228.9,228.3,228.8,280327
2026-01-09 15:00:00+05:30,228.8,228.95,228.3,228.9,821869
2026-01-09 15:15:00+05:30,228.85,228.9,228.4,228.6,638147
2026-01-12 09:15:00+05:30,228.7,229.3,227.35,228.25,658746
2026-01-12 09:30:00+05:30,228.3,228.65,226.5,226.65,475832
2026-01-12 09:45:00+05:30,226.65,228.2,226.35,227.5,434419
2026-01-12 10:00:00+05:30,227.5,228.3,227.4,227.5,414862
2026-01-12 10:15:00+05:30,227.55,228.2,227.1,228.0,296275
2026-01-12 10:30:00+05:30,228.0,228.4,227.7,228.0,225217
2026-01-12 10:45:00+05:30,228.0,229.0,227.8,228.4,626954
2026-01-12 11:00:00+05:30,228.45,228.6,228.15,228.3,148268
2026-01-12 11:15:00+05:30,228.3,228.4,227.45,227.6,292451
2026-01-12 11:30:00+05:30,227.6,227.65,227.25,227.4,131052
2026-01-12 11:45:00+05:30,227.4,227.7,227.4,227.55,105453
2026-01-12 12:00:00+05:30,227.6,228.45,227.55,228.15,251684
2026-01-12 12:15:00+05:30,228.25,229.1,228.25,228.85,509226
2026-01-12 12:30:00+05:30,228.85,229.45,228.75,229.15,409133
2026-01-12 12:45:00+05:30,229.2,230.05,229.1,229.85,448405
2026-01-12 13:00:00+05:30,229.85,229.9,229.1,229.4,143829
2026-01-12 13:15:00+05:30,229.4,229.6,229.1,229.5,127173
2026-01-12 13:30:00+05:30,229.5,230.45,229.4,230.25,194139
2026-01-12 13:45:00+05:30,230.2,230.5,229.95,230.0,914457
2026-01-12 14:00:00+05:30,230.0,230.05,229.5,229.9,202374
2026-01-12 14:15:00+05:30,229.9,230.15,229.8,229.9,190607
2026-01-12 14:30:00+05:30,229.9,230.2,229.7,230.2,324968
2026-01-12 14:45:00+05:30,230.15,230.75,230.1,230.5,305361
2026-01-12 15:00:00+05:30,230.6,230.6,230.05,230.3,681982
2026-01-12 15:15:00+05:30,230.3,230.45,229.8,230.15,905021
2026-01-13 09:15:00+05:30,232.55,235.75,230.4,234.35,1949433
2026-01-13 09:30:00+05:30,234.5,234.6,233.4,234.25,590260
2026-01-13 09:45:00+05:30,234.45,235.65,234.45,234.9,853650
2026-01-13 10:00:00+05:30,234.9,235.15,234.4,234.55,408988
2026-01-13 10:15:00+05:30,234.55,235.15,234.5,234.65,242590
2026-01-13 10:30:00+05:30,234.65,235.05,234.3,234.55,420404
2026-01-13 10:45:00+05:30,234.5,235.6,234.5,234.6,1167072
2026-01-13 11:00:00+05:30,234.6,234.8,234.35,234.8,550883
2026-01-13 11:15:00+05:30,234.7,235.1,234.5,235.05,177885
2026-01-13 11:30:00+05:30,235.05,235.5,234.95,235.3,466625
2026-01-13 11:45:00+05:30,235.2,236.3,235.2,235.45,698724
2026-01-13 12:00:00+05:30,235.45,236.15,234.85,236.05,926493
2026-01-13 12:15:00+05:30,236.05,237.5,235.95,237.45,1581872
2026-01-13 12:30:00+05:30,237.4,237.7,236.8,236.95,1163047
2026-01-13 12:45:00+05:30,236.95,237.3,236.45,236.8,737750
2026-01-13 13:00:00+05:30,236.85,237.4,236.45,236.7,599025
2026-01-13 13:15:00+05:30,236.75,236.8,236.2,236.55,922702
2026-01-13 13:30:00+05:30,236.5,237.4,236.5,237.4,693413
2026-01-13 13:45:00+05:30,237.4,238.4,237.4,238.25,2032291
2026-01-13 14:00:00+05:30,238.25,238.3,236.55,236.7,1393405
2026-01-13 14:15:00+05:30,236.75,236.8,235.95,236.4,905953
2026-01-13 14:30:00+05:30,236.4,237.65,236.2,237.55,633293
2026-01-13 14:45:00+05:30,237.55,238.55,237.5,238.05,1165690
2026-01-13 15:00:00+05:30,238.25,238.4,237.9,238.1,914359
2026-01-13 15:15:00+05:30,238.1,238.4,237.9,237.9,1228493
2026-01-14 09:15:00+05:30,238.4,241.8,238.0,239.9,4436684
2026-01-14 09:30:00+05:30,239.85,240.75,239.05,240.75,1088117
2026-01-14 09:45:00+05:30,240.75,242.6,240.75,241.65,3894969
2026-01-14 10:00:00+05:30,241.7,243.55,241.65,242.8,3916826
2026-01-14 10:15:00+05:30,242.8,243.4,242.4,242.8,3037823
2026-01-14 10:30:00+05:30,242.85,242.95,241.85,242.75,686173
2026-01-14 10:45:00+05:30,242.65,244.15,242.5,243.75,1602070
2026-01-14 11:00:00+05:30,243.75,244.15,243.3,244.1,1120124
2026-01-14 11:15:00+05:30,244.1,244.7,243.35,244.55,1937531
2026-01-14 11:30:00+05:30,244.65,244.85,244.2,244.55,581211
2026-01-14 11:45:00+05:30,244.55,245.05,244.25,244.6,546032
2026-01-14 12:00:00+05:30,244.65,244.7,244.3,244.4,680136
2026-01-14 12:15:00+05:30,244.45,244.95,244.4,244.7,296302
2026-01-14 12:30:00+05:30,244.7,245.25,244.55,244.7,381871
2026-01-14 12:45:00+05:30,244.7,244.95,244.6,244.8,281361
2026-01-14 13:00:00+05:30,244.8,245.0,244.75,244.9,316127
2026-01-14 13:15:00+05:30,244.85,244.95,244.25,244.75,903409
2026-01-14 13:30:00+05:30,244.75,244.85,244.35,244.85,274780
2026-01-14 13:45:00+05:30,244.85,244.85,243.15,243.15,1699656
2026-01-14 14:00:00+05:30,243.25,243.6,242.95,243.2,709060
2026-01-14 14:15:00+05:30,243.2,243.3,242.9,243.1,522664
2026-01-14 14:30:00+05:30,243.0,243.1,242.75,242.85,1124603
2026-01-14 14:45:00+05:30,242.85,243.4,242.75,242.75,887279
2026-01-14 15:00:00+05:30,242.85,242.95,242.15,242.7,812383
2026-01-14 15:15:00+05:30,242.7,242.95,242.2,242.3,1228215
2026-01-16 09:15:00+05:30,241.2,241.2,236.85,239.35,916492
2026-01-16 09:30:00+05:30,239.35,240.1,238.7,239.6,433977
2026-01-16 09:45:00+05:30,239.65,239.65,238.9,239.05,243169
2026-01-16 10:00:00+05:30,239.05,240.5,238.8,240.5,295914
2026-01-16 10:15:00+05:30,240.5,242.1,240.35,241.8,726372
2026-01-16 10:30:00+05:30,241.8,241.8,240.85,240.95,355255
2026-01-16 10:45:00+05:30,240.95,241.45,240.85,241.15,261003
2026-01-16 11:00:00+05:30,241.1,241.25,240.65,240.95,255639
2026-01-16 11:15:00+05:30,241.05,241.3,240.7,241.3,289557
2026-01-16 11:30:00+05:30,241.3,241.95,241.3,241.75,335572
2026-01-16 11:45:00+05:30,241.75,241.75,240.5,240.9,346117
2026-01-16 12:00:00+05:30,240.95,241.05,240.05,240.1,998648
2026-01-16 12:15:00+05:30,240.1,240.25,239.55,239.75,254336
2026-01-16 12:30:00+05:30,239.75,240.25,239.55,240.1,172938
2026-01-16 12:45:00+05:30,240.05,240.15,239.9,240.1,204834
2026-01-16 13:00:00+05:30,240.1,240.2,239.35,239.55,787604
2026-01-16 13:15:00+05:30,239.6,239.85,239.35,239.6,185141
2026-01-16 13:30:00+05:30,239.75,239.75,239.0,239.0,291611
2026-01-16 13:45:00+05:30,239.05,239.7,239.0,239.3,319183
2026-01-16 14:00:00+05:30,239.35,239.65,239.15,239.35,222515
2026-01-16 14:15:00+05:30,239.45,239.5,238.9,239.1,260181
2026-01-16 14:30:00+05:30,239.15,240.35,238.85,240.25,486464
2026-01-16 14:45:00+05:30,240.4,241.85,240.25,241.75,1420712
2026-01-16 15:00:00+05:30,241.7,242.05,241.3,241.45,940287
2026-01-16 15:15:00+05:30,241.4,241.9,240.9,241.55,1124213
2026-01-19 09:15:00+05:30,239.35,242.3,238.95,239.8,623803
2026-01-19 09:30:00+05:30,239.85,240.85,239.35,240.75,758002
2026-01-19 09:45:00+05:30,240.75,241.0,240.25,240.35,161702
2026-01-19 10:00:00+05:30,240.4,240.85,240.0,240.65,147823
2026-01-19 10:15:00+05:30,240.7,240.7,239.85,240.0,114038
2026-01-19 10:30:00+05:30,240.0,240.2,239.7,239.85,110237
2026-01-19 10:45:00+05:30,239.85,240.1,239.55,239.95,388841
2026-01-19 11:00:00+05:30,239.95,239.95,238.65,239.05,197402
2026-01-19 11:15:00+05:30,239.05,239.05,238.2,238.55,264907
2026-01-19 11:30:00+05:30,238.6,238.6,237.6,238.1,276218
2026-01-19 11:45:00+05:30,238.0,238.05,237.55,237.6,177388
2026-01-19 12:00:00+05:30,237.6,238.05,237.5,238.0,166338
2026-01-19 12:15:00+05:30,238.0,238.25,237.45,237.5,150594
2026-01-19 12:30:00+05:30,237.6,237.8,236.75,237.5,366445
2026-01-19 12:45:00+05:30,237.4,237.5,237.2,237.4,142937
2026-01-19 13:00:00+05:30,237.4,237.7,237.3,237.45,150639
2026-01-19 13:15:00+05:30,237.35,237.8,237.25,237.75,157248
2026-01-19 13:30:00+05:30,237.75,237.85,237.35,237.45,149863
2026-01-19 13:45:00+05:30,237.35,237.85,237.25,237.5,169200
2026-01-19 14:00:00+05:30,237.5,237.75,237.3,237.45,164939
2026-01-19 14:15:00+05:30,237.4,237.65,237.05,237.25,246503
2026-01-19 14:30:00+05:30,237.25,237.75,237.1,237.75,209942
2026-01-19 14:45:00+05:30,237.6,238.25,237.5,238.05,291763
2026-01-19 15:00:00+05:30,238.05,238.3,237.4,237.5,403437
2026-01-19 15:15:00+05:30,237.5,237.55,237.0,237.45,446279
2026-01-20 09:15:00+05:30,237.5,239.7,237.05,238.4,678912
2026-01-20 09:30:00+05:30,238.45,238.95,237.35,237.6,385943
2026-01-20 09:45:00+05:30,237.6,237.8,236.95,237.3,245183
2026-01-20 10:00:00+05:30,237.2,237.9,237.0,237.05,230361
2026-01-20 10:15:00+05:30,237.1,237.5,236.55,237.0,183437
2026-01-20 10:30:00+05:30,237.0,237.75,236.8,237.45,95143
2026-01-20 10:45:00+05:30,237.6,237.6,237.1,237.35,89588
2026-01-20 11:00:00+05:30,237.35,237.4,235.7,235.7,224067
2026-01-20 11:15:00+05:30,235.75,235.95,235.2,235.5,230300
2026-01-20 11:30:00+05:30,235.55,235.9,235.45,235.75,162851
2026-01-20 11:45:00+05:30,235.8,236.2,235.45,236.0,164912
2026-01-20 12:00:00+05:30,236.05,236.05,235.1,235.6,136623
2026-01-20 12:15:00+05:30,235.6,236.05,235.5,235.85,139837
2026-01-20 12:30:00+05:30,235.95,236.2,235.45,235.45,128876
2026-01-20 12:45:00+05:30,235.5,236.0,235.4,235.95,134216
2026-01-20 13:00:00+05:30,235.95,236.0,235.45,235.5,111157
2026-01-20 13:15:00+05:30,235.5,235.95,235.45,235.6,150338
2026-01-20 13:30:00+05:30,235.55,235.6,234.2,235.05,425512
2026-01-20 13:45:00+05:30,235.05,235.05,234.6,234.95,149077
2026-01-20 14:00:00+05:30,235.0,235.45,234.8,235.45,255625
2026-01-20 14:15:00+05:30,235.45,236.05,235.45,236.0,232659
2026-01-20 14:30:00+05:30,236.0,236.15,235.7,235.75,301648
2026-01-20 14:45:00+05:30,235.85,236.1,235.5,235.5,214215
2026-01-20 15:00:00+05:30,235.5,235.55,234.55,234.75,466173
2026-01-20 15:15:00+05:30,234.75,235.1,234.45,235.1,447175
2026-01-21 09:15:00+05:30,234.5,237.4,234.5,237.2,778392
2026-01-21 09:30:00+05:30,237.2,237.4,236.2,236.4,486805
2026-01-21 09:45:00+05:30,236.4,237.25,235.85,236.65,383860
2026-01-21 10:00:00+05:30,236.65,237.4,236.05,236.45,372537
2026-01-21 10:15:00+05:30,236.45,236.5,235.05,235.1,545766
2026-01-21 10:30:00+05:30,235.1,235.65,235.0,235.05,178941
2026-01-21 10:45:00+05:30,235.05,235.2,234.0,234.75,357196
2026-01-21 11:00:00+05:30,234.75,235.45,234.75,235.0,199571
2026-01-21 11:15:00+05:30,235.0,236.0,234.65,235.55,541432
2026-01-21 11:30:00+05:30,235.55,236.2,235.55,236.15,200764
2026-01-21 11:45:00+05:30,236.1,236.55,236.05,236.4,221139
2026-01-21 12:00:00+05:30,236.4,237.05,236.35,236.95,240900
2026-01-21 12:15:00+05:30,236.95,238.05,236.9,237.7,324876
2026-01-21 12:30:00+05:30,237.7,238.1,237.4,237.8,228488
2026-01-21 12:45:00+05:30,237.8,238.85,237.75,238.75,680485
2026-01-21 13:00:00+05:30,238.75,238.8,237.65,237.9,304695
2026-01-21 13:15:00+05:30,237.9,237.95,237.55,237.8,186460
2026-01-21 13:30:00+05:30,237.8,237.95,237.25,237.55,209669
2026-01-21 13:45:00+05:30,237.55,237.75,237.2,237.25,150320
2026-01-21 14:00:00+05:30,237.3,237.4,236.95,236.95,304602
2026-01-21 14:15:00+05:30,236.9,237.25,236.45,236.5,274882
2026-01-21 14:30:00+05:30,236.6,237.05,236.25,236.75,332508
2026-01-21 14:45:00+05:30,236.75,237.25,236.6,237.0,266048
2026-01-21 15:00:00+05:30,236.8,237.0,236.4,236.5,871150
2026-01-21 15:15:00+05:30,236.5,237.25,236.3,236.85,945182
2026-01-22 09:15:00+05:30,239.0,239.85,238.5,239.65,597598
2026-01-22 09:30:00+05:30,239.6,240.8,239.45,240.15,282741
2026-01-22 09:45:00+05:30,240.2,240.7,239.8,240.2,290114
2026-01-22 10:00:00+05:30,240.2,240.2,238.85,239.95,426308
2026-01-22 10:15:00+05:30,239.95,240.7,239.7,240.4,344974
2026-01-22 10:30:00+05:30,240.35,240.5,239.95,240.25,207207
2026-01-22 10:45:00+05:30,240.25,240.3,239.5,239.5,218960
2026-01-22 11:00:00+05:30,239.5,239.5,239.05,239.15,385268
2026-01-22 11:15:00+05:30,239.2,239.5,238.9,239.2,221383
2026-01-22 11:30:00+05:30,239.2,239.2,238.25,238.35,301225
2026-01-22 11:45:00+05:30,238.4,238.85,238.3,238.4,206566
2026-01-22 12:00:00+05:30,238.4,239.05,238.4,238.85,177496
2026-01-22 12:15:00+05:30,238.95,238.95,238.3,238.7,291356
2026-01-22 12:30:00+05:30,238.7,238.75,238.1,238.35,407577
2026-01-22 12:45:00+05:30,238.35,238.6,238.2,238.35,323420
2026-01-22 13:00:00+05:30,238.35,238.65,237.95,238.05,544797
2026-01-22 13:15:00+05:30,238.05,238.35,237.55,237.65,337906
2026-01-22 13:30:00+05:30,237.75,238.0,237.1,237.5,327062
2026-01-22 13:45:00+05:30,237.45,237.9,237.3,237.55,300895
2026-01-22 14:00:00+05:30,237.6,238.0,237.45,237.45,309159
2026-01-22 14:15:00+05:30,237.45,237.65,237.0,237.55,365343
2026-01-22 14:30:00+05:30,237.55,238.25,237.5,237.9,371132
2026-01-22 14:45:00+05:30,237.9,238.6,237.65,238.3,1010058
2026-01-22 15:00:00+05:30,238.2,238.55,238.0,238.35,1046843
2026-01-22 15:15:00+05:30,238.35,238.85,237.8,237.9,1201820
2026-01-23 09:15:00+05:30,239.65,239.65,236.0,238.2,595641
2026-01-23 09:30:00+05:30,238.2,238.5,237.7,238.3,222586
2026-01-23 09:45:00+05:30,238.25,238.85,237.9,238.25,225180
2026-01-23 10:00:00+05:30,238.25,239.5,238.0,239.1,422705
2026-01-23 10:15:00+05:30,239.1,239.6,239.0,239.6,201997
2026-01-23 10:30:00+05:30,239.6,239.75,239.25,239.45,252596
2026-01-23 10:45:00+05:30,239.45,239.45,238.9,239.05,167932
2026-01-23 11:00:00+05:30,239.05,239.2,238.4,238.9,203971
2026-01-23 11:15:00+05:30,238.9,239.5,238.8,239.05,167852
2026-01-23 11:30:00+05:30,239.05,239.15,238.2,238.25,172856
2026-01-23 11:45:00+05:30,238.2,238.65,238.2,238.55,189534
2026-01-23 12:00:00+05:30,238.45,238.9,238.35,238.65,205498
2026-01-23 12:15:00+05:30,238.7,239.75,238.45,239.65,330221
2026-01-23 12:30:00+05:30,239.65,240.05,239.15,240.05,286755
2026-01-23 12:45:00+05:30,240.05,240.65,239.9,239.95,765114
2026-01-23 13:00:00+05:30,240.05,240.25,239.85,240.05,243785
2026-01-23 13:15:00+05:30,240.05,240.2,239.35,239.45,234414
2026-01-23 13:30:00+05:30,239.5,239.7,239.1,239.45,257688
2026-01-23 13:45:00+05:30,239.5,239.85,239.4,239.65,276824
2026-01-23 14:00:00+05:30,239.6,240.05,239.45,239.65,329601
2026-01-23 14:15:00+05:30,239.65,240.0,239.4,239.75,252134
2026-01-23 14:30:00+05:30,239.75,240.0,239.35,239.75,343960
2026-01-23 14:45:00+05:30,239.85,240.15,239.25,240.05,414121
2026-01-23 15:00:00+05:30,240.05,240.3,239.45,239.65,586341
2026-01-23 15:15:00+05:30,239.65,240.6,239.55,240.15,696515
2026-01-27 09:15:00+05:30,240.95,243.25,240.25,241.5,1515081
2026-01-27 09:30:00+05:30,241.45,241.5,240.55,241.3,545973
2026-01-27 09:45:00+05:30,241.35,241.65,240.6,240.9,397356
2026-01-27 10:00:00+05:30,240.9,241.6,240.85,241.35,1114019
2026-01-27 10:15:00+05:30,241.3,241.95,241.05,241.85,713856
2026-01-27 10:30:00+05:30,241.9,241.95,240.95,241.15,617831
2026-01-27 10:45:00+05:30,241.15,241.45,240.8,240.9,234460
2026-01-27 11:00:00+05:30,240.9,241.8,240.75,241.7,324590
2026-01-27 11:15:00+05:30,241.7,241.8,241.2,241.55,358613
2026-01-27 11:30:00+05:30,241.55,242.85,241.5,242.85,553505
2026-01-27 11:45:00+05:30,242.9,242.95,242.25,242.4,365649
2026-01-27 12:00:00+05:30,242.4,242.85,242.15,242.65,289304
2026-01-27 12:15:00+05:30,242.65,242.75,242.25,242.35,284350
2026-01-27 12:30:00+05:30,242.35,242.55,242.0,242.1,294456
2026-01-27 12:45:00+05:30,242.1,242.35,241.9,242.2,212386
2026-01-27 13:00:00+05:30,242.2,242.55,241.8,242.5,308745
2026-01-27 13:15:00+05:30,242.5,242.8,242.15,242.8,293897
2026-01-27 13:30:00+05:30,242.85,243.05,241.95,242.05,232879
2026-01-27 13:45:00+05:30,242.05,242.25,241.3,241.95,795468
2026-01-27 14:00:00+05:30,241.95,242.0,241.25,241.3,336710
2026-01-27 14:15:00+05:30,241.3,241.75,241.05,241.4,417812
2026-01-27 14:30:00+05:30,241.45,242.4,241.3,242.2,651096
2026-01-27 14:45:00+05:30,242.2,242.55,242.1,242.4,540355
2026-01-27 15:00:00+05:30,242.3,242.45,241.8,242.3,2606084
2026-01-27 15:15:00+05:30,242.3,242.8,241.85,242.5,1760207
2026-01-28 09:15:00+05:30,243.45,255.1,243.45,254.55,7488952
2026-01-28 09:30:00+05:30,254.55,257.15,254.35,256.15,5390877
2026-01-28 09:45:00+05:30,256.2,260.1,256.05,259.0,5603720
2026-01-28 10:00:00+05:30,259.1,259.8,255.55,257.5,4721889
2026-01-28 10:15:00+05:30,257.65,258.3,255.85,256.0,3006480
2026-01-28 10:30:00+05:30,255.9,257.6,255.4,256.65,3067367
2026-01-28 10:45:00+05:30,256.6,257.6,256.05,256.9,1531548
2026-01-28 11:00:00+05:30,256.85,257.9,256.85,257.25,1703903
2026-01-28 11:15:00+05:30,257.25,258.4,257.2,257.55,2215164
2026-01-28 11:30:00+05:30,257.65,257.95,255.45,255.7,2922934
2026-01-28 11:45:00+05:30,255.85,258.35,255.7,258.2,3677761
2026-01-28 12:00:00+05:30,258.2,262.05,258.2,261.85,5498116
2026-01-28 12:15:00+05:30,261.95,263.3,261.5,261.65,3942982
2026-01-28 12:30:00+05:30,261.6,262.05,260.5,261.0,2029117
2026-01-28 12:45:00+05:30,261.0,261.4,260.2,260.3,2192420
2026-01-28 13:00:00+05:30,260.35,261.35,260.0,260.1,1453046
2026-01-28 13:15:00+05:30,260.15,260.35,259.2,259.25,1445653
2026-01-28 13:30:00+05:30,259.25,259.45,258.9,258.95,1272645
2026-01-28 13:45:00+05:30,259.0,260.1,258.9,259.8,864752
2026-01-28 14:00:00+05:30,259.8,260.5,259.15,260.05,2641543
2026-01-28 14:15:00+05:30,260.05,261.25,259.9,261.05,1304349
2026-01-28 14:30:00+05:30,261.1,261.25,260.2,261.15,1074797
2026-01-28 14:45:00+05:30,261.15,262.75,261.15,262.6,1897631
2026-01-28 15:00:00+05:30,262.55,263.45,261.15,262.15,3227188
2026-01-28 15:15:00+05:30,262.15,262.95,261.95,262.05,2681069
2026-01-29 09:15:00+05:30,263.8,266.15,262.85,265.1,5270247
2026-01-29 09:30:00+05:30,265.2,269.4,264.5,268.55,4206567
2026-01-29 09:45:00+05:30,268.65,268.7,265.25,265.35,2779511
2026-01-29 10:00:00+05:30,265.65,267.15,264.9,265.9,2692351
2026-01-29 10:15:00+05:30,265.9,266.25,264.6,265.4,1396725
2026-01-29 10:30:00+05:30,265.55,267.4,264.95,267.3,1768910
2026-01-29 10:45:00+05:30,267.4,267.7,266.75,267.15,1270416
2026-01-29 11:00:00+05:30,267.3,267.45,265.1,265.25,1091804
2026-01-29 11:15:00+05:30,265.25,266.9,265.15,266.55,3091376
2026-01-29 11:30:00+05:30,266.55,267.1,266.25,266.7,691281
2026-01-29 11:45:00+05:30,266.7,267.55,266.3,267.4,1028303
2026-01-29 12:00:00+05:30,267.4,268.1,267.2,267.9,887097
2026-01-29 12:15:00+05:30,267.9,268.65,267.6,268.35,1823927
2026-01-29 12:30:00+05:30,268.3,268.8,266.7,266.75,1541302
2026-01-29 12:45:00+05:30,266.75,267.75,266.3,267.45,874370
2026-01-29 13:00:00+05:30,267.4,267.75,266.8,267.7,883899
2026-01-29 13:15:00+05:30,267.7,268.1,267.35,267.9,1357154
2026-01-29 13:30:00+05:30,267.9,268.15,267.7,267.9,596040
2026-01-29 13:45:00+05:30,267.9,268.4,267.75,268.1,1331512
2026-01-29 14:00:00+05:30,268.1,268.8,267.95,268.7,1567332
2026-01-29 14:15:00+05:30,268.7,269.3,268.35,269.3,1844555
2026-01-29 14:30:00+05:30,269.3,271.4,269.2,269.45,3322043
2026-01-29 14:45:00+05:30,269.4,270.55,268.8,269.8,2347597
2026-01-29 15:00:00+05:30,269.8,270.1,268.45,269.15,2080450
2026-01-29 15:15:00+05:30,269.1,269.65,268.3,268.5,2327302
2026-01-30 09:15:00+05:30,267.6,267.8,263.2,264.6,2856285
2026-01-30 09:30:00+05:30,264.55,266.5,263.8,265.7,1169867
2026-01-30 09:45:00+05:30,265.75,270.15,265.7,267.15,2782866
2026-01-30 10:00:00+05:30,267.25,267.25,264.0,264.2,978769
2026-01-30 10:15:00+05:30,264.2,264.5,262.45,263.8,1122303
2026-01-30 10:30:00+05:30,263.85,265.25,263.7,265.0,981203
2026-01-30 10:45:00+05:30,264.95,265.15,263.7,264.4,554736
2026-01-30 11:00:00+05:30,264.35,264.45,263.35,263.7,350149
2026-01-30 11:15:00+05:30,263.7,264.3,263.0,263.95,338105
2026-01-30 11:30:00+05:30,263.95,265.0,263.55,264.55,402932
2026-01-30 11:45:00+05:30,264.5,265.45,264.0,264.8,410242
2026-01-30 12:00:00+05:30,264.75,264.9,263.5,263.6,351290
2026-01-30 12:15:00+05:30,263.6,264.7,263.3,264.15,429114
2026-01-30 12:30:00+05:30,264.15,264.5,262.55,262.55,589300
2026-01-30 12:45:00+05:30,262.55,263.1,262.35,262.95,395664
2026-01-30 13:00:00+05:30,262.95,263.05,261.95,262.05,556139
2026-01-30 13:15:00+05:30,262.0,262.6,261.85,262.25,593090
2026-01-30 13:30:00+05:30,262.25,263.05,262.25,262.6,559967
2026-01-30 13:45:00+05:30,262.65,263.6,262.5,263.55,511826
2026-01-30 14:00:00+05:30,263.55,263.65,263.0,263.4,579693
2026-01-30 14:15:00+05:30,263.45,263.5,262.75,262.85,587799
2026-01-30 14:30:00+05:30,262.85,263.2,262.15,262.15,494720
2026-01-30 14:45:00+05:30,262.25,262.8,262.15,262.4,597466
2026-01-30 15:00:00+05:30,262.45,263.3,262.4,262.8,3060733
2026-01-30 15:15:00+05:30,262.75,263.7,261.85,261.9,3057606
2026-02-01 09:15:00+05:30,262.8,266.55,262.05,266.2,589042
2026-02-01 09:30:00+05:30,266.25,269.5,265.3,267.0,1478773
2026-02-01 09:45:00+05:30,267.0,268.5,265.2,267.45,1324409
2026-02-01 10:00:00+05:30,267.3,267.7,266.95,267.55,283120
2026-02-01 10:15:00+05:30,267.5,267.85,266.25,266.45,293480
2026-02-01 10:30:00+05:30,266.35,266.65,264.6,264.65,377974
2026-02-01 10:45:00+05:30,264.65,266.05,264.65,265.4,281639
2026-02-01 11:00:00+05:30,265.4,265.8,264.25,264.85,404788
2026-02-01 11:15:00+05:30,264.85,265.2,263.4,263.7,502522
2026-02-01 11:30:00+05:30,263.7,263.8,263.1,263.3,203556
2026-02-01 11:45:00+05:30,263.15,263.15,259.85,260.85,1026270
2026-02-01 12:00:00+05:30,260.85,262.25,259.0,259.4,402593
2026-02-01 12:15:00+05:30,259.4,260.25,256.8,256.8,579508
2026-02-01 12:30:00+05:30,256.95,258.9,250.3,257.65,1733543
2026-02-01 12:45:00+05:30,257.7,258.4,256.15,257.6,348802
2026-02-01 13:00:00+05:30,257.55,257.75,253.85,254.55,709492
2026-02-01 13:15:00+05:30,254.55,255.2,253.25,253.5,767425
2026-02-01 13:30:00+05:30,253.4,253.95,252.15,252.85,383666
2026-02-01 13:45:00+05:30,252.9,253.6,252.35,253.45,397607
2026-02-01 14:00:00+05:30,253.85,254.55,253.45,253.85,989262
2026-02-01 14:15:00+05:30,253.75,253.75,249.65,251.05,812938
2026-02-01 14:30:00+05:30,250.8,251.75,250.0,250.25,409885
2026-02-01 14:45:00+05:30,250.25,251.4,248.9,249.0,581124
2026-02-01 15:00:00+05:30,249.0,249.6,248.5,248.7,657771
2026-02-01 15:15:00+05:30,248.7,249.65,247.2,248.65,1590700
2026-02-02 09:15:00+05:30,245.8,251.1,241.9,249.1,2067163
2026-02-02 09:30:00+05:30,249.1,249.45,246.25,247.1,1722103
2026-02-02 09:45:00+05:30,247.1,247.45,245.7,245.75,1019972
2026-02-02 10:00:00+05:30,245.75,245.75,243.35,244.15,1540396
2026-02-02 10:15:00+05:30,244.05,244.75,243.4,243.65,1087180
2026-02-02 10:30:00+05:30,243.65,245.35,243.65,244.7,405142
2026-02-02 10:45:00+05:30,244.7,245.85,244.25,244.8,577448
2026-02-02 11:00:00+05:30,244.75,244.75,242.95,243.1,553349
2026-02-02 11:15:00+05:30,243.05,243.8,242.6,243.8,401117
2026-02-02 11:30:00+05:30,243.8,246.55,243.8,246.5,579570
2026-02-02 11:45:00+05:30,246.5,247.55,246.2,247.45,965686
2026-02-02 12:00:00+05:30,247.5,247.6,246.6,247.25,398278
2026-02-02 12:15:00+05:30,247.25,247.6,246.15,246.25,241470
2026-02-02 12:30:00+05:30,246.35,246.75,245.9,246.45,175848
2026-02-02 12:45:00+05:30,246.35,247.2,246.05,246.7,271818
2026-02-02 13:00:00+05:30,246.7,247.3,245.65,245.7,467439
2026-02-02 13:15:00+05:30,245.7,246.2,245.05,245.5,331584
2026-02-02 13:30:00+05:30,245.55,246.0,245.2,245.75,321699
2026-02-02 13:45:00+05:30,245.9,246.85,245.7,246.3,531483
2026-02-02 14:00:00+05:30,246.3,246.65,246.1,246.35,365127
2026-02-02 14:15:00+05:30,246.3,246.75,246.15,246.75,246697
2026-02-02 14:30:00+05:30,246.75,247.45,246.75,247.4,297056
2026-02-02 14:45:00+05:30,247.4,248.55,247.2,248.2,420724
2026-02-02 15:00:00+05:30,248.55,249.0,247.6,247.85,922704
2026-02-02 15:15:00+05:30,247.85,248.95,247.75,248.5,1046560
2026-02-03 09:15:00+05:30,253.75,256.0,244.2,245.0,3784224
2026-02-03 09:30:00+05:30,245.0,246.2,243.65,243.85,1579567
2026-02-03 09:45:00+05:30,243.75,245.4,243.6,244.35,721031
2026-02-03 10:00:00+05:30,244.4,245.45,244.35,245.45,468424
2026-02-03 10:15:00+05:30,245.45,246.95,245.4,246.65,583837
2026-02-03 10:30:00+05:30,246.7,247.15,244.9,245.05,558949
2026-02-03 10:45:00+05:30,245.05,245.4,244.25,244.35,539258
2026-02-03 11:00:00+05:30,244.45,245.6,244.3,245.55,370502
2026-02-03 11:15:00+05:30,245.6,248.45,245.55,248.35,753686
2026-02-03 11:30:00+05:30,248.35,249.4,248.35,249.4,599587
2026-02-03 11:45:00+05:30,249.4,250.0,249.2,249.9,430596
2026-02-03 12:00:00+05:30,249.9,250.0,248.9,249.65,462297
2026-02-03 12:15:00+05:30,249.6,249.7,248.25,248.55,632176
2026-02-03 12:30:00+05:30,248.65,249.1,247.75,248.6,370842
2026-02-03 12:45:00+05:30,248.55,248.75,247.85,248.55,333063
2026-02-03 13:00:00+05:30,248.55,249.05,248.3,248.7,342712
2026-02-03 13:15:00+05:30,248.7,249.65,248.65,249.3,458336
2026-02-03 13:30:00+05:30,249.3,249.9,249.05,249.85,300277
2026-02-03 13:45:00+05:30,249.8,250.1,249.55,249.9,320379
2026-02-03 14:00:00+05:30,249.95,250.65,249.9,250.5,369635
2026-02-03 14:15:00+05:30,250.45,250.75,249.8,249.85,662486
2026-02-03 14:30:00+05:30,249.85,250.35,249.8,250.05,412207
2026-02-03 14:45:00+05:30,250.05,251.65,250.05,251.3,955986
2026-02-03 15:00:00+05:30,251.3,251.3,250.6,250.9,1297040
2026-02-03 15:15:00+05:30,250.9,252.2,250.5,250.5,1764012
2026-02-04 09:15:00+05:30,252.1,260.1,252.1,259.75,2994907
2026-02-04 09:30:00+05:30,259.75,261.25,258.05,260.95,2201115
2026-02-04 09:45:00+05:30,261.1,262.2,260.45,261.3,2859833
2026-02-04 10:00:00+05:30,261.35,262.05,260.5,261.85,1355379
2026-02-04 10:15:00+05:30,261.85,262.25,261.45,262.05,946673
2026-02-04 10:30:00+05:30,262.15,262.4,261.45,261.65,560637
2026-02-04 10:45:00+05:30,261.65,262.3,261.65,261.95,482769
2026-02-04 11:00:00+05:30,261.85,262.95,261.85,262.1,1093537
2026-02-04 11:15:00+05:30,262.2,262.75,260.45,260.95,1147046
2026-02-04 11:30:00+05:30,261.05,261.75,260.7,261.3,536733
2026-02-04 11:45:00+05:30,261.35,261.85,260.2,261.4,700124
2026-02-04 12:00:00+05:30,261.35,261.8,260.6,260.75,458195
2026-02-04 12:15:00+05:30,260.8,261.35,260.65,261.25,333497
2026-02-04 12:30:00+05:30,261.15,261.75,260.6,261.15,386457
2026-02-04 12:45:00+05:30,261.25,261.7,260.95,261.35,360409
2026-02-04 13:00:00+05:30,261.35,261.95,261.2,261.75,344014
2026-02-04 13:15:00+05:30,261.75,262.2,260.85,261.35,467934
2026-02-04 13:30:00+05:30,261.3,261.75,261.0,261.6,255311
2026-02-04 13:45:00+05:30,261.4,262.15,261.15,261.95,400666
2026-02-04 14:00:00+05:30,262.05,262.7,261.75,262.5,507607
2026-02-04 14:15:00+05:30,262.6,263.8,262.6,262.8,1194721
2026-02-04 14:30:00+05:30,262.9,263.1,262.15,262.15,694851
2026-02-04 14:45:00+05:30,262.25,262.6,262.1,262.25,755940
2026-02-04 15:00:00+05:30,262.25,262.5,260.75,260.95,1910889
2026-02-04 15:15:00+05:30,260.95,261.05,259.8,259.9,3177027
2026-02-05 09:15:00+05:30,261.85,264.25,259.9,263.2,1667635
2026-02-05 09:30:00+05:30,263.15,264.2,262.0,262.05,840713
2026-02-05 09:45:00+05:30,262.1,262.5,260.9,261.1,526520
2026-02-05 10:00:00+05:30,261.15,262.9,260.3,262.75,585224
2026-02-05 10:15:00+05:30,262.75,262.9,262.25,262.35,354637
2026-02-05 10:30:00+05:30,262.35,262.6,261.85,262.4,276935
2026-02-05 10:45:00+05:30,262.35,262.55,261.9,262.25,236690
2026-02-05 11:00:00+05:30,262.2,262.6,261.9,262.4,210074
2026-02-05 11:15:00+05:30,262.45,262.45,261.95,262.35,169324
2026-02-05 11:30:00+05:30,262.35,263.5,261.4,263.35,634166
2026-02-05 11:45:00+05:30,263.35,263.35,262.4,262.7,224904
2026-02-05 12:00:00+05:30,262.75,263.0,262.25,262.35,335644
2026-02-05 12:15:00+05:30,262.4,262.4,261.6,261.6,321256
2026-02-05 12:30:00+05:30,261.65,262.4,261.45,261.45,463520
2026-02-05 12:45:00+05:30,261.45,261.75,261.1,261.3,214834
2026-02-05 13:00:00+05:30,261.35,261.9,260.85,261.9,454370
2026-02-05 13:15:00+05:30,262.1,263.1,261.95,262.65,533842
2026-02-05 13:30:00+05:30,262.7,263.05,262.2,262.9,665090
2026-02-05 13:45:00+05:30,262.9,263.15,262.55,262.95,653425
2026-02-05 14:00:00+05:30,262.95,263.2,261.15,261.65,990290
2026-02-05 14:15:00+05:30,261.65,262.3,261.45,262.3,648861
2026-02-05 14:30:00+05:30,262.2,262.7,261.9,262.05,822270
2026-02-05 14:45:00+05:30,262.05,262.45,261.85,262.4,802918
2026-02-05 15:00:00+05:30,262.55,263.7,262.4,263.2,1562152
2026-02-05 15:15:00+05:30,263.3,263.3,262.4,262.45,959762
2026-02-06 09:15:00+05:30,261.85,261.85,258.9,259.6,674861
2026-02-06 09:30:00+05:30,259.8,260.0,258.6,259.05,475503
2026-02-06 09:45:00+05:30,259.05,260.4,259.05,260.3,341102
2026-02-06 10:00:00+05:30,260.2,260.4,259.4,259.7,210332
2026-02-06 10:15:00+05:30,259.7,260.15,258.9,258.9,212750
2026-02-06 10:30:00+05:30,258.9,259.4,258.7,259.25,210660
2026-02-06 10:45:00+05:30,259.25,261.6,259.0,261.3,361856
2026-02-06 11:00:00+05:30,261.3,263.75,261.1,261.75,1171814
2026-02-06 11:15:00+05:30,261.85,263.15,261.6,262.2,397043
2026-02-06 11:30:00+05:30,262.2,262.75,261.85,262.5,269946
2026-02-06 11:45:00+05:30,262.5,262.55,261.55,262.45,247702
2026-02-06 12:00:00+05:30,262.45,262.45,260.95,261.65,281073
2026-02-06 12:15:00+05:30,261.6,262.45,261.6,262.05,283788
2026-02-06 12:30:00+05:30,262.05,262.15,260.95,260.95,241332
2026-02-06 12:45:00+05:30,261.05,261.45,260.3,261.25,324189
2026-02-06 13:00:00+05:30,261.25,261.35,260.7,261.1,203767
2026-02-06 13:15:00+05:30,261.15,261.45,260.6,260.75,238625
2026-02-06 13:30:00+05:30,260.75,261.1,260.3,260.6,265240
2026-02-06 13:45:00+05:30,260.6,261.1,260.5,260.8,294413
2026-02-06 14:00:00+05:30,260.8,261.05,260.45,260.9,288607
2026-02-06 14:15:00+05:30,260.9,261.3,260.45,260.6,294700
2026-02-06 14:30:00+05:30,260.6,261.3,260.55,261.15,332030
2026-02-06 14:45:00+05:30,261.1,262.3,260.95,262.15,426751
2026-02-06 15:00:00+05:30,262.15,263.0,262.15,262.9,900571
2026-02-06 15:15:00+05:30,262.85,263.1,261.65,261.85,1001223
2026-02-09 09:15:00+05:30,263.25,264.65,261.5,261.95,1040838
2026-02-09 09:30:00+05:30,261.95,262.25,260.55,261.4,493330
2026-02-09 09:45:00+05:30,261.25,261.85,260.1,260.35,307899
2026-02-09 10:00:00+05:30,260.35,260.35,259.65,259.9,256586
2026-02-09 10:15:00+05:30,259.9,260.75,259.7,260.65,348026
2026-02-09 10:30:00+05:30,260.65,261.5,260.05,261.45,374984
2026-02-09 10:45:00+05:30,261.45,261.45,260.6,261.4,180919
2026-02-09 11:00:00+05:30,261.35,262.25,261.35,261.45,288946
2026-02-09 11:15:00+05:30,261.45,262.0,261.2,261.85,165193
2026-02-09 11:30:00+05:30,261.85,261.85,261.15,261.5,247282
2026-02-09 11:45:00+05:30,261.5,262.15,261.1,261.55,316691
2026-02-09 12:00:00+05:30,261.55,261.75,261.1,261.25,196589
2026-02-09 12:15:00+05:30,261.3,262.3,260.9,261.85,340748
2026-02-09 12:30:00+05:30,261.85,262.25,261.85,261.95,234599
2026-02-09 12:45:00+05:30,261.95,262.05,261.75,261.95,279359
2026-02-09 13:00:00+05:30,262.0,262.9,261.85,262.6,506068
2026-02-09 13:15:00+05:30,262.6,262.8,260.85,261.05,474136
2026-02-09 13:30:00+05:30,261.05,261.3,260.75,260.9,340260
2026-02-09 13:45:00+05:30,260.9,261.3,260.25,260.25,870069
2026-02-09 14:00:00+05:30,260.35,260.45,260.1,260.3,270829
2026-02-09 14:15:00+05:30,260.3,260.6,260.15,260.25,333181
2026-02-09 14:30:00+05:30,260.35,260.55,259.9,259.95,483397
2026-02-09 14:45:00+05:30,260.0,260.3,259.7,260.25,545604
2026-02-09 15:00:00+05:30,260.4,260.75,260.1,260.25,746529
2026-02-09 15:15:00+05:30,260.3,260.9,260.1,260.55,1104595
2026-02-10 09:15:00+05:30,261.1,264.65,260.85,263.55,1573037
2026-02-10 09:30:00+05:30,263.45,265.0,263.15,263.95,890158
2026-02-10 09:45:00+05:30,263.9,264.35,263.45,264.05,393073
2026-02-10 10:00:00+05:30,264.05,264.1,263.2,263.75,352219
2026-02-10 10:15:00+05:30,263.75,264.3,263.75,264.0,244037
2026-02-10 10:30:00+05:30,263.9,264.05,263.45,263.75,175087
2026-02-10 10:45:00+05:30,263.7,263.9,263.0,263.0,235152
2026-02-10 11:00:00+05:30,263.1,263.5,262.6,263.5,326679
2026-02-10 11:15:00+05:30,263.5,263.55,263.05,263.45,221613
2026-02-10 11:30:00+05:30,263.45,263.45,262.95,263.4,202092
2026-02-10 11:45:00+05:30,263.4,263.4,262.7,262.9,243288
2026-02-10 12:00:00+05:30,262.9,262.95,262.5,262.55,198649
2026-02-10 12:15:00+05:30,262.7,262.95,262.5,262.75,191958
2026-02-10 12:30:00+05:30,262.65,263.5,262.65,263.1,247416
2026-02-10 12:45:00+05:30,263.15,263.9,263.05,263.7,304769
2026-02-10 13:00:00+05:30,263.7,263.8,263.35,263.7,146559
2026-02-10 13:15:00+05:30,263.7,263.75,262.8,262.95,288317
2026-02-10 13:30:00+05:30,262.95,263.15,262.65,262.95,156441
2026-02-10 13:45:00+05:30,262.95,263.75,262.95,263.55,198439
2026-02-10 14:00:00+05:30,263.5,263.6,262.55,263.35,366277
2026-02-10 14:15:00+05:30,263.35,263.9,263.25,263.35,404412
2026-02-10 14:30:00+05:30,263.35,264.2,263.2,264.1,441736
2026-02-10 14:45:00+05:30,264.15,265.45,264.1,264.75,1147369
2026-02-10 15:00:00+05:30,265.0,266.75,265.0,265.95,2680735
2026-02-10 15:15:00+05:30,265.95,266.0,265.0,265.35,1260193
2026-02-11 09:15:00+05:30,266.05,266.05,261.1,262.0,1278960
2026-02-11 09:30:00+05:30,262.1,262.25,260.25,261.2,932551
2026-02-11 09:45:00+05:30,261.25,261.5,260.35,260.9,409636
2026-02-11 10:00:00+05:30,260.95,261.8,260.55,261.1,495379
2026-02-11 10:15:00+05:30,261.1,262.5,260.65,262.4,700662
2026-02-11 10:30:00+05:30,262.4,263.2,262.25,262.9,392991
2026-02-11 10:45:00+05:30,263.0,263.55,262.8,263.1,377314
2026-02-11 11:00:00+05:30,263.15,263.3,262.65,262.9,349967
2026-02-11 11:15:00+05:30,263.0,263.3,262.8,263.25,188607
2026-02-11 11:30:00+05:30,263.25,263.9,263.05,263.45,309968
2026-02-11 11:45:00+05:30,263.45,264.1,263.4,263.7,370450
2026-02-11 12:00:00+05:30,263.75,264.1,262.95,263.05,292325
2026-02-11 12:15:00+05:30,263.1,263.4,262.9,263.35,188898
2026-02-11 12:30:00+05:30,263.35,263.45,261.95,262.05,365655
2026-02-11 12:45:00+05:30,261.95,262.35,261.65,262.0,375152
2026-02-11 13:00:00+05:30,261.9,262.3,261.85,262.25,486550
2026-02-11 13:15:00+05:30,262.45,262.8,262.05,262.7,257786
2026-02-11 13:30:00+05:30,262.7,262.8,262.45,262.7,157535
2026-02-11 13:45:00+05:30,262.75,262.8,262.35,262.55,173310
2026-02-11 14:00:00+05:30,262.5,262.9,262.3,262.8,278152
2026-02-11 14:15:00+05:30,262.8,265.75,262.75,265.3,977823
2026-02-11 14:30:00+05:30,265.4,267.6,264.9,267.45,2013088
2026-02-11 14:45:00+05:30,267.45,268.7,267.05,268.3,2486794
2026-02-11 15:00:00+05:30,268.45,268.8,268.1,268.6,2686524
2026-02-11 15:15:00+05:30,268.55,268.6,267.65,268.35,1712985
2026-02-12 09:15:00+05:30,269.65,273.85,269.65,270.05,5460876
2026-02-12 09:30:00+05:30,270.05,270.5,268.8,270.35,1468960
2026-02-12 09:45:00+05:30,270.3,270.75,269.8,270.2,817724
2026-02-12 10:00:00+05:30,270.35,272.55,269.95,271.25,1071893
2026-02-12 10:15:00+05:30,271.2,271.4,270.15,270.6,533587
2026-02-12 10:30:00+05:30,270.65,272.0,270.65,271.6,579776
2026-02-12 10:45:00+05:30,271.7,272.45,271.55,272.0,797527
2026-02-12 11:00:00+05:30,272.0,272.45,270.8,271.5,869128
2026-02-12 11:15:00+05:30,271.45,271.8,270.25,271.1,514622
2026-02-12 11:30:00+05:30,271.15,271.3,268.8,268.8,748900
2026-02-12 11:45:00+05:30,268.8,269.6,268.7,268.85,635565
2026-02-12 12:00:00+05:30,268.85,269.45,268.4,269.0,794669
2026-02-12 12:15:00+05:30,269.0,270.3,268.95,270.1,565985
2026-02-12 12:30:00+05:30,270.05,270.15,269.4,269.8,382565
2026-02-12 12:45:00+05:30,269.85,270.05,268.95,269.15,340519
2026-02-12 13:00:00+05:30,269.15,269.85,268.8,268.95,854319
2026-02-12 13:15:00+05:30,269.0,269.7,268.85,269.15,370455
2026-02-12 13:30:00+05:30,269.25,269.4,268.8,269.15,283520
2026-02-12 13:45:00+05:30,269.15,269.5,268.7,269.35,481600
2026-02-12 14:00:00+05:30,269.4,269.45,268.7,268.95,446880
2026-02-12 14:15:00+05:30,268.95,269.6,268.8,269.35,467979
2026-02-12 14:30:00+05:30,269.2,269.6,268.7,268.7,404618
2026-02-12 14:45:00+05:30,268.7,269.25,267.15,269.05,973613
2026-02-12 15:00:00+05:30,269.15,270.05,269.05,270.05,910814
2026-02-12 15:15:00+05:30,270.0,270.8,269.65,269.65,1443855
2026-02-13 09:15:00+05:30,263.8,265.1,260.35,262.1,4069760
2026-02-13 09:30:00+05:30,262.05,262.85,260.2,262.0,1432215
2026-02-13 09:45:00+05:30,261.95,262.0,261.0,261.4,476001
2026-02-13 10:00:00+05:30,261.4,261.4,260.5,260.75,431763
2026-02-13 10:15:00+05:30,260.75,261.85,259.9,261.45,587365
2026-02-13 10:30:00+05:30,261.45,263.4,261.15,262.7,607791
2026-02-13 10:45:00+05:30,262.7,262.75,262.25,262.5,357436
2026-02-13 11:00:00+05:30,262.5,263.25,262.05,262.4,354851
2026-02-13 11:15:00+05:30,262.4,262.4,261.05,261.2,342671
2026-02-13 11:30:00+05:30,261.2,261.5,261.0,261.25,307223
2026-02-13 11:45:00+05:30,261.25,262.75,261.1,262.1,508599
2026-02-13 12:00:00+05:30,262.1,262.75,261.95,262.3,361839
2026-02-13 12:15:00+05:30,262.3,262.35,261.45,261.85,503580
2026-02-13 12:30:00+05:30,261.9,263.25,261.8,262.45,652339
2026-02-13 12:45:00+05:30,262.6,263.05,262.15,262.75,376542
2026-02-13 13:00:00+05:30,262.75,263.1,262.4,263.0,379587
2026-02-13 13:15:00+05:30,263.1,263.1,261.9,262.05,378205
2026-02-13 13:30:00+05:30,262.05,263.15,261.85,262.5,664246
2026-02-13 13:45:00+05:30,262.5,262.5,260.9,261.15,878730
2026-02-13 14:00:00+05:30,261.25,261.85,261.05,261.65,996179
2026-02-13 14:15:00+05:30,261.7,261.85,261.05,261.3,510033
2026-02-13 14:30:00+05:30,261.3,261.45,260.85,260.95,636372
2026-02-13 14:45:00+05:30,260.95,262.0,260.6,261.7,1015802
2026-02-13 15:00:00+05:30,262.0,262.05,260.75,261.0,1280201
2026-02-13 15:15:00+05:30,261.0,261.7,260.9,261.35,1962243
2026-02-16 09:15:00+05:30,261.5,263.85,259.55,263.2,1606755
2026-02-16 09:30:00+05:30,263.35,264.15,262.8,263.8,686811
2026-02-16 09:45:00+05:30,263.75,265.2,263.1,264.9,905038
2026-02-16 10:00:00+05:30,264.95,265.95,264.75,264.9,619218
2026-02-16 10:15:00+05:30,264.8,265.15,264.55,264.65,235048
2026-02-16 10:30:00+05:30,264.65,265.6,264.65,265.25,411610
2026-02-16 10:45:00+05:30,265.25,265.5,264.0,264.2,458666
2026-02-16 11:00:00+05:30,264.2,265.0,264.15,264.65,256800
2026-02-16 11:15:00+05:30,264.8,265.3,264.65,264.9,276564
2026-02-16 11:30:00+05:30,264.95,265.0,264.6,264.6,169390
2026-02-16 11:45:00+05:30,264.65,264.75,264.05,264.55,262063
2026-02-16 12:00:00+05:30,264.55,264.75,264.2,264.2,229469
2026-02-16 12:15:00+05:30,264.35,264.75,264.2,264.45,274564
2026-02-16 12:30:00+05:30,264.55,265.15,264.4,264.85,623303
2026-02-16 12:45:00+05:30,265.0,265.0,264.55,264.8,341509
2026-02-16 13:00:00+05:30,264.8,265.2,264.65,264.95,528540
2026-02-16 13:15:00+05:30,264.95,265.3,264.8,265.15,593614
2026-02-16 13:30:00+05:30,265.3,265.5,264.9,265.25,696103
2026-02-16 13:45:00+05:30,265.25,265.6,265.1,265.25,454303
2026-02-16 14:00:00+05:30,265.25,265.4,264.75,265.0,307332
2026-02-16 14:15:00+05:30,265.0,265.25,264.65,265.05,305557
2026-02-16 14:30:00+05:30,265.05,265.95,264.95,265.35,578177
2026-02-16 14:45:00+05:30,265.35,265.65,265.1,265.45,460924
2026-02-16 15:00:00+05:30,265.45,265.75,265.15,265.35,568724
2026-02-16 15:15:00+05:30,265.35,265.55,265.05,265.25,1038926
2026-02-17 09:15:00+05:30,266.7,266.7,263.3,263.35,1423523
2026-02-17 09:30:00+05:30,263.3,264.2,262.85,263.85,693286
2026-02-17 09:45:00+05:30,263.75,264.0,263.55,263.7,515694
2026-02-17 10:00:00+05:30,263.7,263.95,263.6,263.8,547687
2026-02-17 10:15:00+05:30,263.8,264.55,263.65,264.3,366100
2026-02-17 10:30:00+05:30,264.35,264.4,263.1,263.3,343327
2026-02-17 10:45:00+05:30,263.3,263.3,262.25,262.45,858724
2026-02-17 11:00:00+05:30,262.45,263.0,261.95,263.0,990043
2026-02-17 11:15:00+05:30,262.95,263.35,262.65,262.7,241382
2026-02-17 11:30:00+05:30,262.7,263.1,262.4,262.95,254915
2026-02-17 11:45:00+05:30,262.95,263.25,262.8,263.1,302467
2026-02-17 12:00:00+05:30,263.1,263.4,262.95,263.3,361127
2026-02-17 12:15:00+05:30,263.3,264.4,263.3,264.0,2143987
2026-02-17 12:30:00+05:30,264.0,264.85,263.95,264.75,3792173
2026-02-17 12:45:00+05:30,264.75,265.45,264.45,264.95,1169273
2026-02-17 13:00:00+05:30,264.95,266.0,264.8,265.25,1194292
2026-02-17 13:15:00+05:30,265.2,265.4,264.5,265.25,292358
2026-02-17 13:30:00+05:30,265.2,265.5,264.8,264.8,282393
2026-02-17 13:45:00+05:30,265.0,265.0,264.15,264.4,323485
2026-02-17 14:00:00+05:30,264.4,264.85,264.1,264.1,419387
2026-02-17 14:15:00+05:30,264.1,265.0,264.1,264.7,337140
2026-02-17 14:30:00+05:30,264.7,265.7,264.55,265.15,836600
2026-02-17 14:45:00+05:30,265.15,265.7,264.9,265.55,618093
2026-02-17 15:00:00+05:30,265.55,266.0,265.5,265.95,824915
2026-02-17 15:15:00+05:30,265.85,265.95,265.35,265.6,1990943
2026-02-18 09:15:00+05:30,265.0,266.1,262.55,264.0,2202962
2026-02-18 09:30:00+05:30,263.9,264.75,263.55,264.7,555738
2026-02-18 09:45:00+05:30,264.7,264.8,263.9,264.15,317103
2026-02-18 10:00:00+05:30,264.05,264.45,263.6,264.2,389857
2026-02-18 10:15:00+05:30,264.2,264.45,264.0,264.15,182189
2026-02-18 10:30:00+05:30,264.15,264.7,263.25,263.95,546857
2026-02-18 10:45:00+05:30,263.9,264.5,263.8,264.1,244858
2026-02-18 11:00:00+05:30,264.1,264.3,263.8,263.95,172322
2026-02-18 11:15:00+05:30,264.0,264.0,263.3,263.4,432389
2026-02-18 11:30:00+05:30,263.4,263.5,263.05,263.3,311408
2026-02-18 11:45:00+05:30,263.15,263.4,263.0,263.35,324096
2026-02-18 12:00:00+05:30,263.35,263.5,263.15,263.45,325327
2026-02-18 12:15:00+05:30,263.45,263.5,263.25,263.45,202668
2026-02-18 12:30:00+05:30,263.45,264.0,263.3,263.65,376646
2026-02-18 12:45:00+05:30,263.7,264.1,263.5,264.1,228095
2026-02-18 13:00:00+05:30,264.1,264.4,264.0,264.15,260499
2026-02-18 13:15:00+05:30,264.15,264.25,263.7,264.15,454701
2026-02-18 13:30:00+05:30,264.15,264.2,263.8,264.0,582332
2026-02-18 13:45:00+05:30,263.95,264.45,263.9,264.45,502497
2026-02-18 14:00:00+05:30,264.45,265.15,264.3,265.0,514777
2026-02-18 14:15:00+05:30,265.0,265.35,264.6,264.75,314835
2026-02-18 14:30:00+05:30,264.7,265.0,264.25,264.3,279696
2026-02-18 14:45:00+05:30,264.3,264.55,264.1,264.35,264682
2026-02-18 15:00:00+05:30,264.35,264.8,264.35,264.5,589263
2026-02-18 15:15:00+05:30,264.5,264.8,264.4,264.8,874864
2026-02-19 09:15:00+05:30,270.3,272.3,268.3,270.0,3838688
2026-02-19 09:30:00+05:30,270.05,270.5,269.45,269.9,1091397
2026-02-19 09:45:00+05:30,269.9,269.95,268.9,269.25,833339
2026-02-19 10:00:00+05:30,269.3,269.3,268.0,268.15,776517
2026-02-19 10:15:00+05:30,268.15,269.05,268.05,268.75,835653
2026-02-19 10:30:00+05:30,268.75,268.9,267.85,268.75,749106
2026-02-19 10:45:00+05:30,268.5,269.65,268.5,269.3,636579
2026-02-19 11:00:00+05:30,269.3,270.55,268.65,270.35,1625630
2026-02-19 11:15:00+05:30,270.35,270.95,270.0,270.15,782079
2026-02-19 11:30:00+05:30,270.15,270.7,270.1,270.15,403013
2026-02-19 11:45:00+05:30,270.15,270.4,270.0,270.3,458612
2026-02-19 12:00:00+05:30,270.3,270.3,270.0,270.05,1159569
2026-02-19 12:15:00+05:30,270.15,270.9,270.0,270.7,1003065
2026-02-19 12:30:00+05:30,270.6,271.0,270.2,270.95,474097
2026-02-19 12:45:00+05:30,270.95,271.7,270.65,271.7,1045640
2026-02-19 13:00:00+05:30,271.7,272.8,271.35,272.75,1495247
2026-02-19 13:15:00+05:30,272.7,274.25,272.5,273.95,2082947
2026-02-19 13:30:00+05:30,273.85,274.5,272.9,273.95,1646512
2026-02-19 13:45:00+05:30,273.85,274.75,273.45,274.55,1537605
2026-02-19 14:00:00+05:30,274.55,275.95,274.55,275.4,2126863
2026-02-19 14:15:00+05:30,275.45,276.45,274.9,275.4,2074649
2026-02-19 14:30:00+05:30,275.4,276.35,275.1,275.4,2242529
2026-02-19 14:45:00+05:30,275.4,275.75,274.85,275.2,1269546
2026-02-19 15:00:00+05:30,275.2,275.35,273.8,274.85,2846925
2026-02-19 15:15:00+05:30,274.85,275.2,273.6,274.25,2786830
2026-02-20 09:15:00+05:30,277.4,279.35,276.7,277.65,3920825
2026-02-20 09:30:00+05:30,277.85,280.8,277.8,278.4,3936622
2026-02-20 09:45:00+05:30,278.6,279.7,278.35,278.65,1139622
2026-02-20 10:00:00+05:30,278.7,278.95,277.15,278.15,2706720
2026-02-20 10:15:00+05:30,278.15,278.5,277.3,277.55,671285
2026-02-20 10:30:00+05:30,277.5,278.15,277.0,278.0,739675
2026-02-20 10:45:00+05:30,278.1,278.8,277.75,278.65,531040
2026-02-20 11:00:00+05:30,278.65,278.75,278.0,278.05,383212
2026-02-20 11:15:00+05:30,278.05,279.05,277.7,278.75,570943
2026-02-20 11:30:00+05:30,278.65,278.95,278.55,278.9,260786
2026-02-20 11:45:00+05:30,278.85,279.3,278.05,278.05,491105
2026-02-20 12:00:00+05:30,278.05,278.65,277.75,278.15,412958
2026-02-20 12:15:00+05:30,278.15,278.3,277.7,277.75,264051
2026-02-20 12:30:00+05:30,277.6,277.7,276.55,276.6,532745
2026-02-20 12:45:00+05:30,276.65,276.65,274.7,275.05,889382
2026-02-20 13:00:00+05:30,275.1,275.5,274.35,275.15,527564
2026-02-20 13:15:00+05:30,275.15,275.6,275.0,275.2,557762
2026-02-20 13:30:00+05:30,275.2,276.0,275.0,276.0,462618
2026-02-20 13:45:00+05:30,276.0,276.95,275.7,276.75,497059
2026-02-20 14:00:00+05:30,276.9,277.0,275.85,276.1,551106
2026-02-20 14:15:00+05:30,276.25,276.35,275.35,275.9,767495
2026-02-20 14:30:00+05:30,275.95,276.6,275.45,276.25,464372
2026-02-20 14:45:00+05:30,276.4,277.3,276.0,277.2,556671
2026-02-20 15:00:00+05:30,277.35,279.1,277.35,279.0,3331025
2026-02-20 15:15:00+05:30,279.0,279.1,278.0,278.3,2720684
2026-02-23 09:15:00+05:30,279.9,279.9,272.4,273.25,1687288
2026-02-23 09:30:00+05:30,273.45,273.45,272.3,272.7,774608
2026-02-23 09:45:00+05:30,272.7,273.85,272.25,273.65,847966
2026-02-23 10:00:00+05:30,273.65,274.35,273.4,273.8,520768
2026-02-23 10:15:00+05:30,273.8,274.2,273.0,273.25,407535
2026-02-23 10:30:00+05:30,273.35,273.4,272.5,272.65,411474
2026-02-23 10:45:00+05:30,272.6,273.35,272.2,273.15,442485
2026-02-23 11:00:00+05:30,273.15,273.9,272.9,273.8,291393
2026-02-23 11:15:00+05:30,273.8,274.0,273.0,273.4,257474
2026-02-23 11:30:00+05:30,273.35,273.4,273.05,273.4,161027
2026-02-23 11:45:00+05:30,273.4,273.5,272.65,272.7,207133
2026-02-23 12:00:00+05:30,272.8,273.05,272.5,272.7,198388
2026-02-23 12:15:00+05:30,272.7,273.0,272.5,272.65,273521
2026-02-23 12:30:00+05:30,272.65,273.45,272.5,273.4,255288
2026-02-23 12:45:00+05:30,273.45,273.6,272.7,272.85,339541
2026-02-23 13:00:00+05:30,272.85,273.2,272.6,272.65,205488
2026-02-23 13:15:00+05:30,272.7,273.1,272.5,272.95,216507
2026-02-23 13:30:00+05:30,272.95,273.8,272.85,273.65,398641
2026-02-23 13:45:00+05:30,273.65,274.0,273.4,273.8,407075
2026-02-23 14:00:00+05:30,273.8,273.95,273.05,273.8,340938
2026-02-23 14:15:00+05:30,273.8,274.45,273.5,274.45,598260
2026-02-23 14:30:00+05:30,274.45,274.65,273.55,273.65,582621
2026-02-23 14:45:00+05:30,273.75,275.05,273.6,274.8,835138
2026-02-23 15:00:00+05:30,274.8,275.85,274.8,275.8,1222540
2026-02-23 15:15:00+05:30,275.8,276.2,275.5,276.1,1115602
2026-02-24 09:15:00+05:30,275.65,278.15,274.4,277.3,1305297
2026-02-24 09:30:00+05:30,277.35,277.75,275.6,275.75,686821
2026-02-24 09:45:00+05:30,275.8,275.9,274.2,274.35,722001
2026-02-24 10:00:00+05:30,274.4,274.4,273.6,273.75,820586
2026-02-24 10:15:00+05:30,273.75,274.0,273.3,273.45,599022
2026-02-24 10:30:00+05:30,273.5,274.6,273.4,274.1,481228
2026-02-24 10:45:00+05:30,274.1,274.8,274.0,274.55,364419
2026-02-24 11:00:00+05:30,274.55,275.5,274.55,275.35,653699
2026-02-24 11:15:00+05:30,275.35,275.6,275.0,275.1,156862
